Assembly Accession	Assembly Name	Organism Name	Organism Infraspecific Names Breed	Organism Infraspecific Names Strain	Organism Infraspecific Names Cultivar	Organism Infraspecific Names Ecotype	Organism Infraspecific Names Isolate	Organism Infraspecific Names Sex	Assembly BioProject Accession	Assembly BioSample Accession
GCA_900475945.1	48290_E02	Pseudomonas mucidolens		NCTC8068					PRJEB6403	SAMEA4040591
GCF_900475945.1	48290_E02	Pseudomonas mucidolens		NCTC8068					PRJEB6403	SAMEA4040591
GCA_014268695.2	ASM1426869v2	Pseudomonas ogarae		SWRI108					PRJNA639797	SAMN15248336
GCF_014268695.2	ASM1426869v2	Pseudomonas ogarae		SWRI108					PRJNA639797	SAMN15248336
GCA_001654515.1	ASM165451v1	Pseudomonas koreensis		CRS05-R5					PRJNA322127	SAMN05017671
GCF_001654515.1	ASM165451v1	Pseudomonas koreensis		CRS05-R5					PRJNA322127	SAMN05017671
GCA_002028325.1	ASM202832v1	Pseudomonas veronii		R02					PRJNA355625	SAMN06076152
GCF_002028325.1	ASM202832v1	Pseudomonas veronii		R02					PRJNA355625	SAMN06076152
GCA_034011435.1	ASM3401143v1	Pseudomonas marginalis		PS92					PRJNA956831	SAMN34316553
GCF_034011435.1	ASM3401143v1	Pseudomonas marginalis		PS92					PRJNA956831	SAMN34316553
GCA_001708425.1	ASM170842v1	Pseudomonas corrugata		RM1-1-4					PRJNA309490	SAMN04453325
GCF_001708425.1	ASM170842v1	Pseudomonas corrugata		RM1-1-4					PRJNA309490	SAMN04453325
GCA_003851555.1	ASM385155v1	Pseudomonas synxantha		R6-28-08					PRJNA433211	SAMN08359174
GCF_003851555.1	ASM385155v1	Pseudomonas synxantha		R6-28-08					PRJNA433211	SAMN08359174
GCA_000336465.1	ASM33646v1	Pseudomonas poae RE*1-1-14		RE*1-1-14					PRJNA186492	SAMN02603296
GCF_000336465.1	ASM33646v1	Pseudomonas poae RE*1-1-14		RE*1-1-14					PRJNA186492	SAMN02603296
GCA_013285305.1	ASM1328530v1	Pseudomonas rhodesiae		NL2019					PRJNA635762	SAMN15052423
GCF_013285305.1	ASM1328530v1	Pseudomonas rhodesiae		NL2019					PRJNA635762	SAMN15052423
GCA_030370465.1	ASM3037046v1	Pseudomonas brenneri		K5-sn1400					PRJNA947917	SAMN33900386
GCF_030370465.1	ASM3037046v1	Pseudomonas brenneri		K5-sn1400					PRJNA947917	SAMN33900386
GCA_024584605.1	ASM2458460v1	Pseudomonas extremorientalis		1502IPR-01					PRJNA788188	SAMN23929711
GCF_024584605.1	ASM2458460v1	Pseudomonas extremorientalis		1502IPR-01					PRJNA788188	SAMN23929711
GCA_003852045.1	ASM385204v1	Pseudomonas orientalis		8B					PRJNA433211	SAMN08359171
GCF_003852045.1	ASM385204v1	Pseudomonas orientalis		8B					PRJNA433211	SAMN08359171
GCA_036864995.1	ASM3686499v1	Pseudomonas trivialis		P_trivialis_W04_8					PRJNA951732	SAMN34055366
GCF_036864995.1	ASM3686499v1	Pseudomonas trivialis		P_trivialis_W04_8					PRJNA951732	SAMN34055366
GCA_900215245.1	IMG-taxon 2617270901 annotated assembly	Pseudomonas fluorescens		ATCC 13525					PRJEB22404	SAMN04488487
GCF_900215245.1	IMG-taxon 2617270901 annotated assembly	Pseudomonas fluorescens		ATCC 13525					PRJEB22404	SAMN04488487
GCA_900103345.1	IMG-taxon 2636416017 annotated assembly	Pseudomonas azotoformans		LMG 21611					PRJEB16206	SAMN04489799
GCF_900103345.1	IMG-taxon 2636416017 annotated assembly	Pseudomonas azotoformans		LMG 21611					PRJEB16206	SAMN04489799
GCA_900106065.1	IMG-taxon 2636416004 annotated assembly	Pseudomonas mandelii		LMG 21607					PRJEB16502	SAMN04489801
GCF_900106065.1	IMG-taxon 2636416004 annotated assembly	Pseudomonas mandelii		LMG 21607					PRJEB16502	SAMN04489801
GCA_900106005.1	IMG-taxon 2675902957 annotated assembly	Pseudomonas mediterranea		DSM 16733					PRJEB16456	SAMN05216476
GCF_900106005.1	IMG-taxon 2675902957 annotated assembly	Pseudomonas mediterranea		DSM 16733					PRJEB16456	SAMN05216476
GCA_900105485.1	IMG-taxon 2667527397 annotated assembly	Pseudomonas granadensis		LMG 27940					PRJEB16372	SAMN05216579
GCF_900105485.1	IMG-taxon 2667527397 annotated assembly	Pseudomonas granadensis		LMG 27940					PRJEB16372	SAMN05216579
GCA_900104915.1	IMG-taxon 2636416193 annotated assembly	Pseudomonas cedrina		BS2981					PRJEB16405	SAMN04490182
GCF_900104915.1	IMG-taxon 2636416193 annotated assembly	Pseudomonas cedrina		LMG 23661					PRJEB16405	SAMN04490182
GCA_002813445.1	ASM281344v1	Pseudomonas tolaasii NCPPB 2192		NCPPB 2192					PRJNA303528	SAMN04488246
GCF_002813445.1	ASM281344v1	Pseudomonas tolaasii NCPPB 2192		NCPPB 2192					PRJNA303528	SAMN04488246
GCA_036283065.1	ASM3628306v1	Pseudomonas moraviensis subsp. stanleyae		#71					PRJNA602998	SAMN13915852
GCF_036283065.1	ASM3628306v1	Pseudomonas moraviensis subsp. stanleyae		#71					PRJNA602998	SAMN13915852
GCA_024169545.1	ASM2416954v1	Pseudomonas migulae		CFML 95-321					PRJNA709541	SAMN18244814
GCF_024169545.1	ASM2416954v1	Pseudomonas migulae		CFML 95-321					PRJNA709541	SAMN18244814
GCA_002813455.1	ASM281345v1	Pseudomonas baetica		LMG 25716					PRJNA303516	SAMN04488362
GCF_002813455.1	ASM281345v1	Pseudomonas baetica		LMG 25716					PRJNA303516	SAMN04488362
GCA_900103225.1	IMG-taxon 2663762773 annotated assembly	Pseudomonas congelans		DSM 14939					PRJEB16279	SAMN05216596
GCF_900103225.1	IMG-taxon 2663762773 annotated assembly	Pseudomonas congelans		DSM 14939					PRJEB16279	SAMN05216596
GCA_001439685.1	G8685	Pseudomonas libanensis		DSM 17149					PRJNA274345	SAMN03328793
GCF_001439685.1	G8685	Pseudomonas libanensis		DSM 17149					PRJNA274345	SAMN03328793
GCA_018336155.1	ASM1833615v1	Pseudomonas rustica		MBT-4					PRJNA656947	SAMN18880036
GCF_018336155.1	ASM1833615v1	Pseudomonas rustica		MBT-4					PRJNA656947	SAMN18880036
GCA_021602345.1	ASM2160234v1	Pseudomonas pharyngis		BML-PP036					PRJDB10089	SAMD00422629
GCF_021602345.1	ASM2160234v1	Pseudomonas pharyngis		BML-PP036					PRJDB10089	SAMD00422629
GCA_021602155.1	ASM2160215v1	Pseudomonas parakoreensis		BML-PP030					PRJDB10089	SAMD00422624
GCF_021602155.1	ASM2160215v1	Pseudomonas parakoreensis		BML-PP030					PRJDB10089	SAMD00422624
GCA_015461835.1	ASM1546183v1	Pseudomonas neuropathica		P155					PRJNA657838	SAMN15848192
GCF_015461835.1	ASM1546183v1	Pseudomonas neuropathica		P155					PRJNA657838	SAMN15848192
GCA_021601625.1	ASM2160162v1	Pseudomonas paraglycinae		BML-PP023					PRJDB10089	SAMD00422617
GCF_021601625.1	ASM2160162v1	Pseudomonas paraglycinae		BML-PP023					PRJDB10089	SAMD00422617
GCA_021603585.1	ASM2160358v1	Pseudomonas sputi		BML-PP014					PRJDB10089	SAMD00422608
GCF_021603585.1	ASM2160358v1	Pseudomonas sputi		BML-PP014					PRJDB10089	SAMD00422608
GCA_013433315.1	ASM1343331v1	Pseudomonas crudilactis		UCMA 17988					PRJNA599703	SAMN13762321
GCF_013433315.1	ASM1343331v1	Pseudomonas crudilactis		UCMA 17988					PRJNA599703	SAMN13762321
GCA_011369485.1	ASM1136948v1	Pseudomonas atagonensis		PS14					PRJNA565185	SAMN12736367
GCF_011369485.1	ASM1136948v1	Pseudomonas atagonensis		PS14					PRJNA565185	SAMN12736367
GCA_015163715.1	ASM1516371v1	Pseudomonas cyclaminis		MAFF 301449					PRJNA670593	SAMN16513463
GCF_015163715.1	ASM1516371v1	Pseudomonas cyclaminis		MAFF 301449					PRJNA670593	SAMN16513463
GCA_900101185.1	IMG-taxon 2636416191 annotated assembly	Pseudomonas gessardii		BS2982					PRJEB16048	SAMN04490207
GCF_900101185.1	IMG-taxon 2636416191 annotated assembly	Pseudomonas gessardii		LMG 21604					PRJEB16048	SAMN04490207
GCA_900105955.1	IMG-taxon 2639763197 annotated assembly	Pseudomonas proteolytica		BS2985					PRJEB16476	SAMN04490200
GCF_900105955.1	IMG-taxon 2639763197 annotated assembly	Pseudomonas proteolytica		LMG 22710					PRJEB16476	SAMN04490200
GCA_900105935.1	IMG-taxon 2645728113 annotated assembly	Pseudomonas costantinii		BS2773					PRJEB16477	SAMN04515675
GCF_900105935.1	IMG-taxon 2645728113 annotated assembly	Pseudomonas costantinii		LMG 22119					PRJEB16477	SAMN04515675
GCA_023241665.1	ASM2324166v1	Pseudomonas morbosilactucae		MAFF 302046					PRJNA832010	SAMN27770902
GCF_023241665.1	ASM2324166v1	Pseudomonas morbosilactucae		MAFF 302046					PRJNA832010	SAMN27770902
GCA_021166595.1	ASM2116659v1	Pseudomonas petroselini		MAFF 311096					PRJNA785391	SAMN23560443
GCF_021166595.1	ASM2116659v1	Pseudomonas petroselini		MAFF 311096					PRJNA785391	SAMN23560443
GCA_900475215.1	42727_B01	Pseudomonas fluorescens		NCTC10038					PRJEB6403	SAMEA3649026
GCF_900475215.1	42727_B01	Pseudomonas fluorescens		NCTC10038					PRJEB6403	SAMEA3649026
GCA_901482615.1	45076_A01	Pseudomonas synxantha		NCTC10696					PRJEB6403	SAMEA4537265
GCF_901482615.1	45076_A01	Pseudomonas synxantha		NCTC10696					PRJEB6403	SAMEA4537265
GCA_000237065.1	ASM23706v1	Pseudomonas ogarae		F113					PRJNA76715	SAMN02604099
GCF_000237065.1	ASM23706v1	Pseudomonas ogarae		F113					PRJNA76715	SAMN02604099
GCA_001307275.1	ASM130727v1	Pseudomonas fluorescens		FW300-N2C3					PRJNA295937	SAMN04094107
GCF_001307275.1	ASM130727v1	Pseudomonas fluorescens		FW300-N2C3					PRJNA295937	SAMN04094107
GCA_015074865.1	ASM1507486v1	Pseudomonas fluorescens		KF1					PRJNA669298	SAMN16450755
GCF_015074865.1	ASM1507486v1	Pseudomonas fluorescens		KF1					PRJNA669298	SAMN16450755
GCA_040448305.1	ASM4044830v1	Pseudomonas fluorescens		AB1					PRJNA1085646	SAMN40310767
GCF_040448305.1	ASM4044830v1	Pseudomonas fluorescens		AB1					PRJNA1085646	SAMN40310767
GCA_038447645.1	ASM3844764v1	Pseudomonas fluorescens		IMGN2					PRJNA1091830	SAMN40613482
GCF_038447645.1	ASM3844764v1	Pseudomonas fluorescens		IMGN2					PRJNA1091830	SAMN40613482
GCA_001708445.1	ASM170844v1	Pseudomonas fluorescens		L321					PRJNA320923	SAMN04992557
GCF_001708445.1	ASM170844v1	Pseudomonas fluorescens		L321					PRJNA320923	SAMN04992557
GCA_002865505.1	ASM286550v1	Pseudomonas fluorescens		2P24					PRJNA427257	SAMN08225789
GCF_002865505.1	ASM286550v1	Pseudomonas fluorescens		2P24					PRJNA427257	SAMN08225789
GCA_001708465.1	ASM170846v1	Pseudomonas fluorescens		L111					PRJNA320923	SAMN04992704
GCF_001708465.1	ASM170846v1	Pseudomonas fluorescens		L111					PRJNA320923	SAMN04992704
GCA_017498465.1	ASM1749846v1	Pseudomonas fluorescens		YK-310					PRJNA705218	SAMN18079027
GCF_017498465.1	ASM1749846v1	Pseudomonas fluorescens		YK-310					PRJNA705218	SAMN18079027
GCA_010448615.1	ASM1044861v1	Pseudomonas fluorescens		DR397					PRJNA604478	SAMN13972462
GCF_010448615.1	ASM1044861v1	Pseudomonas fluorescens		DR397					PRJNA604478	SAMN13972462
GCA_022023875.1	ASM2202387v1	Pseudomonas fluorescens		2020WEIHUA_J					PRJNA647632	SAMN15595110
GCF_022023875.1	ASM2202387v1	Pseudomonas fluorescens		2020WEIHUA_J					PRJNA647632	SAMN15595110
GCA_001307155.1	ASM130715v1	Pseudomonas fluorescens		FW300-N2E3					PRJNA295937	SAMN04094105
GCF_001307155.1	ASM130715v1	Pseudomonas fluorescens		FW300-N2E3					PRJNA295937	SAMN04094105
GCA_030344995.1	ASM3034499v1	Pseudomonas fluorescens		PH.SM					PRJNA982536	SAMN35709872
GCF_030344995.1	ASM3034499v1	Pseudomonas fluorescens		PH.SM					PRJNA982536	SAMN35709872
GCA_012974785.1	ASM1297478v1	Pseudomonas fluorescens		G7					PRJNA437216	SAMN08644036
GCF_012974785.1	ASM1297478v1	Pseudomonas fluorescens		G7					PRJNA437216	SAMN08644036
GCA_030687555.1	ASM3068755v1	Pseudomonas fluorescens		FP2327					PRJNA847632	SAMN29204985
GCF_030687555.1	ASM3068755v1	Pseudomonas fluorescens		FP2327					PRJNA847632	SAMN29204985
GCA_025561665.1	ASM2556166v1	Pseudomonas fluorescens		Ant01					PRJNA879781	SAMN30814564
GCF_025561665.1	ASM2556166v1	Pseudomonas fluorescens		Ant01					PRJNA879781	SAMN30814564
GCA_004683905.1	ASM468390v1	Pseudomonas fluorescens		LBUM677					PRJNA529600	SAMN11279263
GCF_004683905.1	ASM468390v1	Pseudomonas fluorescens		LBUM677					PRJNA529600	SAMN11279263
GCA_000730425.1	ASM73042v1	Pseudomonas fluorescens		UK4					PRJNA254192	SAMN02900729
GCF_000730425.1	ASM73042v1	Pseudomonas fluorescens		UK4					PRJNA254192	SAMN02900729
GCA_900636825.1	44858_E01	Pseudomonas fluorescens		NCTC9428					PRJEB6403	SAMEA3881054
GCF_900636825.1	44858_E01	Pseudomonas fluorescens		NCTC9428					PRJEB6403	SAMEA3881054
GCA_024266685.1	ASM2426668v1	Pseudomonas fluorescens		ZL22					PRJNA855899	SAMN29502200
GCF_024266685.1	ASM2426668v1	Pseudomonas fluorescens		ZL22					PRJNA855899	SAMN29502200
GCA_043585125.1	PFX1	Pseudomonas fluorescens		PFX1					PRJNA1101434	SAMN40993003
GCF_043585125.1	PFX1	Pseudomonas fluorescens		PFX1					PRJNA1101434	SAMN40993003
GCF_000009225.2	ASM922v1	Pseudomonas [fluorescens] SBW25		SBW25					PRJEA31229	SAMEA2272316
GCA_000012445.1	ASM1244v1	Pseudomonas fluorescens Pf0-1		Pf0-1					PRJNA12	SAMN02598267
GCF_000012445.1	ASM1244v1	Pseudomonas fluorescens Pf0-1		Pf0-1					PRJNA12	SAMN02598267
GCA_000293885.3	ASM29388v3	Pseudomonas fluorescens NCIMB 11764		NCIMB 11764					PRJNA172562	SAMN01112396
GCF_000293885.2	ASM29388v3	Pseudomonas fluorescens NCIMB 11764		NCIMB 11764					PRJNA172562	SAMN01112396
GCA_026314355.1	ASM2631435v1	Pseudomonas koreensis		FP1691					PRJNA899454	SAMN31656541
GCF_026314355.1	ASM2631435v1	Pseudomonas koreensis		FP1691					PRJNA899454	SAMN31656541
GCA_001605965.1	ASM160596v1	Pseudomonas koreensis		D26					PRJNA312703	SAMN04498955
GCF_001605965.1	ASM160596v1	Pseudomonas koreensis		D26					PRJNA312703	SAMN04498955
GCA_039698025.1	ASM3969802v1	Pseudomonas koreensis		BM06					PRJNA1110185	SAMN41319881
GCF_039698025.1	ASM3969802v1	Pseudomonas koreensis		BM06					PRJNA1110185	SAMN41319881
GCA_035666255.1	ASM3566625v1	Pseudomonas veronii		T1					PRJNA1062555	SAMN39301934
GCF_035666255.1	ASM3566625v1	Pseudomonas veronii		T1					PRJNA1062555	SAMN39301934
GCA_004919535.4	ASM491953v4	Pseudomonas veronii		Pvy					PRJNA529862	SAMN11287943
GCF_004919535.4	ASM491953v4	Pseudomonas veronii		Pvy					PRJNA529862	SAMN11287943
GCA_021233455.1	ASM2123345v1	Pseudomonas veronii		G2					PRJNA788353	SAMN23966549
GCF_021233455.1	ASM2123345v1	Pseudomonas veronii		G2					PRJNA788353	SAMN23966549
GCA_030436055.1	ASM3043605v1	Pseudomonas veronii		OST1911					PRJNA325248	SAMN36290030
GCF_030436055.1	ASM3043605v1	Pseudomonas veronii		OST1911					PRJNA325248	SAMN36290030
GCA_006547025.1	ASM654702v1	Pseudomonas azotoformans		P45A					PRJNA551264	SAMN12142686
GCF_006547025.1	ASM654702v1	Pseudomonas azotoformans		P45A					PRJNA551264	SAMN12142686
GCA_001579805.1	ASM157980v1	Pseudomonas azotoformans		S4					PRJNA312730	SAMN04505798
GCF_001579805.1	ASM157980v1	Pseudomonas azotoformans		S4					PRJNA312730	SAMN04505798
GCA_022533565.1	ASM2253356v1	Pseudomonas azotoformans		ZY-1					PRJNA811261	SAMN26317851
GCF_022533565.1	ASM2253356v1	Pseudomonas azotoformans		ZY-1					PRJNA811261	SAMN26317851
GCA_002007785.1	ASM200778v1	Pseudomonas azotoformans		F77					PRJNA374904	SAMN06339647
GCF_002007785.1	ASM200778v1	Pseudomonas azotoformans		F77					PRJNA374904	SAMN06339647
GCA_024748715.1	ASM2474871v1	Pseudomonas moraviensis		B21-039					PRJNA779451	SAMN23038793
GCF_024748715.1	ASM2474871v1	Pseudomonas moraviensis		B21-039					PRJNA779451	SAMN23038793
GCA_033556905.1	ASM3355690v1	Pseudomonas moraviensis		EFBE32					PRJNA887838	SAMN31202222
GCF_033556905.1	ASM3355690v1	Pseudomonas moraviensis		EFBE32					PRJNA887838	SAMN31202222
GCA_024072215.1	ASM2407221v1	Pseudomonas moraviensis		OTU5MASSA1					PRJNA848627	SAMN29008047
GCF_024072215.1	ASM2407221v1	Pseudomonas moraviensis		OTU5MASSA1					PRJNA848627	SAMN29008047
GCA_024072135.1	ASM2407213v1	Pseudomonas moraviensis		OTU5BARRA1					PRJNA848627	SAMN29007430
GCF_024072135.1	ASM2407213v1	Pseudomonas moraviensis		OTU5BARRA1					PRJNA848627	SAMN29007430
GCA_024072235.1	ASM2407223v1	Pseudomonas moraviensis		OTU5VILLAA1					PRJNA848627	SAMN29009528
GCF_024072235.1	ASM2407223v1	Pseudomonas moraviensis		OTU5VILLAA1					PRJNA848627	SAMN29009528
GCA_019285655.1	ASM1928565v1	Pseudomonas tolaasii		Pt11					PRJNA683147	SAMN17023443
GCF_019285655.1	ASM1928565v1	Pseudomonas tolaasii		Pt11					PRJNA683147	SAMN17023443
GCA_030687655.1	ASM3068765v1	Pseudomonas tolaasii		FP2293					PRJNA847632	SAMN29204981
GCF_030687655.1	ASM3068765v1	Pseudomonas tolaasii		FP2293					PRJNA847632	SAMN29204981
GCA_037094645.1	P_t_RSB_5_11_ONT_WGS	Pseudomonas tolaasii		RSB 5.11					PRJNA1083108	SAMN40232841
GCF_037094645.1	P_t_RSB_5_11_ONT_WGS	Pseudomonas tolaasii		RSB 5.11					PRJNA1083108	SAMN40232841
GCA_019693255.1	ASM1969325v1	Pseudomonas mandelii		KGI_MA19					PRJNA753676	SAMN20703549
GCF_019693255.1	ASM1969325v1	Pseudomonas mandelii		KGI_MA19					PRJNA753676	SAMN20703549
GCA_000257545.3	ASM25754v3	Pseudomonas mandelii JR-1		JR-1					PRJNA83441	SAMN02469697
GCF_000257545.3	ASM25754v3	Pseudomonas mandelii JR-1		JR-1					PRJNA83441	SAMN02469697
GCA_029916865.1	ASM2991686v1	Pseudomonas marginalis		MGMM3					PRJNA960949	SAMN34340078
GCF_029916865.1	ASM2991686v1	Pseudomonas marginalis		MGMM3					PRJNA960949	SAMN34340078
GCA_034424355.1	ASM3442435v1	Pseudomonas marginalis		SBW25					PRJNA1047486	SAMN38562722
GCF_034424355.1	ASM3442435v1	Pseudomonas marginalis		SBW25					PRJNA1047486	SAMN38562722
GCA_026016525.1	ASM2601652v1	Pseudomonas corrugata		B21-055					PRJNA779433	SAMN23038869
GCF_026016525.1	ASM2601652v1	Pseudomonas corrugata		B21-055					PRJNA779433	SAMN23038869
GCA_045037965.1	ASM4503796v1	Pseudomonas marginalis		M13					PRJNA1183984	SAMN44656281
GCF_045037965.1	ASM4503796v1	Pseudomonas marginalis		M13					PRJNA1183984	SAMN44656281
GCA_014930995.1	ASM1493099v1	Pseudomonas poae		PMA22					PRJNA668055	SAMN16395612
GCF_014930995.1	ASM1493099v1	Pseudomonas poae		PMA22					PRJNA668055	SAMN16395612
GCA_040438945.1	ASM4043894v1	Pseudomonas poae		MYb114					PRJNA1117819	SAMN41580856
GCF_040438945.1	ASM4043894v1	Pseudomonas poae		MYb114					PRJNA1117819	SAMN41580856
GCA_017604325.1	ASM1760432v1	Pseudomonas corrugata		3prime					PRJNA433078	SAMN08470181
GCF_017604325.1	ASM1760432v1	Pseudomonas corrugata		3prime					PRJNA433078	SAMN08470181
GCA_026016485.1	ASM2601648v1	Pseudomonas corrugata		B21-061					PRJNA779433	SAMN23038871
GCF_026016485.1	ASM2601648v1	Pseudomonas corrugata		B21-061					PRJNA779433	SAMN23038871
GCA_036865475.1	ASM3686547v1	Pseudomonas poae		B04_1					PRJNA951732	SAMN34055317
GCF_036865475.1	ASM3686547v1	Pseudomonas poae		B04_1					PRJNA951732	SAMN34055317
GCA_036865465.1	ASM3686546v1	Pseudomonas poae		B04_4					PRJNA951732	SAMN34055319
GCF_036865465.1	ASM3686546v1	Pseudomonas poae		B04_4					PRJNA951732	SAMN34055319
GCA_036865275.1	ASM3686527v1	Pseudomonas poae		P_poae_Z9_2					PRJNA951732	SAMN34055338
GCF_036865275.1	ASM3686527v1	Pseudomonas poae		P_poae_Z9_2					PRJNA951732	SAMN34055338
GCA_036865265.1	ASM3686526v1	Pseudomonas poae		P_poae_Z9_4					PRJNA951732	SAMN34055339
GCF_036865265.1	ASM3686526v1	Pseudomonas poae		P_poae_Z9_4					PRJNA951732	SAMN34055339
GCA_036865245.1	ASM3686524v1	Pseudomonas poae		P_poae_Z9_6					PRJNA951732	SAMN34055341
GCF_036865245.1	ASM3686524v1	Pseudomonas poae		P_poae_Z9_6					PRJNA951732	SAMN34055341
GCA_036865255.1	ASM3686525v1	Pseudomonas poae		P_poae_Z9_5					PRJNA951732	SAMN34055340
GCF_036865255.1	ASM3686525v1	Pseudomonas poae		P_poae_Z9_5					PRJNA951732	SAMN34055340
GCA_036865295.1	ASM3686529v1	Pseudomonas poae		P_poae_W12_7					PRJNA951732	SAMN34055336
GCF_036865295.1	ASM3686529v1	Pseudomonas poae		P_poae_W12_7					PRJNA951732	SAMN34055336
GCA_036865315.1	ASM3686531v1	Pseudomonas poae		P_poae_W12_10					PRJNA951732	SAMN34055334
GCF_036865315.1	ASM3686531v1	Pseudomonas poae		P_poae_W12_10					PRJNA951732	SAMN34055334
GCA_036865285.1	ASM3686528v1	Pseudomonas poae		P_poae_W12_9					PRJNA951732	SAMN34055337
GCF_036865285.1	ASM3686528v1	Pseudomonas poae		P_poae_W12_9					PRJNA951732	SAMN34055337
GCA_036865415.1	ASM3686541v1	Pseudomonas poae		B12_2					PRJNA951732	SAMN34055324
GCF_036865415.1	ASM3686541v1	Pseudomonas poae		B12_2					PRJNA951732	SAMN34055324
GCA_036865425.1	ASM3686542v1	Pseudomonas poae		B12_1					PRJNA951732	SAMN34055323
GCF_036865425.1	ASM3686542v1	Pseudomonas poae		B12_1					PRJNA951732	SAMN34055323
GCA_036865385.1	ASM3686538v1	Pseudomonas poae		B12_5					PRJNA951732	SAMN34055327
GCF_036865385.1	ASM3686538v1	Pseudomonas poae		B12_5					PRJNA951732	SAMN34055327
GCA_036865395.1	ASM3686539v1	Pseudomonas poae		B12_4					PRJNA951732	SAMN34055326
GCF_036865395.1	ASM3686539v1	Pseudomonas poae		B12_4					PRJNA951732	SAMN34055326
GCA_036865375.1	ASM3686537v1	Pseudomonas poae		B12_7					PRJNA951732	SAMN34055328
GCF_036865375.1	ASM3686537v1	Pseudomonas poae		B12_7					PRJNA951732	SAMN34055328
GCA_036865405.1	ASM3686540v1	Pseudomonas poae		B12_3					PRJNA951732	SAMN34055325
GCF_036865405.1	ASM3686540v1	Pseudomonas poae		B12_3					PRJNA951732	SAMN34055325
GCA_036865305.1	ASM3686530v1	Pseudomonas poae		P_poae_W12_2					PRJNA951732	SAMN34055335
GCF_036865305.1	ASM3686530v1	Pseudomonas poae		P_poae_W12_2					PRJNA951732	SAMN34055335
GCA_036865455.1	ASM3686545v1	Pseudomonas poae		B05_3					PRJNA951732	SAMN34055320
GCF_036865455.1	ASM3686545v1	Pseudomonas poae		B05_3					PRJNA951732	SAMN34055320
GCA_036865435.1	ASM3686543v1	Pseudomonas poae		B11_6					PRJNA951732	SAMN34055322
GCF_036865435.1	ASM3686543v1	Pseudomonas poae		B11_6					PRJNA951732	SAMN34055322
GCA_036865325.1	ASM3686532v1	Pseudomonas poae		P_poae_W11_9					PRJNA951732	SAMN34055333
GCF_036865325.1	ASM3686532v1	Pseudomonas poae		P_poae_W11_9					PRJNA951732	SAMN34055333
GCA_036865345.1	ASM3686534v1	Pseudomonas poae		P_poae_W11_2					PRJNA951732	SAMN34055331
GCF_036865345.1	ASM3686534v1	Pseudomonas poae		P_poae_W11_2					PRJNA951732	SAMN34055331
GCA_036865445.1	ASM3686544v1	Pseudomonas poae		B11_5					PRJNA951732	SAMN34055321
GCF_036865445.1	ASM3686544v1	Pseudomonas poae		B11_5					PRJNA951732	SAMN34055321
GCA_036865335.1	ASM3686533v1	Pseudomonas poae		P_poae_W11_4					PRJNA951732	SAMN34055332
GCF_036865335.1	ASM3686533v1	Pseudomonas poae		P_poae_W11_4					PRJNA951732	SAMN34055332
GCA_003851465.1	ASM385146v1	Pseudomonas synxantha		30B					PRJNA433211	SAMN08359176
GCF_003851465.1	ASM385146v1	Pseudomonas synxantha		30B					PRJNA433211	SAMN08359176
GCA_000968415.2	ASM96841v2	Pseudomonas synxantha		LBUM223					PRJNA277915	SAMN03398829
GCF_000968415.2	ASM96841v2	Pseudomonas synxantha		LBUM223					PRJNA277915	SAMN03398829
GCA_003851495.1	ASM385149v1	Pseudomonas synxantha		2-79					PRJNA433211	SAMN08359175
GCF_003851495.1	ASM385149v1	Pseudomonas synxantha		2-79					PRJNA433211	SAMN08359175
GCA_900497645.1	NCIMB10586.c1	Pseudomonas synxantha		10586					PRJEB27737	SAMEA4794743
GCF_900497645.1	NCIMB10586.c1	Pseudomonas synxantha		10586					PRJEB27737	SAMEA4794743
GCA_003852025.1	ASM385202v1	Pseudomonas synxantha		R2-54-08W					PRJNA433211	SAMN08359172
GCF_003852025.1	ASM385202v1	Pseudomonas synxantha		R2-54-08W					PRJNA433211	SAMN08359172
GCA_003851525.1	ASM385152v1	Pseudomonas synxantha		R2-4-08W					PRJNA433211	SAMN08359173
GCF_003851525.1	ASM385152v1	Pseudomonas synxantha		R2-4-08W					PRJNA433211	SAMN08359173
GCA_028747225.1	ASM2874722v1	Pseudomonas synxantha		ATCC 17413					PRJNA932460	SAMN33193896
GCF_028747225.1	ASM2874722v1	Pseudomonas synxantha		ATCC 17413					PRJNA932460	SAMN33193896
GCA_018417575.1	ASM1841757v1	Pseudomonas rhodesiae		DLA23					PRJNA673262	SAMN18016125
GCF_018417575.1	ASM1841757v1	Pseudomonas rhodesiae		DLA23					PRJNA673262	SAMN18016125
GCA_030687355.1	ASM3068735v1	Pseudomonas rhodesiae		FP69					PRJNA847632	SAMN29204995
GCF_030687355.1	ASM3068735v1	Pseudomonas rhodesiae		FP69					PRJNA847632	SAMN29204995
GCA_030144705.1	ASM3014470v1	Pseudomonas rhodesiae		3.8					PRJNA972615	SAMN35084063
GCF_030144705.1	ASM3014470v1	Pseudomonas rhodesiae		3.8					PRJNA972615	SAMN35084063
GCA_030687185.1	ASM3068718v1	Pseudomonas rhodesiae		FP1707					PRJNA847632	SAMN29204961
GCF_030687185.1	ASM3068718v1	Pseudomonas rhodesiae		FP1707					PRJNA847632	SAMN29204961
GCA_018417555.1	ASM1841755v1	Pseudomonas rhodesiae		AAMF24					PRJNA673262	SAMN18016124
GCF_018417555.1	ASM1841755v1	Pseudomonas rhodesiae		AAMF24					PRJNA673262	SAMN18016124
GCA_024748755.1	ASM2474875v1	Pseudomonas rhodesiae		B21-046					PRJNA779451	SAMN23038800
GCF_024748755.1	ASM2474875v1	Pseudomonas rhodesiae		B21-046					PRJNA779451	SAMN23038800
GCA_043225285.1	ASM4322528v1	Pseudomonas migulae		HY-2					PRJNA1170499	SAMN44108246
GCF_043225285.1	ASM4322528v1	Pseudomonas migulae		HY-2					PRJNA1170499	SAMN44108246
GCA_029866525.1	ASM2986652v1	Pseudomonas migulae		8R6					PRJNA816190	SAMN26664672
GCF_029866525.1	ASM2986652v1	Pseudomonas migulae		8R6					PRJNA816190	SAMN26664672
GCA_018516785.1	ASM1851678v1	Pseudomonas congelans		508					PRJNA449945	SAMN08922772
GCF_018516785.1	ASM1851678v1	Pseudomonas congelans		508					PRJNA449945	SAMN08922772
GCA_018516745.1	ASM1851674v1	Pseudomonas congelans		TLP2					PRJNA449517	SAMN08906164
GCF_018516745.1	ASM1851674v1	Pseudomonas congelans		TLP2					PRJNA449517	SAMN08906164
GCA_009818265.1	ASM981826v1	Pseudomonas mediterranea		S58					PRJNA528556	SAMN11230832
GCF_009818265.1	ASM981826v1	Pseudomonas mediterranea		S58					PRJNA528556	SAMN11230832
GCA_026016505.1	ASM2601650v1	Pseudomonas mediterranea		B21-060					PRJNA779433	SAMN23038870
GCF_026016505.1	ASM2601650v1	Pseudomonas mediterranea		B21-060					PRJNA779433	SAMN23038870
GCA_030687125.1	ASM3068712v1	Pseudomonas extremorientalis		FP1754					PRJNA847632	SAMN29204964
GCF_030687125.1	ASM3068712v1	Pseudomonas extremorientalis		FP1754					PRJNA847632	SAMN29204964
GCA_001186335.1	ASM118633v1	Pseudomonas trivialis		IHBB745					PRJNA284214	SAMN03699826
GCF_001186335.1	ASM118633v1	Pseudomonas trivialis		IHBB745					PRJNA284214	SAMN03699826
GCA_002934065.1	ASM293406v1	Pseudomonas orientalis		F9					PRJNA353169	SAMN06014516
GCF_002934065.1	ASM293406v1	Pseudomonas orientalis		F9					PRJNA353169	SAMN06014516
GCA_003851585.1	ASM385158v1	Pseudomonas orientalis		L1-3-08					PRJNA433211	SAMN08359170
GCF_003851585.1	ASM385158v1	Pseudomonas orientalis		L1-3-08					PRJNA433211	SAMN08359170
GCA_003851605.1	ASM385160v1	Pseudomonas orientalis		R2-66-08W					PRJNA433211	SAMN08359169
GCF_003851605.1	ASM385160v1	Pseudomonas orientalis		R2-66-08W					PRJNA433211	SAMN08359169
GCA_003851645.1	ASM385164v1	Pseudomonas orientalis		R4-35-08					PRJNA433211	SAMN08359168
GCF_003851645.1	ASM385164v1	Pseudomonas orientalis		R4-35-08					PRJNA433211	SAMN08359168
GCA_022807995.1	ASM2280799v1	Pseudomonas orientalis		YB-76					PRJNA818414	SAMN26857279
GCF_022807995.1	ASM2280799v1	Pseudomonas orientalis		YB-76					PRJNA818414	SAMN26857279
GCA_036865115.1	ASM3686511v1	Pseudomonas trivialis		P_trivialis_B08_3					PRJNA951732	SAMN34055354
GCF_036865115.1	ASM3686511v1	Pseudomonas trivialis		P_trivialis_B08_3					PRJNA951732	SAMN34055354
GCA_036865105.1	ASM3686510v1	Pseudomonas trivialis		P_trivialis_B08_4					PRJNA951732	SAMN34055355
GCF_036865105.1	ASM3686510v1	Pseudomonas trivialis		P_trivialis_B08_4					PRJNA951732	SAMN34055355
GCA_036865125.1	ASM3686512v1	Pseudomonas trivialis		P_trivialis_B08_1					PRJNA951732	SAMN34055353
GCF_036865125.1	ASM3686512v1	Pseudomonas trivialis		P_trivialis_B08_1					PRJNA951732	SAMN34055353
GCA_036865065.1	ASM3686506v1	Pseudomonas trivialis		P_trivialis_W02_2					PRJNA951732	SAMN34055358
GCF_036865065.1	ASM3686506v1	Pseudomonas trivialis		P_trivialis_W02_2					PRJNA951732	SAMN34055358
GCA_036865095.1	ASM3686509v1	Pseudomonas trivialis		P_trivialis_W02_1					PRJNA951732	SAMN34055356
GCF_036865095.1	ASM3686509v1	Pseudomonas trivialis		P_trivialis_W02_1					PRJNA951732	SAMN34055356
GCA_036865175.1	ASM3686517v1	Pseudomonas trivialis		P_trivialis_B02_6					PRJNA951732	SAMN34055348
GCF_036865175.1	ASM3686517v1	Pseudomonas trivialis		P_trivialis_B02_6					PRJNA951732	SAMN34055348
GCA_036865215.1	ASM3686521v1	Pseudomonas trivialis		P_trivialis_B02_2					PRJNA951732	SAMN34055344
GCF_036865215.1	ASM3686521v1	Pseudomonas trivialis		P_trivialis_B02_2					PRJNA951732	SAMN34055344
GCA_036865235.1	ASM3686523v1	Pseudomonas trivialis		P_trivialis_B02_1					PRJNA951732	SAMN34055342
GCF_036865235.1	ASM3686523v1	Pseudomonas trivialis		P_trivialis_B02_1					PRJNA951732	SAMN34055342
GCA_036865165.1	ASM3686516v1	Pseudomonas trivialis		P_trivialis_B02_7					PRJNA951732	SAMN34055349
GCF_036865165.1	ASM3686516v1	Pseudomonas trivialis		P_trivialis_B02_7					PRJNA951732	SAMN34055349
GCA_036865145.1	ASM3686514v1	Pseudomonas trivialis		P_trivialis_B02_9					PRJNA951732	SAMN34055351
GCF_036865145.1	ASM3686514v1	Pseudomonas trivialis		P_trivialis_B02_9					PRJNA951732	SAMN34055351
GCA_036865205.1	ASM3686520v1	Pseudomonas trivialis		P_trivialis_B02_3					PRJNA951732	SAMN34055345
GCF_036865205.1	ASM3686520v1	Pseudomonas trivialis		P_trivialis_B02_3					PRJNA951732	SAMN34055345
GCA_036865155.1	ASM3686515v1	Pseudomonas trivialis		P_trivialis_B02_8					PRJNA951732	SAMN34055350
GCF_036865155.1	ASM3686515v1	Pseudomonas trivialis		P_trivialis_B02_8					PRJNA951732	SAMN34055350
GCA_036865005.1	ASM3686500v1	Pseudomonas trivialis		P_trivialis_W02_9					PRJNA951732	SAMN34055365
GCF_036865005.1	ASM3686500v1	Pseudomonas trivialis		P_trivialis_W02_9					PRJNA951732	SAMN34055365
GCA_036865185.1	ASM3686518v1	Pseudomonas trivialis		P_trivialis_B02_5					PRJNA951732	SAMN34055347
GCF_036865185.1	ASM3686518v1	Pseudomonas trivialis		P_trivialis_B02_5					PRJNA951732	SAMN34055347
GCA_036865045.1	ASM3686504v1	Pseudomonas trivialis		P_trivialis_W02_5					PRJNA951732	SAMN34055361
GCF_036865045.1	ASM3686504v1	Pseudomonas trivialis		P_trivialis_W02_5					PRJNA951732	SAMN34055361
GCA_036865225.1	ASM3686522v1	Pseudomonas trivialis		P_trivialis_B02_10					PRJNA951732	SAMN34055343
GCF_036865225.1	ASM3686522v1	Pseudomonas trivialis		P_trivialis_B02_10					PRJNA951732	SAMN34055343
GCA_036865085.1	ASM3686508v1	Pseudomonas trivialis		P_trivialis_W02_10					PRJNA951732	SAMN34055357
GCF_036865085.1	ASM3686508v1	Pseudomonas trivialis		P_trivialis_W02_10					PRJNA951732	SAMN34055357
GCA_036865135.1	ASM3686513v1	Pseudomonas trivialis		P_trivialis_B07_4					PRJNA951732	SAMN34055352
GCF_036865135.1	ASM3686513v1	Pseudomonas trivialis		P_trivialis_B07_4					PRJNA951732	SAMN34055352
GCA_036865035.1	ASM3686503v1	Pseudomonas trivialis		P_trivialis_W02_6					PRJNA951732	SAMN34055362
GCF_036865035.1	ASM3686503v1	Pseudomonas trivialis		P_trivialis_W02_6					PRJNA951732	SAMN34055362
GCA_036865195.1	ASM3686519v1	Pseudomonas trivialis		P_trivialis_B02_4					PRJNA951732	SAMN34055346
GCF_036865195.1	ASM3686519v1	Pseudomonas trivialis		P_trivialis_B02_4					PRJNA951732	SAMN34055346
GCA_036865055.1	ASM3686505v1	Pseudomonas trivialis		P_trivialis_W02_4					PRJNA951732	SAMN34055360
GCF_036865055.1	ASM3686505v1	Pseudomonas trivialis		P_trivialis_W02_4					PRJNA951732	SAMN34055360
GCA_036865025.1	ASM3686502v1	Pseudomonas trivialis		P_trivialis_W02_7					PRJNA951732	SAMN34055363
GCF_036865025.1	ASM3686502v1	Pseudomonas trivialis		P_trivialis_W02_7					PRJNA951732	SAMN34055363
GCA_036865015.1	ASM3686501v1	Pseudomonas trivialis		P_trivialis_W02_8					PRJNA951732	SAMN34055364
GCF_036865015.1	ASM3686501v1	Pseudomonas trivialis		P_trivialis_W02_8					PRJNA951732	SAMN34055364
GCA_016859165.1	ASM1685916v1	Pseudomonas granadensis					CT364		PRJNA695429	SAMN17614312
GCF_016859165.1	ASM1685916v1	Pseudomonas granadensis					CT364		PRJNA695429	SAMN17614312
GCA_045037875.1	ASM4503787v1	Pseudomonas petroselini		M14					PRJNA1183984	SAMN44656282
GCF_045037875.1	ASM4503787v1	Pseudomonas petroselini		M14					PRJNA1183984	SAMN44656282
GCA_900105675.1	IMG-taxon 2667527385 annotated assembly	Pseudomonas synxantha		LMG 2190					PRJEB16480	SAMN05216475
GCF_900105675.1	IMG-taxon 2667527385 annotated assembly	Pseudomonas synxantha		LMG 2190					PRJEB16480	SAMN05216475
GCA_900106045.1	IMG-taxon 2667527233 annotated assembly	Pseudomonas mucidolens		LMG 2223					PRJEB16499	SAMN05216202
GCF_900106045.1	IMG-taxon 2667527233 annotated assembly	Pseudomonas mucidolens		LMG 2223					PRJEB16499	SAMN05216202
GCA_001623525.1	ASM162352v1	Pseudomonas fluorescens		FW300-N2E2					PRJNA273571	SAMN03294340
GCF_001623525.1	ASM162352v1	Pseudomonas fluorescens		FW300-N2E2					PRJNA273571	SAMN03294340
GCA_019212185.1	ASM1921218v1	Pseudomonas fluorescens		MYb115					PRJNA743218	SAMN20014182
GCF_019212185.1	ASM1921218v1	Pseudomonas fluorescens		MYb115					PRJNA743218	SAMN20014182
GCA_035974255.1	ASM3597425v1	Pseudomonas fluorescens		MYb115					PRJNA743218	SAMN38840204
GCF_035974255.1	ASM3597425v1	Pseudomonas fluorescens		MYb115					PRJNA743218	SAMN38840204
GCA_902497775.2	PS652_2024	Pseudomonas fluorescens					PS652		PRJEB34261	SAMEA5944686
GCF_902497775.2	PS652_2024	Pseudomonas fluorescens					PS652		PRJEB34261	SAMEA5944686
GCA_003352875.1	ASM335287v1	Pseudomonas fluorescens		NEP1					PRJNA392819	SAMN07310584
GCF_003352875.1	ASM335287v1	Pseudomonas fluorescens		NEP1					PRJNA392819	SAMN07310584
GCA_000297195.3	ASM29719v3	Pseudomonas fluorescens BBc6R8		BBc6R8					PRJNA20583	SAMN02304079
GCF_000297195.3	ASM29719v3	Pseudomonas fluorescens BBc6R8		BBc6R8					PRJNA20583	SAMN02304079
GCA_900101415.1	IMG-taxon 2636416187 annotated assembly	Pseudomonas koreensis		BS3658					PRJEB15748	SAMN04490189
GCF_900101415.1	IMG-taxon 2636416187 annotated assembly	Pseudomonas koreensis		LMG 21318					PRJEB15748	SAMN04490189
GCA_900105805.1	IMG-taxon 2639762633 annotated assembly	Pseudomonas moraviensis		BS3668					PRJEB16479	SAMN04490196
GCF_900105805.1	IMG-taxon 2639762633 annotated assembly	Pseudomonas moraviensis		LMG 24280					PRJEB16479	SAMN04490196
GCA_002072675.1	ASM207267v1	Pseudomonas tolaasii		2192T					PRJNA379084	SAMN06579284
GCF_002072675.1	ASM207267v1	Pseudomonas tolaasii		2192T					PRJNA379084	SAMN06579284
GCA_900106085.1	IMG-taxon 2639763195 annotated assembly	Pseudomonas corrugata		BS3649					PRJEB16504	SAMN04490183
GCF_900106085.1	IMG-taxon 2639763195 annotated assembly	Pseudomonas corrugata		LMG 2172					PRJEB16504	SAMN04490183
GCA_900103965.1	IMG-taxon 2639762637 annotated assembly	Pseudomonas poae		BS2776					PRJEB16234	SAMN04490208
GCF_900103965.1	IMG-taxon 2639762637 annotated assembly	Pseudomonas poae		LMG 21465					PRJEB16234	SAMN04490208
GCA_001602175.1	ASM160217v1	Pseudomonas synxantha		KENGFT3					PRJNA312098	SAMN04495906
GCF_001602175.1	ASM160217v1	Pseudomonas synxantha		KENGFT3					PRJNA312098	SAMN04495906
GCA_900105575.1	IMG-taxon 2639763190 annotated assembly	Pseudomonas rhodesiae		BS2777					PRJEB16487	SAMN04490209
GCF_900105575.1	IMG-taxon 2639763190 annotated assembly	Pseudomonas rhodesiae		LMG 17764					PRJEB16487	SAMN04490209
GCA_900105815.1	IMG-taxon 2639762518 annotated assembly	Pseudomonas brenneri		BS2771					PRJEB16481	SAMN04490181
GCF_900105815.1	IMG-taxon 2639762518 annotated assembly	Pseudomonas brenneri		DSM 15294					PRJEB16481	SAMN04490181
GCA_900104365.1	IMG-taxon 2639762715 annotated assembly	Pseudomonas extremorientalis		BS2774					PRJEB16257	SAMN04490184
GCF_900104365.1	IMG-taxon 2639762715 annotated assembly	Pseudomonas extremorientalis		LMG 19695					PRJEB16257	SAMN04490184
GCA_900101035.1	IMG-taxon 2636416169 annotated assembly	Pseudomonas libanensis		BS2975					PRJEB16052	SAMN04490190
GCF_900101035.1	IMG-taxon 2636416169 annotated assembly	Pseudomonas libanensis		DSM 17149					PRJEB16052	SAMN04490190
GCA_900105795.1	IMG-taxon 2636416190 annotated assembly	Pseudomonas orientalis		BS2775					PRJEB16399	SAMN04490197
GCF_900105795.1	IMG-taxon 2636416190 annotated assembly	Pseudomonas orientalis		LMG 23660					PRJEB16399	SAMN04490197
GCA_900104885.1	IMG-taxon 2639762577 annotated assembly	Pseudomonas trivialis		BS3111					PRJEB16396	SAMN04490205
GCF_900104885.1	IMG-taxon 2639762577 annotated assembly	Pseudomonas trivialis		LMG 21464					PRJEB16396	SAMN04490205
GCA_002879715.1	ASM287971v1	Pseudomonas ogarae		FR1					PRJNA428622	SAMN08297139
GCF_002879715.1	ASM287971v1	Pseudomonas ogarae		FR1					PRJNA428622	SAMN08297139
GCA_000009225.1	ASM922v1	Pseudomonas [fluorescens] SBW25		SBW25					PRJEA31229	SAMEA2272316
GCA_000281895.1	ASM28189v1	Pseudomonas fluorescens Q2-87		Q2-87					PRJNA67535	SAMN02436465
GCF_000281895.1	ASM28189v1	Pseudomonas fluorescens Q2-87		Q2-87					PRJNA67535	SAMN02436465
GCA_000292795.1	PF-R124.01	Pseudomonas fluorescens R124		R124					PRJNA68653	SAMN02471518
GCF_000292795.1	PF-R124.01	Pseudomonas fluorescens R124		R124					PRJNA68653	SAMN02471518
GCA_903970695.1	ASM90397069v1	Pseudomonas veronii					11V4441		PRJEB38236	SAMEA6819934
GCF_903970695.1	ASM90397069v1	Pseudomonas veronii					11V4441		PRJEB38236	SAMEA6819934
GCA_000512275.1	ASM51227v1	Pseudomonas moraviensis R28-S		R28-S					PRJNA217803	SAMN02471806
GCF_000512275.1	ASM51227v1	Pseudomonas moraviensis R28-S		R28-S					PRJNA217803	SAMN02471806
GCA_000263715.2	ASM26371v2	Pseudomonas synxantha BG33R		BG33R					PRJNA67541	SAMN02436586
GCF_000263715.2	ASM26371v2	Pseudomonas synxantha BG33R		BG33R					PRJNA67541	SAMN02436586
GCA_001269845.1	ASM126984v1	Pseudomonas fluorescens		DSM 50090					PRJNA290438	SAMN03891682
GCF_001269845.1	ASM126984v1	Pseudomonas fluorescens		DSM 50090					PRJNA290438	SAMN03891682
GCA_007858165.1	ASM785816v1	Pseudomonas fluorescens		DSM 50090					PRJNA548434	SAMN12027180
GCF_007858165.1	ASM785816v1	Pseudomonas fluorescens		DSM 50090					PRJNA548434	SAMN12027180
GCA_002943685.1	ASM294368v1	Pseudomonas fluorescens		ATCC 13525					PRJNA354433	SAMN06049061
GCF_002943685.1	ASM294368v1	Pseudomonas fluorescens		ATCC 13525					PRJNA354433	SAMN06049061
GCA_002091595.1	ASM209159v1	Pseudomonas fluorescens NBRC 14160		NBRC 14160					PRJDB208	SAMD00018759
GCF_002091595.1	ASM209159v1	Pseudomonas fluorescens NBRC 14160		NBRC 14160					PRJDB208	SAMD00018759
GCA_024169245.1	ASM2416924v1	Pseudomonas koreensis		Ps 9-14					PRJNA709557	SAMN18247118
GCF_024169245.1	ASM2416924v1	Pseudomonas koreensis		Ps 9-14					PRJNA709557	SAMN18247118
GCA_012986595.1	ASM1298659v1	Pseudomonas koreensis		DSM 16610					PRJNA612806	SAMN14381929
GCF_012986595.1	ASM1298659v1	Pseudomonas koreensis		DSM 16610					PRJNA612806	SAMN14381929
GCA_014646955.1	ASM1464695v1	Pseudomonas koreensis		JCM 14769					PRJDB10510	SAMD00245249
GCF_014646955.1	ASM1464695v1	Pseudomonas koreensis		JCM 14769					PRJDB10510	SAMD00245249
GCA_008801535.1	ASM880153v1	Pseudomonas koreensis		CCUG 51519					PRJNA563568	SAMN12697588
GCF_008801535.1	ASM880153v1	Pseudomonas koreensis		CCUG 51519					PRJNA563568	SAMN12697588
GCA_001439695.1	G8123	Pseudomonas veronii		DSM 11331					PRJNA274345	SAMN03328800
GCF_001439695.1	G8123	Pseudomonas veronii		DSM 11331					PRJNA274345	SAMN03328800
GCA_039522465.1	ASM3952246v1	Pseudomonas veronii subsp. inensis		JCM 11828					PRJDB10510	SAMD00644959
GCF_039522465.1	ASM3952246v1	Pseudomonas veronii subsp. inensis		JCM 11828					PRJDB10510	SAMD00644959
GCA_001983205.1	ASM198320v1	Pseudomonas azotoformans		DSM 18862					PRJNA350775	SAMN05945971
GCF_001983205.1	ASM198320v1	Pseudomonas azotoformans		DSM 18862					PRJNA350775	SAMN05945971
GCA_900624915.1	DSM_18862T	Pseudomonas azotoformans					DSM 18862T		PRJEB29956	SAMEA5131029
GCF_900624915.1	DSM_18862T	Pseudomonas azotoformans					DSM 18862T		PRJEB29956	SAMEA5131029
GCA_001870415.1	ASM187041v1	Pseudomonas azotoformans		LMG 21611					PRJNA338491	SAMN05559686
GCF_001870415.1	ASM187041v1	Pseudomonas azotoformans		LMG 21611					PRJNA338491	SAMN05559686
GCA_002091515.1	ASM209151v1	Pseudomonas azotoformans NBRC 12693		NBRC 12693					PRJDB202	SAMD00046924
GCF_002091515.1	ASM209151v1	Pseudomonas azotoformans NBRC 12693		NBRC 12693					PRJDB202	SAMD00046924
GCA_900625075.1	DSM_19342T	Pseudomonas tolaasii					DSM_19342T		PRJEB29963	SAMEA5131111
GCF_900625075.1	DSM_19342T	Pseudomonas tolaasii					DSM_19342T		PRJEB29963	SAMEA5131111
GCA_008801395.1	ASM880139v1	Pseudomonas tolaasii		CCUG 23369					PRJNA563568	SAMN12697594
GCF_008801395.1	ASM880139v1	Pseudomonas tolaasii		CCUG 23369					PRJNA563568	SAMN12697594
GCA_007858265.1	ASM785826v1	Pseudomonas mandelii		DSM 17967					PRJNA548434	SAMN12045500
GCF_007858265.1	ASM785826v1	Pseudomonas mandelii		DSM 17967					PRJNA548434	SAMN12045500
GCA_002091695.1	ASM209169v1	Pseudomonas mandelii NBRC 103147		NBRC 103147					PRJDB215	SAMD00046931
GCF_002091695.1	ASM209169v1	Pseudomonas mandelii NBRC 103147		NBRC 103147					PRJDB215	SAMD00046931
GCA_007858175.1	ASM785817v1	Pseudomonas marginalis		DSM 18529					PRJNA548434	SAMN12034758
GCF_007858175.1	ASM785817v1	Pseudomonas marginalis		DSM 18529					PRJNA548434	SAMN12034758
GCA_001269905.1	ASM126990v1	Pseudomonas corrugata		DSM 7228					PRJNA290438	SAMN03891677
GCF_001269905.1	ASM126990v1	Pseudomonas corrugata		DSM 7228					PRJNA290438	SAMN03891677
GCA_001439785.1	G8687	Pseudomonas poae		DSM 14936					PRJNA274345	SAMN03328795
GCF_001439785.1	G8687	Pseudomonas poae		DSM 14936					PRJNA274345	SAMN03328795
GCA_007858155.1	ASM785815v1	Pseudomonas marginalis		DSM 13124					PRJNA548434	SAMN12033583
GCF_007858155.1	ASM785815v1	Pseudomonas marginalis		DSM 13124					PRJNA548434	SAMN12033583
GCA_001730605.1	ASM173060v1	Pseudomonas poae		LMG 21465					PRJNA338673	SAMN05560560
GCF_001730605.1	ASM173060v1	Pseudomonas poae		LMG 21465					PRJNA338673	SAMN05560560
GCA_001645105.1	ASM164510v1	Pseudomonas marginalis		ICMP 3553					PRJNA296744	SAMN04102829
GCF_001645105.1	ASM164510v1	Pseudomonas marginalis		ICMP 3553					PRJNA296744	SAMN04102829
GCA_001411965.1	ASM141196v1	Pseudomonas corrugata		NCPPB2445					PRJNA290284	SAMN03879927
GCF_001411965.1	ASM141196v1	Pseudomonas corrugata		NCPPB2445					PRJNA290284	SAMN03879927
GCA_003699065.1	ASM369906v1	Pseudomonas corrugata		NCPPB2445					PRJNA292453	SAMN03976502
GCF_003699065.1	ASM369906v1	Pseudomonas corrugata		NCPPB2445					PRJNA292453	SAMN03976502
GCA_001439725.1	G8689	Pseudomonas synxantha		DSM 18928					PRJNA274345	SAMN03328797
GCF_001439725.1	G8689	Pseudomonas synxantha		DSM 18928					PRJNA274345	SAMN03328797
GCA_002091795.1	ASM209179v1	Pseudomonas synxantha NBRC 3913		NBRC 3913					PRJDB226	SAMD00046938
GCF_002091795.1	ASM209179v1	Pseudomonas synxantha NBRC 3913		NBRC 3913					PRJDB226	SAMD00046938
GCA_003700725.1	ASM370072v1	Pseudomonas marginalis pv. marginalis		ICMP 3553					PRJNA292453	SAMN03976463
GCF_003700725.1	ASM370072v1	Pseudomonas marginalis pv. marginalis		ICMP 3553					PRJNA292453	SAMN03976463
GCA_039522895.1	ASM3952289v1	Pseudomonas rhodesiae		JCM 11940					PRJDB10510	SAMD00644980
GCF_039522895.1	ASM3952289v1	Pseudomonas rhodesiae		JCM 11940					PRJDB10510	SAMD00644980
GCA_024169765.1	ASM2416976v1	Pseudomonas rhodesiae		CIP104664					PRJNA709559	SAMN18245934
GCF_024169765.1	ASM2416976v1	Pseudomonas rhodesiae		CIP104664					PRJNA709559	SAMN18245934
GCA_007858255.1	ASM785825v1	Pseudomonas rhodesiae		DSM 14020					PRJNA548434	SAMN12034934
GCF_007858255.1	ASM785825v1	Pseudomonas rhodesiae		DSM 14020					PRJNA548434	SAMN12034934
GCA_002091715.1	ASM209171v1	Pseudomonas migulae NBRC 103157		NBRC 103157					PRJDB217	SAMD00046932
GCF_002091715.1	ASM209171v1	Pseudomonas migulae NBRC 103157		NBRC 103157					PRJDB217	SAMD00046932
GCA_029504145.1	ASM2950414v1	Pseudomonas baetica		a390					PRJNA893714	SAMN31439200
GCF_029504145.1	ASM2950414v1	Pseudomonas baetica		a390					PRJNA893714	SAMN31439200
GCA_003031005.1	ASM303100v1	Pseudomonas baetica		a390					PRJNA427209	SAMN08225564
GCF_003031005.1	ASM303100v1	Pseudomonas baetica		a390					PRJNA427209	SAMN08225564
GCA_014646715.1	ASM1464671v1	Pseudomonas brenneri		JCM 13307					PRJDB10510	SAMD00245233
GCF_014646715.1	ASM1464671v1	Pseudomonas brenneri		JCM 13307					PRJDB10510	SAMD00245233
GCA_007858285.1	ASM785828v1	Pseudomonas brenneri		DSM 15294					PRJNA548434	SAMN12045497
GCF_007858285.1	ASM785828v1	Pseudomonas brenneri		DSM 15294					PRJNA548434	SAMN12045497
GCA_008386555.1	ASM838655v1	Pseudomonas brenneri		CCUG 51514					PRJNA563568	SAMN12684065
GCF_008386555.1	ASM838655v1	Pseudomonas brenneri		CCUG 51514					PRJNA563568	SAMN12684065
GCA_001983165.1	ASM198316v1	Pseudomonas gessardii		DSM 17152					PRJNA350775	SAMN05945975
GCF_001983165.1	ASM198316v1	Pseudomonas gessardii		DSM 17152					PRJNA350775	SAMN05945975
GCA_009671285.1	ASM967128v1	Pseudomonas gessardii		DSM 17152					PRJNA548434	SAMN12034975
GCF_009671285.1	ASM967128v1	Pseudomonas gessardii		DSM 17152					PRJNA548434	SAMN12034975
GCA_900625085.1	DSM_17152T	Pseudomonas gessardii					DSM 17152T		PRJEB29961	SAMEA5131109
GCF_900625085.1	DSM_17152T	Pseudomonas gessardii					DSM 17152T		PRJEB29961	SAMEA5131109
GCA_000774145.1	ASM77414v1	Pseudomonas mediterranea CFBP 5447		CFBP 5447					PRJNA210952	SAMN03112705
GCF_000774145.1	ASM77414v1	Pseudomonas mediterranea CFBP 5447		CFBP 5447					PRJNA210952	SAMN03112705
GCA_900625005.1	DSM 15824T	Pseudomonas extremorientalis					DSM 15824T		PRJEB29960	SAMEA5131080
GCF_900625005.1	DSM 15824T	Pseudomonas extremorientalis					DSM 15824T		PRJEB29960	SAMEA5131080
GCA_001439815.1	G8783	Pseudomonas orientalis		DSM 17489					PRJNA274345	SAMN03328802
GCF_001439815.1	G8783	Pseudomonas orientalis		DSM 17489					PRJNA274345	SAMN03328802
GCA_001870465.1	ASM187046v1	Pseudomonas extremorientalis		LMG 19695					PRJNA338696	SAMN05561041
GCF_001870465.1	ASM187046v1	Pseudomonas extremorientalis		LMG 19695					PRJNA338696	SAMN05561041
GCA_001439805.1	G8691	Pseudomonas trivialis		DSM 14937					PRJNA274345	SAMN03328799
GCF_001439805.1	G8691	Pseudomonas trivialis		DSM 14937					PRJNA274345	SAMN03328799
GCA_008801565.1	ASM880156v1	Pseudomonas extremorientalis		CCUG 51517					PRJNA563568	SAMN12697587
GCF_008801565.1	ASM880156v1	Pseudomonas extremorientalis		CCUG 51517					PRJNA563568	SAMN12697587
GCA_001730655.1	ASM173065v1	Pseudomonas trivialis		LMG 21464					PRJNA338684	SAMN05560640
GCF_001730655.1	ASM173065v1	Pseudomonas trivialis		LMG 21464					PRJNA338684	SAMN05560640
GCA_007858275.1	ASM785827v1	Pseudomonas proteolytica		DSM 15321					PRJNA548434	SAMN12034948
GCF_007858275.1	ASM785827v1	Pseudomonas proteolytica		DSM 15321					PRJNA548434	SAMN12034948
GCA_008692865.1	ASM869286v1	Pseudomonas proteolytica		CCUG 51515T					PRJNA563568	SAMN12771132
GCF_008692865.1	ASM869286v1	Pseudomonas proteolytica		CCUG 51515T					PRJNA563568	SAMN12771132
GCA_001870435.1	ASM187043v1	Pseudomonas costantinii		LMG 22119					PRJNA338492	SAMN05559687
GCF_001870435.1	ASM187043v1	Pseudomonas costantinii		LMG 22119					PRJNA338492	SAMN05559687
GCA_001983175.1	ASM198317v1	Pseudomonas cedrina subsp. cedrina		DSM 17516					PRJNA350775	SAMN05945970
GCF_001983175.1	ASM198317v1	Pseudomonas cedrina subsp. cedrina		DSM 17516					PRJNA350775	SAMN05945970
GCA_900625035.1	DSM_17516T	Pseudomonas cedrina subsp. cedrina					DSM 17516T		PRJEB29957	SAMEA5131030
GCF_900625035.1	DSM_17516T	Pseudomonas cedrina subsp. cedrina					DSM 17516T		PRJEB29957	SAMEA5131030
GCA_002091735.1	ASM209173v1	Pseudomonas mucidolens NBRC 103159		NBRC 103159					PRJDB219	SAMD00046933
GCF_002091735.1	ASM209173v1	Pseudomonas mucidolens NBRC 103159		NBRC 103159					PRJDB219	SAMD00046933
GCA_023241715.1	ASM2324171v1	Pseudomonas morbosilactucae		MAFF 302030					PRJNA832009	SAMN27770878
GCF_023241715.1	ASM2324171v1	Pseudomonas morbosilactucae		MAFF 302030					PRJNA832009	SAMN27770878
GCA_021166635.1	ASM2116663v1	Pseudomonas petroselini		MAFF 311094					PRJNA785388	SAMN23560408
GCF_021166635.1	ASM2116663v1	Pseudomonas petroselini		MAFF 311094					PRJNA785388	SAMN23560408
GCA_024169065.1	ASM2416906v1	Pseudomonas fluorescens		NCTC 9428					PRJNA712063	SAMN18251342
GCF_024169065.1	ASM2416906v1	Pseudomonas fluorescens		NCTC 9428					PRJNA712063	SAMN18251342
GCA_900455465.1	44858_F01	Pseudomonas fluorescens		NCTC10392					PRJEB6403	SAMEA3881055
GCF_900455465.1	44858_F01	Pseudomonas fluorescens		NCTC10392					PRJEB6403	SAMEA3881055
GCA_031453935.1	ASM3145393v1	Pseudomonas fluorescens		SORGH_AS_0191					PRJNA957369	SAMN34252196
GCF_031453935.1	ASM3145393v1	Pseudomonas fluorescens		SORGH_AS_0191					PRJNA957369	SAMN34252196
GCA_001625455.1	ASM162545v1	Pseudomonas fluorescens		FW300-N1B4					PRJNA315014	SAMN04547022
GCF_001625455.1	ASM162545v1	Pseudomonas fluorescens		FW300-N1B4					PRJNA315014	SAMN04547022
GCA_001440325.1	ASM144032v1	Pseudomonas fluorescens		GW456-L13					PRJNA295937	SAMN04094109
GCF_001440325.1	ASM144032v1	Pseudomonas fluorescens		GW456-L13					PRJNA295937	SAMN04094109
GCA_011440265.1	ASM1144026v1	Pseudomonas fluorescens		DSM 11579					PRJNA609447	SAMN14253692
GCF_011440265.1	ASM1144026v1	Pseudomonas fluorescens		DSM 11579					PRJNA609447	SAMN14253692
GCA_022758205.1	ASM2275820v1	Pseudomonas fluorescens		AVRO2					PRJNA818659	SAMN26870620
GCF_022758205.1	ASM2275820v1	Pseudomonas fluorescens		AVRO2					PRJNA818659	SAMN26870620
GCA_902498125.1	PS847	Pseudomonas fluorescens					PS847		PRJEB34261	SAMEA5944716
GCF_902498125.1	PS847	Pseudomonas fluorescens					PS847		PRJEB34261	SAMEA5944716
GCA_003732425.1	ASM373242v1	Pseudomonas fluorescens		28B5					PRJNA342848	SAMN05933943
GCF_003732425.1	ASM373242v1	Pseudomonas fluorescens		28B5					PRJNA342848	SAMN05933943
GCA_902498115.1	PS876	Pseudomonas fluorescens					PS876		PRJEB34261	SAMEA5944725
GCF_902498115.1	PS876	Pseudomonas fluorescens					PS876		PRJEB34261	SAMEA5944725
GCA_902498195.1	PS918	Pseudomonas fluorescens					PS918		PRJEB34261	SAMEA5944737
GCF_902498195.1	PS918	Pseudomonas fluorescens					PS918		PRJEB34261	SAMEA5944737
GCA_902498095.1	PS893	Pseudomonas fluorescens					PS893		PRJEB34261	SAMEA5944728
GCF_902498095.1	PS893	Pseudomonas fluorescens					PS893		PRJEB34261	SAMEA5944728
GCA_902498155.1	PS922	Pseudomonas fluorescens					PS922		PRJEB34261	SAMEA5944738
GCF_902498155.1	PS922	Pseudomonas fluorescens					PS922		PRJEB34261	SAMEA5944738
GCA_902498065.1	PS858	Pseudomonas fluorescens					PS858		PRJEB34261	SAMEA5944719
GCF_902498065.1	PS858	Pseudomonas fluorescens					PS858		PRJEB34261	SAMEA5944719
GCA_014842555.1	ASM1484255v1	Pseudomonas fluorescens		CFBP13702					PRJNA665156	SAMN16237046
GCF_014842555.1	ASM1484255v1	Pseudomonas fluorescens		CFBP13702					PRJNA665156	SAMN16237046
GCA_030811415.1	ASM3081141v1	Pseudomonas fluorescens		1550					PRJNA709217	SAMN18244812
GCF_030811415.1	ASM3081141v1	Pseudomonas fluorescens		1550					PRJNA709217	SAMN18244812
GCA_902498085.1	PS896	Pseudomonas fluorescens					PS896		PRJEB34261	SAMEA5944729
GCF_902498085.1	PS896	Pseudomonas fluorescens					PS896		PRJEB34261	SAMEA5944729
GCA_019898675.1	ASM1989867v1	Pseudomonas fluorescens		51485_Pf0-1_Pf0-2x_glnA-C5A					PRJNA759590	SAMN21170643
GCF_019898675.1	ASM1989867v1	Pseudomonas fluorescens		51485_Pf0-1_Pf0-2x_glnA-C5A					PRJNA759590	SAMN21170643
GCA_016652795.1	ASM1665279v1	Pseudomonas fluorescens		N7					PRJNA627728	SAMN16830036
GCF_016652795.1	ASM1665279v1	Pseudomonas fluorescens		N7					PRJNA627728	SAMN16830036
GCA_902498165.1	PS906	Pseudomonas fluorescens					PS906		PRJEB34261	SAMEA5944733
GCF_902498165.1	PS906	Pseudomonas fluorescens					PS906		PRJEB34261	SAMEA5944733
GCA_014842345.1	ASM1484234v1	Pseudomonas fluorescens		CFBP13703					PRJNA665156	SAMN16237069
GCF_014842345.1	ASM1484234v1	Pseudomonas fluorescens		CFBP13703					PRJNA665156	SAMN16237069
GCA_003258955.1	ASM325895v1	Pseudomonas fluorescens		HPB					PRJNA475250	SAMN09382823
GCF_003258955.1	ASM325895v1	Pseudomonas fluorescens		HPB					PRJNA475250	SAMN09382823
GCA_902498275.1	PS947	Pseudomonas fluorescens					PS947		PRJEB34261	SAMEA5944745
GCF_902498275.1	PS947	Pseudomonas fluorescens					PS947		PRJEB34261	SAMEA5944745
GCA_016767275.1	ASM1676727v1	Pseudomonas fluorescens		X					PRJNA681336	SAMN16949415
GCF_016767275.1	ASM1676727v1	Pseudomonas fluorescens		X					PRJNA681336	SAMN16949415
GCA_003732755.1	ASM373275v1	Pseudomonas fluorescens		2F9					PRJNA342848	SAMN05933945
GCF_003732755.1	ASM373275v1	Pseudomonas fluorescens		2F9					PRJNA342848	SAMN05933945
GCA_902498215.1	PS941	Pseudomonas fluorescens					PS941		PRJEB34261	SAMEA5944743
GCF_902498215.1	PS941	Pseudomonas fluorescens					PS941		PRJEB34261	SAMEA5944743
GCA_902498005.1	PS898	Pseudomonas fluorescens					PS898		PRJEB34261	SAMEA5944730
GCF_902498005.1	PS898	Pseudomonas fluorescens					PS898		PRJEB34261	SAMEA5944730
GCA_019898705.1	ASM1989870v1	Pseudomonas fluorescens		51486_Pf0-1_Pf0-2x_glnA-G1249C					PRJNA759593	SAMN21170798
GCF_019898705.1	ASM1989870v1	Pseudomonas fluorescens		51486_Pf0-1_Pf0-2x_glnA-G1249C					PRJNA759593	SAMN21170798
GCA_003732345.1	ASM373234v1	Pseudomonas fluorescens		36F3					PRJNA342848	SAMN05933941
GCF_003732345.1	ASM373234v1	Pseudomonas fluorescens		36F3					PRJNA342848	SAMN05933941
GCA_014839025.1	ASM1483902v1	Pseudomonas fluorescens		CFBP8787					PRJNA665156	SAMN16237931
GCF_014839025.1	ASM1483902v1	Pseudomonas fluorescens		CFBP8787					PRJNA665156	SAMN16237931
GCA_902498265.1	PS943	Pseudomonas fluorescens					PS943		PRJEB34261	SAMEA5944744
GCF_902498265.1	PS943	Pseudomonas fluorescens					PS943		PRJEB34261	SAMEA5944744
GCA_963970535.1	EL_5y_Pfl2_P72	Pseudomonas fluorescens					PseudoSSchier:P72		PRJEB57340	SAMEA114413522
GCF_963970535.1	EL_5y_Pfl2_P72	Pseudomonas fluorescens					PseudoSSchier:P72		PRJEB57340	SAMEA114413522
GCA_001902145.1	ASM190214v1	Pseudomonas fluorescens		EK007-RG4					PRJNA347476	SAMN05967209
GCF_001902145.1	ASM190214v1	Pseudomonas fluorescens		EK007-RG4					PRJNA347476	SAMN05967209
GCA_902497975.1	PS854	Pseudomonas fluorescens					PS854		PRJEB34261	SAMEA5944718
GCF_902497975.1	PS854	Pseudomonas fluorescens					PS854		PRJEB34261	SAMEA5944718
GCA_034808765.1	ASM3480876v1	Pseudomonas fluorescens		FSL M9-0550					PRJNA1003870	SAMN37350772
GCF_034808765.1	ASM3480876v1	Pseudomonas fluorescens		FSL M9-0550					PRJNA1003870	SAMN37350772
GCA_018614755.1	ASM1861475v1	Pseudomonas fluorescens		ISL-31					PRJNA291433	SAMN18298947
GCF_018614755.1	ASM1861475v1	Pseudomonas fluorescens		ISL-31					PRJNA291433	SAMN18298947
GCA_902498225.1	PS934	Pseudomonas fluorescens					PS934		PRJEB34261	SAMEA5944741
GCF_902498225.1	PS934	Pseudomonas fluorescens					PS934		PRJEB34261	SAMEA5944741
GCA_034808585.1	ASM3480858v1	Pseudomonas fluorescens		FSL S12-0195					PRJNA1003870	SAMN37350773
GCF_034808585.1	ASM3480858v1	Pseudomonas fluorescens		FSL S12-0195					PRJNA1003870	SAMN37350773
GCA_014842335.1	ASM1484233v1	Pseudomonas fluorescens		CFBP13701					PRJNA665156	SAMN16237071
GCF_014842335.1	ASM1484233v1	Pseudomonas fluorescens		CFBP13701					PRJNA665156	SAMN16237071
GCA_018614925.1	ASM1861492v1	Pseudomonas fluorescens		ISL-19					PRJNA291433	SAMN18298942
GCF_018614925.1	ASM1861492v1	Pseudomonas fluorescens		ISL-19					PRJNA291433	SAMN18298942
GCA_018614635.1	ASM1861463v1	Pseudomonas fluorescens		ISL-76					PRJNA291433	SAMN18298950
GCF_018614635.1	ASM1861463v1	Pseudomonas fluorescens		ISL-76					PRJNA291433	SAMN18298950
GCA_018614885.1	ASM1861488v1	Pseudomonas fluorescens		ISL-15					PRJNA291433	SAMN18298940
GCF_018614885.1	ASM1861488v1	Pseudomonas fluorescens		ISL-15					PRJNA291433	SAMN18298940
GCA_014842405.1	ASM1484240v1	Pseudomonas fluorescens		CFBP8781					PRJNA665156	SAMN16237067
GCF_014842405.1	ASM1484240v1	Pseudomonas fluorescens		CFBP8781					PRJNA665156	SAMN16237067
GCA_014838845.1	ASM1483884v1	Pseudomonas fluorescens		CFBP8793					PRJNA665156	SAMN16238286
GCF_014838845.1	ASM1483884v1	Pseudomonas fluorescens		CFBP8793					PRJNA665156	SAMN16238286
GCA_014842515.1	ASM1484251v1	Pseudomonas fluorescens		CFBP8778					PRJNA665156	SAMN16237054
GCF_014842515.1	ASM1484251v1	Pseudomonas fluorescens		CFBP8778					PRJNA665156	SAMN16237054
GCA_012986955.1	ASM1298695v1	Pseudomonas fluorescens		WS 5037					PRJNA612806	SAMN14381912
GCF_012986955.1	ASM1298695v1	Pseudomonas fluorescens		WS 5037					PRJNA612806	SAMN14381912
GCA_019898745.1	ASM1989874v1	Pseudomonas fluorescens		29639_Pf0-1_Pf0-2x_ntrB-A46C					PRJNA759585	SAMN21170521
GCF_019898745.1	ASM1989874v1	Pseudomonas fluorescens		29639_Pf0-1_Pf0-2x_ntrB-A46C					PRJNA759585	SAMN21170521
GCA_019898805.1	ASM1989880v1	Pseudomonas fluorescens		29636_Pf0-1_Pf0-2x_glnA-A938CG943A					PRJNA759583	SAMN21170359
GCF_019898805.1	ASM1989880v1	Pseudomonas fluorescens		29636_Pf0-1_Pf0-2x_glnA-A938CG943A					PRJNA759583	SAMN21170359
GCA_902498045.1	PS843	Pseudomonas fluorescens					PS843		PRJEB34261	SAMEA5944715
GCF_902498045.1	PS843	Pseudomonas fluorescens					PS843		PRJEB34261	SAMEA5944715
GCA_014842485.1	ASM1484248v1	Pseudomonas fluorescens		CFBP8780					PRJNA665156	SAMN16237064
GCF_014842485.1	ASM1484248v1	Pseudomonas fluorescens		CFBP8780					PRJNA665156	SAMN16237064
GCA_019898665.1	ASM1989866v1	Pseudomonas fluorescens		51484_Pf0-1_Pf0-2x_glnA-T1078G					PRJNA759589	SAMN21170612
GCF_019898665.1	ASM1989866v1	Pseudomonas fluorescens		51484_Pf0-1_Pf0-2x_glnA-T1078G					PRJNA759589	SAMN21170612
GCA_019898725.1	ASM1989872v1	Pseudomonas fluorescens		51487_Pf0-1_Pf0-2x_glnA-T1078C					PRJNA759594	SAMN21170815
GCF_019898725.1	ASM1989872v1	Pseudomonas fluorescens		51487_Pf0-1_Pf0-2x_glnA-T1078C					PRJNA759594	SAMN21170815
GCA_001020865.1	ASM102086v1	Pseudomonas fluorescens		AU5633					PRJNA283459	SAMN03650328
GCF_001020865.1	ASM102086v1	Pseudomonas fluorescens		AU5633					PRJNA283459	SAMN03650328
GCA_014842575.1	ASM1484257v1	Pseudomonas fluorescens		CFBP13700					PRJNA665156	SAMN16237051
GCF_014842575.1	ASM1484257v1	Pseudomonas fluorescens		CFBP13700					PRJNA665156	SAMN16237051
GCA_902498205.1	PS914	Pseudomonas fluorescens					PS914		PRJEB34261	SAMEA5944736
GCF_902498205.1	PS914	Pseudomonas fluorescens					PS914		PRJEB34261	SAMEA5944736
GCA_911283405.1	PS861_2021	Pseudomonas fluorescens					PS861		PRJEB34261	SAMEA5944720
GCF_911283405.1	PS861_2021	Pseudomonas fluorescens					PS861		PRJEB34261	SAMEA5944720
GCA_034427545.1	ASM3442754v1	Pseudomonas fluorescens		N-64					PRJNA1048667	SAMN38656434
GCF_034427545.1	ASM3442754v1	Pseudomonas fluorescens		N-64					PRJNA1048667	SAMN38656434
GCA_902498235.1	PS925	Pseudomonas fluorescens					PS925		PRJEB34261	SAMEA5944739
GCF_902498235.1	PS925	Pseudomonas fluorescens					PS925		PRJEB34261	SAMEA5944739
GCA_902498145.1	PS865	Pseudomonas fluorescens					PS865		PRJEB34261	SAMEA5944722
GCF_902498145.1	PS865	Pseudomonas fluorescens					PS865		PRJEB34261	SAMEA5944722
GCA_014838965.1	ASM1483896v1	Pseudomonas fluorescens		CFBP8788					PRJNA665156	SAMN16237973
GCF_014838965.1	ASM1483896v1	Pseudomonas fluorescens		CFBP8788					PRJNA665156	SAMN16237973
GCA_014842605.1	ASM1484260v1	Pseudomonas fluorescens		CFBP8776					PRJNA665156	SAMN16237045
GCF_014842605.1	ASM1484260v1	Pseudomonas fluorescens		CFBP8776					PRJNA665156	SAMN16237045
GCA_003732745.1	ASM373274v1	Pseudomonas fluorescens		24D3					PRJNA342848	SAMN05933944
GCF_003732745.1	ASM373274v1	Pseudomonas fluorescens		24D3					PRJNA342848	SAMN05933944
GCA_014838915.1	ASM1483891v1	Pseudomonas fluorescens		CFBP8789					PRJNA665156	SAMN16238009
GCF_014838915.1	ASM1483891v1	Pseudomonas fluorescens		CFBP8789					PRJNA665156	SAMN16238009
GCA_014842475.1	ASM1484247v1	Pseudomonas fluorescens		CFBP13611					PRJNA665156	SAMN16237055
GCF_014842475.1	ASM1484247v1	Pseudomonas fluorescens		CFBP13611					PRJNA665156	SAMN16237055
GCA_018614835.1	ASM1861483v1	Pseudomonas fluorescens		ISL-17					PRJNA291433	SAMN18298941
GCF_018614835.1	ASM1861483v1	Pseudomonas fluorescens		ISL-17					PRJNA291433	SAMN18298941
GCA_902497855.1	PS833	Pseudomonas fluorescens					PS833		PRJEB34261	SAMEA5944712
GCF_902497855.1	PS833	Pseudomonas fluorescens					PS833		PRJEB34261	SAMEA5944712
GCA_030372785.1	ASM3037278v1	Pseudomonas fluorescens		AB-S30					PRJNA985154	SAMN35790948
GCF_030372785.1	ASM3037278v1	Pseudomonas fluorescens		AB-S30					PRJNA985154	SAMN35790948
GCA_000817905.1	ASM81790v1	Pseudomonas fluorescens		SF4c					PRJNA264639	SAMN03140176
GCF_000817905.1	ASM81790v1	Pseudomonas fluorescens		SF4c					PRJNA264639	SAMN03140176
GCA_014839035.1	ASM1483903v1	Pseudomonas fluorescens		CFBP13649					PRJNA665156	SAMN16237913
GCF_014839035.1	ASM1483903v1	Pseudomonas fluorescens		CFBP13649					PRJNA665156	SAMN16237913
GCA_001468775.2	ASM146877v2	Pseudomonas fluorescens		et76					PRJNA301338	SAMN04244127
GCF_001468775.2	ASM146877v2	Pseudomonas fluorescens		et76					PRJNA301338	SAMN04244127
GCA_003258965.1	ASM325896v1	Pseudomonas fluorescens		LY3					PRJNA475250	SAMN09382806
GCF_003258965.1	ASM325896v1	Pseudomonas fluorescens		LY3					PRJNA475250	SAMN09382806
GCA_014839225.1	ASM1483922v1	Pseudomonas fluorescens		CFBP13533					PRJNA665156	SAMN16237857
GCF_014839225.1	ASM1483922v1	Pseudomonas fluorescens		CFBP13533					PRJNA665156	SAMN16237857
GCA_902498135.1	PS900	Pseudomonas fluorescens					PS900		PRJEB34261	SAMEA5944731
GCF_902498135.1	PS900	Pseudomonas fluorescens					PS900		PRJEB34261	SAMEA5944731
GCA_003363095.1	ASM336309v1	Pseudomonas fluorescens		AHK-1					PRJNA473300	SAMN09270600
GCF_003363095.1	ASM336309v1	Pseudomonas fluorescens		AHK-1					PRJNA473300	SAMN09270600
GCA_001020875.1	ASM102087v1	Pseudomonas fluorescens		AU11114					PRJNA283460	SAMN03650329
GCF_001020875.1	ASM102087v1	Pseudomonas fluorescens		AU11114					PRJNA283460	SAMN03650329
GCA_014838805.1	ASM1483880v1	Pseudomonas fluorescens		CFBP8796					PRJNA665156	SAMN16238321
GCF_014838805.1	ASM1483880v1	Pseudomonas fluorescens		CFBP8796					PRJNA665156	SAMN16238321
GCA_000834545.1	ASM83454v1	Pseudomonas fluorescens		MEP34					PRJNA270653	SAMN03267960
GCF_000834545.1	ASM83454v1	Pseudomonas fluorescens		MEP34					PRJNA270653	SAMN03267960
GCA_004614275.1	ASM461427v1	Pseudomonas fluorescens		BRZ63					PRJNA529642	SAMN11280435
GCF_004614275.1	ASM461427v1	Pseudomonas fluorescens		BRZ63					PRJNA529642	SAMN11280435
GCA_001648775.1	ASM164877v1	Pseudomonas fluorescens		HKI0770					PRJNA315402	SAMN04558174
GCF_001648775.1	ASM164877v1	Pseudomonas fluorescens		HKI0770					PRJNA315402	SAMN04558174
GCA_902497785.1	PS662	Pseudomonas fluorescens					PS662		PRJEB34261	SAMEA5944689
GCF_902497785.1	PS662	Pseudomonas fluorescens					PS662		PRJEB34261	SAMEA5944689
GCA_000817895.1	ASM81789v1	Pseudomonas fluorescens		SF39a					PRJNA264639	SAMN03140177
GCF_000817895.1	ASM81789v1	Pseudomonas fluorescens		SF39a					PRJNA264639	SAMN03140177
GCA_018476695.1	ASM1847669v1	Pseudomonas fluorescens		BC10					PRJNA729209	SAMN19113980
GCF_018476695.1	ASM1847669v1	Pseudomonas fluorescens		BC10					PRJNA729209	SAMN19113980
GCA_902498035.1	PS870	Pseudomonas fluorescens					PS870		PRJEB34261	SAMEA5944723
GCF_902498035.1	PS870	Pseudomonas fluorescens					PS870		PRJEB34261	SAMEA5944723
GCA_003001555.1	ASM300155v1	Pseudomonas fluorescens		11293					PRJNA436461	SAMN08625927
GCF_003001555.1	ASM300155v1	Pseudomonas fluorescens		11293					PRJNA436461	SAMN08625927
GCA_003732405.1	ASM373240v1	Pseudomonas fluorescens		36G2					PRJNA342848	SAMN05933946
GCF_003732405.1	ASM373240v1	Pseudomonas fluorescens		36G2					PRJNA342848	SAMN05933946
GCA_006494335.1	ASM649433v1	Pseudomonas fluorescens		CPM15					PRJNA357271	SAMN12096817
GCF_006494335.1	ASM649433v1	Pseudomonas fluorescens		CPM15					PRJNA357271	SAMN12096817
GCA_014436655.1	ASM1443665v1	Pseudomonas fluorescens		MFP05					PRJNA649214	SAMN15660213
GCF_014436655.1	ASM1443665v1	Pseudomonas fluorescens		MFP05					PRJNA649214	SAMN15660213
GCA_000967945.1	ASM96794v1	Pseudomonas fluorescens		C1					PRJNA276800	SAMN03381134
GCF_000967945.1	ASM96794v1	Pseudomonas fluorescens		C1					PRJNA276800	SAMN03381134
GCA_002022325.1	ASM202232v1	Pseudomonas fluorescens		E24					PRJNA339171	SAMN05589721
GCF_002022325.1	ASM202232v1	Pseudomonas fluorescens		E24					PRJNA339171	SAMN05589721
GCA_902497885.1	PS704	Pseudomonas fluorescens					PS704		PRJEB34261	SAMEA5944702
GCF_902497885.1	PS704	Pseudomonas fluorescens					PS704		PRJEB34261	SAMEA5944702
GCA_902498255.1	PS938	Pseudomonas fluorescens					PS938		PRJEB34261	SAMEA5944742
GCF_902498255.1	PS938	Pseudomonas fluorescens					PS938		PRJEB34261	SAMEA5944742
GCA_903797685.1	B443	Pseudomonas fluorescens					9		PRJEB38476	SAMEA6854751
GCF_903797685.1	B443	Pseudomonas fluorescens					9		PRJEB38476	SAMEA6854751
GCA_018614655.1	ASM1861465v1	Pseudomonas fluorescens		ISL-62					PRJNA291433	SAMN18298949
GCF_018614655.1	ASM1861465v1	Pseudomonas fluorescens		ISL-62					PRJNA291433	SAMN18298949
GCA_902498245.1	PS928	Pseudomonas fluorescens					PS928		PRJEB34261	SAMEA5944740
GCF_902498245.1	PS928	Pseudomonas fluorescens					PS928		PRJEB34261	SAMEA5944740
GCA_902497985.1	PS732	Pseudomonas fluorescens					PS732		PRJEB34261	SAMEA5944711
GCF_902497985.1	PS732	Pseudomonas fluorescens					PS732		PRJEB34261	SAMEA5944711
GCA_044902185.1	ASM4490218v1	Pseudomonas fluorescens		BRM 65466					PRJNA1005924	SAMN37000955
GCF_044902185.1	ASM4490218v1	Pseudomonas fluorescens		BRM 65466					PRJNA1005924	SAMN37000955
GCA_911283435.1	PS627_2021	Pseudomonas fluorescens					PS627		PRJEB34261	SAMEA5944680
GCF_911283435.1	PS627_2021	Pseudomonas fluorescens					PS627		PRJEB34261	SAMEA5944680
GCA_902497745.1	PS655	Pseudomonas fluorescens					PS655		PRJEB34261	SAMEA5944687
GCF_902497745.1	PS655	Pseudomonas fluorescens					PS655		PRJEB34261	SAMEA5944687
GCA_004346535.1	ASM434653v1	Pseudomonas fluorescens		FW300 25_6					PRJNA500191	SAMN10362899
GCF_004346535.1	ASM434653v1	Pseudomonas fluorescens		FW300 25_6					PRJNA500191	SAMN10362899
GCA_000952735.1	ASM95273v1	Pseudomonas fluorescens		NT0133					PRJNA275699	SAMN03352192
GCF_000952735.1	ASM95273v1	Pseudomonas fluorescens		NT0133					PRJNA275699	SAMN03352192
GCA_003001635.1	ASM300163v1	Pseudomonas fluorescens		74954					PRJNA436461	SAMN08625925
GCF_003001635.1	ASM300163v1	Pseudomonas fluorescens		74954					PRJNA436461	SAMN08625925
GCA_000801815.1	PfAU6308	Pseudomonas fluorescens		AU6308					PRJNA262940	SAMN03092886
GCF_000801815.1	PfAU6308	Pseudomonas fluorescens		AU6308					PRJNA262940	SAMN03092886
GCA_902498025.1	PS880	Pseudomonas fluorescens					PS880		PRJEB34261	SAMEA5944726
GCF_902498025.1	PS880	Pseudomonas fluorescens					PS880		PRJEB34261	SAMEA5944726
GCA_902497995.1	PS862	Pseudomonas fluorescens					PS862		PRJEB34261	SAMEA5944721
GCF_902497995.1	PS862	Pseudomonas fluorescens					PS862		PRJEB34261	SAMEA5944721
GCA_902497925.1	PS718	Pseudomonas fluorescens					PS718		PRJEB34261	SAMEA5944707
GCF_902497925.1	PS718	Pseudomonas fluorescens					PS718		PRJEB34261	SAMEA5944707
GCA_001020715.1	ASM102071v1	Pseudomonas fluorescens		AU11706					PRJNA283456	SAMN03650320
GCF_001020715.1	ASM102071v1	Pseudomonas fluorescens		AU11706					PRJNA283456	SAMN03650320
GCA_902497825.1	PS726	Pseudomonas fluorescens					PS726		PRJEB34261	SAMEA5944710
GCF_902497825.1	PS726	Pseudomonas fluorescens					PS726		PRJEB34261	SAMEA5944710
GCA_902497875.1	PS723	Pseudomonas fluorescens					PS723		PRJEB34261	SAMEA5944709
GCF_902497875.1	PS723	Pseudomonas fluorescens					PS723		PRJEB34261	SAMEA5944709
GCA_902497695.1	PS631	Pseudomonas fluorescens					PS631		PRJEB34261	SAMEA5944681
GCF_902497695.1	PS631	Pseudomonas fluorescens					PS631		PRJEB34261	SAMEA5944681
GCA_002901425.1	ASM290142v1	Pseudomonas fluorescens		BWKM6					PRJNA430146	SAMN08366868
GCF_002901425.1	ASM290142v1	Pseudomonas fluorescens		BWKM6					PRJNA430146	SAMN08366868
GCA_902497915.1	PS710	Pseudomonas fluorescens					PS710		PRJEB34261	SAMEA5944705
GCF_902497915.1	PS710	Pseudomonas fluorescens					PS710		PRJEB34261	SAMEA5944705
GCA_041521055.1	ASM4152105v1	Pseudomonas fluorescens		LZB 065					PRJNA1150624	SAMN43291984
GCF_041521055.1	ASM4152105v1	Pseudomonas fluorescens		LZB 065					PRJNA1150624	SAMN43291984
GCA_000801795.1	PfAU6026	Pseudomonas fluorescens		AU6026					PRJNA262933	SAMN03086632
GCF_000801795.1	PfAU6026	Pseudomonas fluorescens		AU6026					PRJNA262933	SAMN03086632
GCA_000802965.1	ASM80296v1	Pseudomonas fluorescens		C2					PRJNA264019	SAMN03112824
GCF_000802965.1	ASM80296v1	Pseudomonas fluorescens		C2					PRJNA264019	SAMN03112824
GCA_002216645.1	ASM221664v1	Pseudomonas fluorescens		TR3					PRJNA344671	SAMN05830384
GCF_002216645.1	ASM221664v1	Pseudomonas fluorescens		TR3					PRJNA344671	SAMN05830384
GCA_023127785.1	ASM2312778v1	Pseudomonas fluorescens		LMG 14677					PRJNA528384	SAMN11180785
GCF_023127785.1	ASM2312778v1	Pseudomonas fluorescens		LMG 14677					PRJNA528384	SAMN11180785
GCA_001317545.1	CBN_34	Pseudomonas fluorescens		S613					PRJNA294689	SAMN04028675
GCF_001317545.1	CBN_34	Pseudomonas fluorescens		S613					PRJNA294689	SAMN04028675
GCA_902497845.1	PS712	Pseudomonas fluorescens					PS712		PRJEB34261	SAMEA5944706
GCF_902497845.1	PS712	Pseudomonas fluorescens					PS712		PRJEB34261	SAMEA5944706
GCA_041354075.1	ASM4135407v1	Pseudomonas fluorescens		WCS317					PRJNA960651	SAMN34352529
GCF_041354075.1	ASM4135407v1	Pseudomonas fluorescens		WCS317					PRJNA960651	SAMN34352529
GCA_000802985.1	ASM80298v1	Pseudomonas fluorescens		H16					PRJNA264019	SAMN03112832
GCF_000802985.1	ASM80298v1	Pseudomonas fluorescens		H16					PRJNA264019	SAMN03112832
GCA_005938625.1	ASM593862v1	Pseudomonas fluorescens		HKI0874					PRJNA544448	SAMN11840292
GCF_005938625.1	ASM593862v1	Pseudomonas fluorescens		HKI0874					PRJNA544448	SAMN11840292
GCA_000967955.1	ASM96795v1	Pseudomonas fluorescens		C3					PRJNA276802	SAMN03381143
GCF_000967955.1	ASM96795v1	Pseudomonas fluorescens		C3					PRJNA276802	SAMN03381143
GCA_019891465.1	ASM1989146v1	Pseudomonas fluorescens		DSS73					PRJNA705655	SAMN18094173
GCF_019891465.1	ASM1989146v1	Pseudomonas fluorescens		DSS73					PRJNA705655	SAMN18094173
GCA_002022275.1	ASM202227v1	Pseudomonas fluorescens		P5A					PRJNA339171	SAMN05589717
GCF_002022275.1	ASM202227v1	Pseudomonas fluorescens		P5A					PRJNA339171	SAMN05589717
GCA_014839385.1	ASM1483938v1	Pseudomonas fluorescens		CFBP13716					PRJNA665156	SAMN16237140
GCF_014839385.1	ASM1483938v1	Pseudomonas fluorescens		CFBP13716					PRJNA665156	SAMN16237140
GCA_002319065.1	ASM231906v1	Pseudomonas fluorescens		ITEM 17298					PRJNA396133	SAMN07421152
GCF_002319065.1	ASM231906v1	Pseudomonas fluorescens		ITEM 17298					PRJNA396133	SAMN07421152
GCA_018614785.1	ASM1861478v1	Pseudomonas fluorescens		ISL-27					PRJNA291433	SAMN18298945
GCF_018614785.1	ASM1861478v1	Pseudomonas fluorescens		ISL-27					PRJNA291433	SAMN18298945
GCA_002407625.1	ASM240762v1	Pseudomonas fluorescens		CH229					PRJNA407797	SAMN07703429
GCF_002407625.1	ASM240762v1	Pseudomonas fluorescens		CH229					PRJNA407797	SAMN07703429
GCA_902497905.1	PS720	Pseudomonas fluorescens					PS720		PRJEB34261	SAMEA5944708
GCF_902497905.1	PS720	Pseudomonas fluorescens					PS720		PRJEB34261	SAMEA5944708
GCA_902497715.1	PS659	Pseudomonas fluorescens					PS659		PRJEB34261	SAMEA5944688
GCF_902497715.1	PS659	Pseudomonas fluorescens					PS659		PRJEB34261	SAMEA5944688
GCA_902497725.1	PS647	Pseudomonas fluorescens					PS647		PRJEB34261	SAMEA5944685
GCF_902497725.1	PS647	Pseudomonas fluorescens					PS647		PRJEB34261	SAMEA5944685
GCA_000967965.1	ASM96796v1	Pseudomonas fluorescens		C8					PRJNA276804	SAMN03381145
GCF_000967965.1	ASM96796v1	Pseudomonas fluorescens		C8					PRJNA276804	SAMN03381145
GCA_002837185.1	ASM283718v1	Pseudomonas fluorescens		PfR 37					PRJNA396534	SAMN07427851
GCF_002837185.1	ASM283718v1	Pseudomonas fluorescens		PfR 37					PRJNA396534	SAMN07427851
GCA_003700755.1	ASM370075v1	Pseudomonas fluorescens		ICMP 3512					PRJNA292453	SAMN03976460
GCF_003700755.1	ASM370075v1	Pseudomonas fluorescens		ICMP 3512					PRJNA292453	SAMN03976460
GCA_043359465.1	ASM4335946v1	Pseudomonas fluorescens		50ft2-S40					PRJNA1156916	SAMN43503115
GCF_043359465.1	ASM4335946v1	Pseudomonas fluorescens		50ft2-S40					PRJNA1156916	SAMN43503115
GCA_014842195.1	ASM1484219v1	Pseudomonas fluorescens		CFBP13713					PRJNA665156	SAMN16237135
GCF_014842195.1	ASM1484219v1	Pseudomonas fluorescens		CFBP13713					PRJNA665156	SAMN16237135
GCA_902497665.1	PS676	Pseudomonas fluorescens					PS676		PRJEB34261	SAMEA5944693
GCF_902497665.1	PS676	Pseudomonas fluorescens					PS676		PRJEB34261	SAMEA5944693
GCA_902497625.1	PS645	Pseudomonas fluorescens					PS645		PRJEB34261	SAMEA5944684
GCF_902497625.1	PS645	Pseudomonas fluorescens					PS645		PRJEB34261	SAMEA5944684
GCA_902497595.1	PS673	Pseudomonas fluorescens					PS673		PRJEB34261	SAMEA5944692
GCF_902497595.1	PS673	Pseudomonas fluorescens					PS673		PRJEB34261	SAMEA5944692
GCA_000968015.1	ASM96801v1	Pseudomonas fluorescens		H24					PRJNA276971	SAMN03382614
GCF_000968015.1	ASM96801v1	Pseudomonas fluorescens		H24					PRJNA276971	SAMN03382614
GCA_043656615.1	ASM4365661v1	Pseudomonas fluorescens		NPDC008057					PRJNA1106891	SAMN43993044
GCF_043656615.1	ASM4365661v1	Pseudomonas fluorescens		NPDC008057					PRJNA1106891	SAMN43993044
GCA_902497895.1	PS691	Pseudomonas fluorescens					PS691		PRJEB34261	SAMEA5944701
GCF_902497895.1	PS691	Pseudomonas fluorescens					PS691		PRJEB34261	SAMEA5944701
GCA_000876155.1	ASM87615v1	Pseudomonas fluorescens		2-79					PRJNA271841	SAMN03278127
GCF_000876155.1	ASM87615v1	Pseudomonas fluorescens		2-79					PRJNA271841	SAMN03278127
GCA_043359515.1	ASM4335951v1	Pseudomonas fluorescens		50ft1-S35					PRJNA1156916	SAMN43503114
GCF_043359515.1	ASM4335951v1	Pseudomonas fluorescens		50ft1-S35					PRJNA1156916	SAMN43503114
GCA_902497645.1	PS623	Pseudomonas fluorescens					PS623		PRJEB34261	SAMEA5944678
GCF_902497645.1	PS623	Pseudomonas fluorescens					PS623		PRJEB34261	SAMEA5944678
GCA_001542695.1	ASM154269v1	Pseudomonas fluorescens		Ps_20					PRJNA262731	SAMN03085547
GCF_001542695.1	ASM154269v1	Pseudomonas fluorescens		Ps_20					PRJNA262731	SAMN03085547
GCA_902497755.1	PS639	Pseudomonas fluorescens					PS639		PRJEB34261	SAMEA5944683
GCF_902497755.1	PS639	Pseudomonas fluorescens					PS639		PRJEB34261	SAMEA5944683
GCA_044743235.1	ASM4474323v1	Pseudomonas fluorescens		NPDC087679					PRJNA1106891	SAMN43997171
GCF_044743235.1	ASM4474323v1	Pseudomonas fluorescens		NPDC087679					PRJNA1106891	SAMN43997171
GCA_044745305.1	ASM4474530v1	Pseudomonas fluorescens		NPDC087035					PRJNA1106891	SAMN43997044
GCF_044745305.1	ASM4474530v1	Pseudomonas fluorescens		NPDC087035					PRJNA1106891	SAMN43997044
GCA_018614775.1	ASM1861477v1	Pseudomonas fluorescens		ISL-33					PRJNA291433	SAMN18298948
GCF_018614775.1	ASM1861477v1	Pseudomonas fluorescens		ISL-33					PRJNA291433	SAMN18298948
GCA_001931665.1	ASM193166v1	Pseudomonas fluorescens		EK007-7t-asp					PRJNA347476	SAMN05890482
GCF_001931665.1	ASM193166v1	Pseudomonas fluorescens		EK007-7t-asp					PRJNA347476	SAMN05890482
GCA_902497605.1	PS624	Pseudomonas fluorescens					PS624		PRJEB34261	SAMEA5944679
GCF_902497605.1	PS624	Pseudomonas fluorescens					PS624		PRJEB34261	SAMEA5944679
GCA_024126455.1	ASM2412645v1	Pseudomonas fluorescens		VE 193-7					PRJNA844552	SAMN29162768
GCF_024126455.1	ASM2412645v1	Pseudomonas fluorescens		VE193-7					PRJNA844552	SAMN29162768
GCA_902497815.1	PS685	Pseudomonas fluorescens					PS685		PRJEB34261	SAMEA5944698
GCF_902497815.1	PS685	Pseudomonas fluorescens					PS685		PRJEB34261	SAMEA5944698
GCA_000801875.1	PfAU14440	Pseudomonas fluorescens		AU14440					PRJNA262951	SAMN03092896
GCF_000801875.1	PfAU14440	Pseudomonas fluorescens		AU14440					PRJNA262951	SAMN03092896
GCA_041354035.1	ASM4135403v1	Pseudomonas fluorescens		WCS134					PRJNA960651	SAMN34352530
GCF_041354035.1	ASM4135403v1	Pseudomonas fluorescens		WCS134					PRJNA960651	SAMN34352530
GCA_002022375.1	ASM202237v1	Pseudomonas fluorescens		TDH5					PRJNA339171	SAMN05589720
GCF_002022375.1	ASM202237v1	Pseudomonas fluorescens		TDH5					PRJNA339171	SAMN05589720
GCA_000827755.2	Pseudomonas fluorescens SRM1	Pseudomonas fluorescens					SRM1		PRJEB7699	SAMEA3112443
GCF_000827755.1	Pseudomonas fluorescens SRM1	Pseudomonas fluorescens					SRM1		PRJEB7699	SAMEA3112443
GCA_001542725.1	ASM154272v1	Pseudomonas fluorescens		Ps_40					PRJNA262727	SAMN03085516
GCF_001542725.1	ASM154272v1	Pseudomonas fluorescens		Ps_40					PRJNA262727	SAMN03085516
GCA_000836415.1	ASM83641v1	Pseudomonas fluorescens		UM270					PRJNA269735	SAMN03256364
GCF_000836415.1	ASM83641v1	Pseudomonas fluorescens		UM270					PRJNA269735	SAMN03256364
GCA_001542715.1	ASM154271v1	Pseudomonas fluorescens		Ps_22					PRJNA262723	SAMN03085509
GCF_001542715.1	ASM154271v1	Pseudomonas fluorescens		Ps_22					PRJNA262723	SAMN03085509
GCA_001466835.1	ASM146683v1	Pseudomonas fluorescens ICMP 11288		ICMP 11288					PRJNA296725	SAMN04102813
GCF_001466835.1	ASM146683v1	Pseudomonas fluorescens ICMP 11288		ICMP 11288					PRJNA296725	SAMN04102813
GCA_000346775.1	Pf29Arp_v1	Pseudomonas fluorescens Pf29Arp		Pf29Arp					PRJNA182080	SAMN02469932
GCF_000346775.1	Pf29Arp_v1	Pseudomonas fluorescens Pf29Arp		Pf29Arp					PRJNA182080	SAMN02469932
GCA_000217955.4	PfluHK442.0	Pseudomonas fluorescens HK44		HK44					PRJNA67805	SAMN02471959
GCF_000217955.3	PfluHK442.0	Pseudomonas fluorescens HK44		HK44					PRJNA67805	SAMN02471959
GCA_000308175.1	PseuFluoBS2	Pseudomonas fluorescens BS2		BS2					PRJNA174875	SAMN01173945
GCF_000308175.1	PseuFluoBS2	Pseudomonas fluorescens BS2		BS2					PRJNA174875	SAMN01173945
GCA_000411675.1	Pse.Fluo1.0	Pseudomonas fluorescens LMG 5329		LMG 5329					PRJNA198067	SAMN02146680
GCF_000411675.1	Pse.Fluo1.0	Pseudomonas fluorescens LMG 5329		LMG 5329					PRJNA198067	SAMN02146680
GCA_012986585.1	ASM1298658v1	Pseudomonas koreensis		WS 5015					PRJNA612806	SAMN14381930
GCF_012986585.1	ASM1298658v1	Pseudomonas koreensis		WS 5015					PRJNA612806	SAMN14381930
GCA_008693205.1	ASM869320v1	Pseudomonas koreensis		UASWS1668					PRJNA543411	SAMN11658786
GCF_008693205.1	ASM869320v1	Pseudomonas koreensis		UASWS1668					PRJNA543411	SAMN11658786
GCA_036668835.1	ASM3666883v1	Pseudomonas koreensis		ESBL8					PRJNA1020068	SAMN37512201
GCF_036668835.1	ASM3666883v1	Pseudomonas koreensis		ESBL8					PRJNA1020068	SAMN37512201
GCA_002003425.1	ASM200342v1	Pseudomonas koreensis		CI12					PRJNA353628	SAMN06018396
GCF_002003425.1	ASM200342v1	Pseudomonas koreensis		CI12					PRJNA353628	SAMN06018396
GCA_039675585.1	ASM3967558v1	Pseudomonas koreensis		Pk21-22					PRJNA1024655	SAMN37702017
GCF_039675585.1	ASM3967558v1	Pseudomonas koreensis		Pk21-22					PRJNA1024655	SAMN37702017
GCA_002177125.1	ASM217712v1	Pseudomonas koreensis		P2					PRJNA328580	SAMN06445250
GCF_002177125.1	ASM217712v1	Pseudomonas koreensis		P2					PRJNA328580	SAMN06445250
GCA_004152965.1	ASM415296v1	Pseudomonas koreensis		AB36					PRJNA518748	SAMN10857202
GCF_004152965.1	ASM415296v1	Pseudomonas koreensis		AB36					PRJNA518748	SAMN10857202
GCA_037137135.1	ASM3713713v1	Pseudomonas koreensis		B17-12					PRJNA997751	SAMN35979846
GCF_037137135.1	ASM3713713v1	Pseudomonas koreensis		B17-12					PRJNA997751	SAMN35979846
GCA_031456675.1	ASM3145667v1	Pseudomonas koreensis		3441					PRJNA709228	SAMN18245285
GCF_031456675.1	ASM3145667v1	Pseudomonas koreensis		3441					PRJNA709228	SAMN18245285
GCA_025447555.1	ASM2544755v1	Pseudomonas koreensis		B1M2-19					PRJNA877629	SAMN30714601
GCF_025447555.1	ASM2544755v1	Pseudomonas koreensis		B1M2-19					PRJNA877629	SAMN30714601
GCA_014197335.1	ASM1419733v1	Pseudomonas koreensis		WW6					PRJNA547316	SAMN12024086
GCF_014197335.1	ASM1419733v1	Pseudomonas koreensis		WW6					PRJNA547316	SAMN12024086
GCA_017939605.1	ASM1793960v1	Pseudomonas koreensis		WZ005					PRJNA719469	SAMN18607551
GCF_017939605.1	ASM1793960v1	Pseudomonas koreensis		WZ005					PRJNA719469	SAMN18607551
GCA_011605305.1	ASM1160530v1	Pseudomonas koreensis		4047					PRJNA612428	SAMN14372156
GCF_011605305.1	ASM1160530v1	Pseudomonas koreensis		4047					PRJNA612428	SAMN14372156
GCA_025599655.1	ASM2559965v1	Pseudomonas koreensis		B1M1-1					PRJNA877629	SAMN30714598
GCF_025599655.1	ASM2559965v1	Pseudomonas koreensis		B1M1-1					PRJNA877629	SAMN30714598
GCA_003999415.1	ASM399941v1	Pseudomonas koreensis		A9					PRJNA345201	SAMN05859588
GCF_003999415.1	ASM399941v1	Pseudomonas koreensis		A9					PRJNA345201	SAMN05859588
GCA_023806665.1	ASM2380666v1	Pseudomonas koreensis		CM-01					PRJNA848447	SAMN29006466
GCF_023806665.1	ASM2380666v1	Pseudomonas koreensis		CM-01					PRJNA848447	SAMN29006466
GCA_025599615.1	ASM2559961v1	Pseudomonas koreensis		B1M3-32					PRJNA877629	SAMN30714599
GCF_025599615.1	ASM2559961v1	Pseudomonas koreensis		B1M3-32					PRJNA877629	SAMN30714599
GCA_025447595.1	ASM2544759v1	Pseudomonas koreensis		B1M1-15					PRJNA877629	SAMN30714597
GCF_025447595.1	ASM2544759v1	Pseudomonas koreensis		B1M1-15					PRJNA877629	SAMN30714597
GCA_005233505.1	ASM523350v1	Pseudomonas koreensis		CFBP13504					PRJNA459522	SAMN09062476
GCF_005233505.1	ASM523350v1	Pseudomonas koreensis		CFBP13504					PRJNA459522	SAMN09062476
GCA_009829275.1	ASM982927v1	Pseudomonas koreensis		JV222					PRJNA564967	SAMN12727389
GCF_009829275.1	ASM982927v1	Pseudomonas koreensis		JV222					PRJNA564967	SAMN12727389
GCA_013337455.1	ASM1333745v1	Pseudomonas koreensis		UMG3125					PRJNA534200	SAMN11479458
GCF_013337455.1	ASM1333745v1	Pseudomonas koreensis		UMG3125					PRJNA534200	SAMN11479458
GCA_039673985.1	ASM3967398v1	Pseudomonas koreensis		TWI610					PRJNA964453	SAMN40712753
GCF_039673985.1	ASM3967398v1	Pseudomonas koreensis		TWI610					PRJNA964453	SAMN40712753
GCA_044743265.1	ASM4474326v1	Pseudomonas koreensis		NPDC087670					PRJNA1106891	SAMN43997168
GCF_044743265.1	ASM4474326v1	Pseudomonas koreensis		NPDC087670					PRJNA1106891	SAMN43997168
GCA_016337125.1	ASM1633712v1	Pseudomonas koreensis		PSB00045					PRJNA475751	SAMN16982857
GCF_016337125.1	ASM1633712v1	Pseudomonas koreensis		PSB00045					PRJNA475751	SAMN16982857
GCA_025397875.1	ASM2539787v1	Pseudomonas veronii		Y-15					PRJNA814657	SAMN26563465
GCF_025397875.1	ASM2539787v1	Pseudomonas veronii		Y-15					PRJNA814657	SAMN26563465
GCA_004015785.1	ASM401578v1	Pseudomonas veronii		RZ					PRJNA471396	SAMN09209426
GCF_004015785.1	ASM401578v1	Pseudomonas veronii		RZ					PRJNA471396	SAMN09209426
GCA_012274305.1	ASM1227430v1	Pseudomonas veronii		DM15					PRJNA611683	SAMN14342341
GCF_012274305.1	ASM1227430v1	Pseudomonas veronii		DM15					PRJNA611683	SAMN14342341
GCA_012985305.1	ASM1298530v1	Pseudomonas veronii		WS 5113					PRJNA612806	SAMN14381994
GCF_012985305.1	ASM1298530v1	Pseudomonas veronii		WS 5113					PRJNA612806	SAMN14381994
GCA_000836475.2	R4V2	Pseudomonas veronii		R4					PRJNA272785	SAMN03286965
GCF_000836475.1	R4V2	Pseudomonas veronii		R4					PRJNA272785	SAMN03286965
GCA_012985325.1	ASM1298532v1	Pseudomonas veronii		WS 4670					PRJNA612806	SAMN14381992
GCF_012985325.1	ASM1298532v1	Pseudomonas veronii		WS 4670					PRJNA612806	SAMN14381992
GCA_012985315.1	ASM1298531v1	Pseudomonas veronii		WS 4671					PRJNA612806	SAMN14381993
GCF_012985315.1	ASM1298531v1	Pseudomonas veronii		WS 4671					PRJNA612806	SAMN14381993
GCA_003970135.1	ASM397013v1	Pseudomonas veronii		SHC-8-1					PRJNA510011	SAMN10593038
GCF_003970135.1	ASM397013v1	Pseudomonas veronii		SHC-8-1					PRJNA510011	SAMN10593038
GCA_003970115.1	ASM397011v1	Pseudomonas veronii		A-6-5					PRJNA510010	SAMN10593019
GCF_003970115.1	ASM397011v1	Pseudomonas veronii		A-6-5					PRJNA510010	SAMN10593019
GCA_016406005.1	ASM1640600v1	Pseudomonas veronii		IB04					PRJNA666993	SAMN16411057
GCF_016406005.1	ASM1640600v1	Pseudomonas veronii		IB04					PRJNA666993	SAMN16411057
GCA_025421655.1	ASM2542165v1	Pseudomonas veronii		B560					PRJNA876106	SAMN30644902
GCF_025421655.1	ASM2542165v1	Pseudomonas veronii		B560					PRJNA876106	SAMN30644902
GCA_012985365.1	ASM1298536v1	Pseudomonas veronii		DSM 16272					PRJNA612806	SAMN14381991
GCF_012985365.1	ASM1298536v1	Pseudomonas veronii		DSM 16272					PRJNA612806	SAMN14381991
GCA_029269225.1	ASM2926922v1	Pseudomonas veronii		1929					PRJNA941309	SAMN33601517
GCF_029269225.1	ASM2926922v1	Pseudomonas veronii		1929					PRJNA941309	SAMN33601517
GCA_013386435.1	ASM1338643v1	Pseudomonas veronii		P7771					PRJNA607442	SAMN14599800
GCF_013386435.1	ASM1338643v1	Pseudomonas veronii		P7771					PRJNA607442	SAMN14599800
GCA_013386345.1	ASM1338634v1	Pseudomonas veronii		P7772					PRJNA607442	SAMN14599801
GCF_013386345.1	ASM1338634v1	Pseudomonas veronii		P7772					PRJNA607442	SAMN14599801
GCA_016307385.1	ASM1630738v1	Pseudomonas veronii		S4_EA_3a					PRJNA680595	SAMN16885844
GCF_016307385.1	ASM1630738v1	Pseudomonas veronii		S4_EA_3a					PRJNA680595	SAMN16885844
GCA_016307395.1	ASM1630739v1	Pseudomonas veronii		S4_EA_3b					PRJNA680595	SAMN16885845
GCF_016307395.1	ASM1630739v1	Pseudomonas veronii		S4_EA_3b					PRJNA680595	SAMN16885845
GCA_008632285.1	ASM863228v1	Pseudomonas veronii		UKR4					PRJNA565195	SAMN12736605
GCF_008632285.1	ASM863228v1	Pseudomonas veronii		UKR4					PRJNA565195	SAMN12736605
GCA_008632315.1	ASM863231v1	Pseudomonas veronii		UKR3					PRJNA565195	SAMN12736604
GCF_008632315.1	ASM863231v1	Pseudomonas veronii		UKR3					PRJNA565195	SAMN12736604
GCA_000350565.1	P.ver1YdBTEX2v.1	Pseudomonas veronii 1YdBTEX2		1YdBTEX2					PRJNA189715	SAMN02469887
GCF_000350565.1	P.ver1YdBTEX2v.1	Pseudomonas veronii 1YdBTEX2		1YdBTEX2					PRJNA189715	SAMN02469887
GCA_000982395.1	P.veronii1YB2v1.0	Pseudomonas veronii 1YB2		1YB2					PRJNA231563	SAMN02692653
GCF_000982395.1	P.veronii1YB2v1.0	Pseudomonas veronii 1YB2		1YB2					PRJNA231563	SAMN02692653
GCA_004102685.1	ASM410268v1	Pseudomonas azotoformans		SC 14					PRJNA377387	SAMN06461247
GCF_004102685.1	ASM410268v1	Pseudomonas azotoformans		SC 14					PRJNA377387	SAMN06461247
GCA_013408895.1	ASM1340889v1	Pseudomonas moraviensis		VanB					PRJNA581659	SAMN13165637
GCF_013408895.1	ASM1340889v1	Pseudomonas moraviensis		VanB					PRJNA581659	SAMN13165637
GCA_002287825.1	ASM228782v1	Pseudomonas moraviensis		TYU6					PRJNA397522	SAMN07550341
GCF_002287825.1	ASM228782v1	Pseudomonas moraviensis		TYU6					PRJNA397522	SAMN07550341
GCA_002287865.1	ASM228786v1	Pseudomonas moraviensis		TYU5					PRJNA397091	SAMN07448239
GCF_002287865.1	ASM228786v1	Pseudomonas moraviensis		TYU5					PRJNA397091	SAMN07448239
GCA_003732785.1	ASM373278v1	Pseudomonas moraviensis		36B3					PRJNA342848	SAMN05933947
GCF_003732785.1	ASM373278v1	Pseudomonas moraviensis		36B3					PRJNA342848	SAMN05933947
GCA_001896125.1	ASM189612v1	Pseudomonas moraviensis		UCD-KL30					PRJNA355592	SAMN06090297
GCF_001896125.1	ASM189612v1	Pseudomonas moraviensis		UCD-KL30					PRJNA355592	SAMN06090297
GCA_004358055.1	ASM435805v1	Pseudomonas moraviensis		N 20.18					PRJNA526302	SAMN11094924
GCF_004358055.1	ASM435805v1	Pseudomonas moraviensis		N 20.18					PRJNA526302	SAMN11094924
GCA_009825315.1	ASM982531v1	Pseudomonas moraviensis		FP1761					PRJNA597460	SAMN13675672
GCF_009825315.1	ASM982531v1	Pseudomonas moraviensis		FP1761					PRJNA597460	SAMN13675672
GCA_001691585.1	ASM169158v1	Pseudomonas moraviensis		Devor					PRJNA327387	SAMN05332130
GCF_001691585.1	ASM169158v1	Pseudomonas moraviensis		Devor					PRJNA327387	SAMN05332130
GCA_027924885.1	ASM2792488v1	Pseudomonas moraviensis		RS1P-1					PRJDB14766	SAMD00556827
GCF_027924885.1	ASM2792488v1	Pseudomonas moraviensis		RS1P-1					PRJDB14766	SAMD00556827
GCA_003936805.1	ASM393680v1	Pseudomonas moraviensis		PM_105					PRJNA497126	SAMN10249223
GCF_003936805.1	ASM393680v1	Pseudomonas moraviensis		PM_105					PRJNA497126	SAMN10249223
GCA_016009315.1	ASM1600931v1	Pseudomonas moraviensis		PSB00010					PRJNA475751	SAMN10436425
GCF_016009315.1	ASM1600931v1	Pseudomonas moraviensis		PSB00010					PRJNA475751	SAMN10436425
GCA_044750005.1	ASM4475000v1	Pseudomonas moraviensis		NPDC088886					PRJNA1106891	SAMN43997426
GCF_044750005.1	ASM4475000v1	Pseudomonas moraviensis		NPDC088886					PRJNA1106891	SAMN43997426
GCA_013386045.1	ASM1338604v1	Pseudomonas tolaasii		B1001					PRJNA607442	SAMN14599749
GCF_013386045.1	ASM1338604v1	Pseudomonas tolaasii		B1001					PRJNA607442	SAMN14599749
GCA_013386035.1	ASM1338603v1	Pseudomonas tolaasii		A9001					PRJNA607442	SAMN14599748
GCF_013386035.1	ASM1338603v1	Pseudomonas tolaasii		A9001					PRJNA607442	SAMN14599748
GCA_019389755.1	ASM1938975v1	Pseudomonas tolaasii		Pt51					PRJNA683167	SAMN17023566
GCF_019389755.1	ASM1938975v1	Pseudomonas tolaasii		Pt51					PRJNA683167	SAMN17023566
GCA_019295345.1	ASM1929534v1	Pseudomonas tolaasii		Pt53					PRJNA683171	SAMN17023575
GCF_019295345.1	ASM1929534v1	Pseudomonas tolaasii		Pt53					PRJNA683171	SAMN17023575
GCA_019891475.1	ASM1989147v1	Pseudomonas tolaasii		CH36					PRJNA705655	SAMN18094177
GCF_019891475.1	ASM1989147v1	Pseudomonas tolaasii		CH36					PRJNA705655	SAMN18094177
GCA_013385235.1	ASM1338523v1	Pseudomonas tolaasii		IPO3741					PRJNA607442	SAMN14599750
GCF_013385235.1	ASM1338523v1	Pseudomonas tolaasii		IPO3741					PRJNA607442	SAMN14599750
GCA_013386505.1	ASM1338650v1	Pseudomonas tolaasii		P7756					PRJNA607442	SAMN14599791
GCF_013386505.1	ASM1338650v1	Pseudomonas tolaasii		P7756					PRJNA607442	SAMN14599791
GCA_013385225.1	ASM1338522v1	Pseudomonas tolaasii		IPO3743					PRJNA607442	SAMN14599752
GCF_013385225.1	ASM1338522v1	Pseudomonas tolaasii		IPO3743					PRJNA607442	SAMN14599752
GCA_013387135.1	ASM1338713v1	Pseudomonas tolaasii		IPO3746					PRJNA607442	SAMN14599753
GCF_013387135.1	ASM1338713v1	Pseudomonas tolaasii		IPO3746					PRJNA607442	SAMN14599753
GCA_013385205.1	ASM1338520v1	Pseudomonas tolaasii		IPO3742					PRJNA607442	SAMN14599751
GCF_013385205.1	ASM1338520v1	Pseudomonas tolaasii		IPO3742					PRJNA607442	SAMN14599751
GCA_013386495.1	ASM1338649v1	Pseudomonas tolaasii		P7757					PRJNA607442	SAMN14599792
GCF_013386495.1	ASM1338649v1	Pseudomonas tolaasii		P7757					PRJNA607442	SAMN14599792
GCA_000276565.1	ASM27656v1	Pseudomonas tolaasii PMS117		PMS117					PRJNA66663	SAMN02471724
GCF_000276565.1	ASM27656v1	Pseudomonas tolaasii PMS117		PMS117					PRJNA66663	SAMN02471724
GCA_000316215.1	Pseudomonas tollassii	Pseudomonas tolaasii 6264		6264					PRJNA89427	SAMN02469594
GCF_000316215.1	Pseudomonas tollassii	Pseudomonas tolaasii 6264		6264					PRJNA89427	SAMN02469594
GCA_012986255.1	ASM1298625v1	Pseudomonas mandelii		WS 5114					PRJNA612806	SAMN14381946
GCF_012986255.1	ASM1298625v1	Pseudomonas mandelii		WS 5114					PRJNA612806	SAMN14381946
GCA_009697185.1	ASM969718v1	Pseudomonas mandelii		B2/38-Q-III					PRJNA498595	SAMN10319710
GCF_009697185.1	ASM969718v1	Pseudomonas mandelii		B2/38-Q-III					PRJNA498595	SAMN10319710
GCA_006438925.1	ASM643892v1	Pseudomonas mandelii		OWC5					PRJNA496474	SAMN10244987
GCF_006438925.1	ASM643892v1	Pseudomonas mandelii		OWC5					PRJNA496474	SAMN10244987
GCA_024138395.1	ASM2413839v1	Pseudomonas mandelii		29					PRJNA853178	SAMN29363560
GCF_024138395.1	ASM2413839v1	Pseudomonas mandelii		29					PRJNA853178	SAMN29363560
GCA_026241895.1	ASM2624189v1	Pseudomonas mandelii		RIT-562					PRJNA899865	SAMN31671170
GCF_026241895.1	ASM2624189v1	Pseudomonas mandelii		RIT-562					PRJNA899865	SAMN31671170
GCA_002251635.1	ASM225163v1	Pseudomonas mandelii		6A1					PRJNA381535	SAMN06679994
GCF_002251635.1	ASM225163v1	Pseudomonas mandelii		6A1					PRJNA381535	SAMN06679994
GCA_000381285.1	ASM38128v1	Pseudomonas mandelii 36MFCvi1.1		36MFCvi1.1					PRJNA182465	SAMN02440483
GCF_000381285.1	ASM38128v1	Pseudomonas mandelii 36MFCvi1.1		36MFCvi1.1					PRJNA182465	SAMN02440483
GCA_000690555.2	Pmandelii1.0	Pseudomonas mandelii PD30		PD30					PRJNA227201	SAMN02770242
GCF_000690555.2	Pmandelii1.0	Pseudomonas mandelii PD30		PD30					PRJNA227201	SAMN02770242
GCA_024169655.1	ASM2416965v1	Pseudomonas marginalis		ICMP 3553_3					PRJNA709550	SAMN18248211
GCF_024169655.1	ASM2416965v1	Pseudomonas marginalis		ICMP 3553_3					PRJNA709550	SAMN18248211
GCA_024169225.1	ASM2416922v1	Pseudomonas marginalis		ICMP 3553_2					PRJNA709549	SAMN18248210
GCF_024169225.1	ASM2416922v1	Pseudomonas marginalis		ICMP 3553_2					PRJNA709549	SAMN18248210
GCA_900105325.1	IMG-taxon 2639762561 annotated assembly	Pseudomonas marginalis		BS2952					PRJEB16449	SAMN04490193
GCF_900105325.1	IMG-taxon 2639762561 annotated assembly	Pseudomonas marginalis		NCPPB 667					PRJEB16449	SAMN04490193
GCA_008692035.1	ASM869203v1	Pseudomonas marginalis		PgKB35					PRJNA560751	SAMN12612899
GCF_008692035.1	ASM869203v1	Pseudomonas marginalis		PgKB35					PRJNA560751	SAMN12612899
GCA_002563725.1	ASM256372v1	Pseudomonas poae		A2-S9					PRJNA243959	SAMN02745526
GCF_002563725.1	ASM256372v1	Pseudomonas poae		A2-S9					PRJNA243959	SAMN02745526
GCA_030815455.1	ASM3081545v1	Pseudomonas marginalis		ICMP 3553_1					PRJNA958348	SAMN34299918
GCF_030815455.1	ASM3081545v1	Pseudomonas marginalis		ICMP 3553_1					PRJNA958348	SAMN34299918
GCA_012986175.1	ASM1298617v1	Pseudomonas marginalis		WS 4668					PRJNA612806	SAMN14381951
GCF_012986175.1	ASM1298617v1	Pseudomonas marginalis		WS 4668					PRJNA612806	SAMN14381951
GCA_012986085.1	ASM1298608v1	Pseudomonas poae		WS 5103					PRJNA612806	SAMN14381953
GCF_012986085.1	ASM1298608v1	Pseudomonas poae		WS 5103					PRJNA612806	SAMN14381953
GCA_023701545.1	ASM2370154v1	Pseudomonas marginalis		SR17					PRJNA844386	SAMN28815266
GCF_023701545.1	ASM2370154v1	Pseudomonas marginalis		SR17					PRJNA844386	SAMN28815266
GCA_032208805.1	ASM3220880v1	Pseudomonas corrugata		PVCT 4.3t					PRJNA852405	SAMN28918788
GCF_032208805.1	ASM3220880v1	Pseudomonas corrugata		PVCT 4.3t					PRJNA852405	SAMN28918788
GCA_031457775.1	ASM3145777v1	Pseudomonas corrugata		BE38					PRJNA709411	SAMN18244803
GCF_031457775.1	ASM3145777v1	Pseudomonas corrugata		BE38					PRJNA709411	SAMN18244803
GCA_002980195.1	ASM298019v1	Pseudomonas poae		MYb114					PRJNA400855	SAMN07581342
GCF_002980195.1	ASM298019v1	Pseudomonas poae		MYb114					PRJNA400855	SAMN07581342
GCA_032208725.1	ASM3220872v1	Pseudomonas corrugata		PVCT GD1					PRJNA852405	SAMN28918791
GCF_032208725.1	ASM3220872v1	Pseudomonas corrugata		PVCT GD1					PRJNA852405	SAMN28918791
GCA_041008175.1	ASM4100817v1	Pseudomonas marginalis		Phyllo_191					PRJNA961062	SAMN40556838
GCF_041008175.1	ASM4100817v1	Pseudomonas marginalis		Phyllo_191					PRJNA961062	SAMN40556838
GCA_034808845.1	ASM3480884v1	Pseudomonas marginalis		FSL S12-0184					PRJNA1003870	SAMN37350765
GCF_034808845.1	ASM3480884v1	Pseudomonas marginalis		FSL S12-0184					PRJNA1003870	SAMN37350765
GCA_034808905.1	ASM3480890v1	Pseudomonas marginalis		FSL S12-0074					PRJNA1003870	SAMN37350764
GCF_034808905.1	ASM3480890v1	Pseudomonas marginalis		FSL S12-0074					PRJNA1003870	SAMN37350764
GCA_002980135.1	ASM298013v1	Pseudomonas poae		MYb117					PRJNA400855	SAMN07581344
GCF_002980135.1	ASM298013v1	Pseudomonas poae		MYb117					PRJNA400855	SAMN07581344
GCA_032208785.1	ASM3220878v1	Pseudomonas corrugata		PVCT 5.1t					PRJNA852405	SAMN28918789
GCF_032208785.1	ASM3220878v1	Pseudomonas corrugata		PVCT 5.1t					PRJNA852405	SAMN28918789
GCA_000967935.1	ASM96793v1	Pseudomonas marginalis		H21					PRJNA276809	SAMN03381180
GCF_000967935.1	ASM96793v1	Pseudomonas marginalis		H21					PRJNA276809	SAMN03381180
GCA_000968025.1	ASM96802v1	Pseudomonas marginalis		H14					PRJNA276807	SAMN03397783
GCF_000968025.1	ASM96802v1	Pseudomonas marginalis		H14					PRJNA276807	SAMN03397783
GCA_016307495.1	ASM1630749v1	Pseudomonas corrugata		Sera_3Q					PRJNA680595	SAMN16885840
GCF_016307495.1	ASM1630749v1	Pseudomonas corrugata		Sera_3Q					PRJNA680595	SAMN16885840
GCA_014268305.1	ASM1426830v1	Pseudomonas poae		SWRI2					PRJNA639797	SAMN15248355
GCF_014268305.1	ASM1426830v1	Pseudomonas poae		SWRI2					PRJNA639797	SAMN15248355
GCA_013359585.1	ASM1335958v1	Pseudomonas corrugata		C7D2					PRJNA631210	SAMN14854761
GCF_013359585.1	ASM1335958v1	Pseudomonas corrugata		C7D2					PRJNA631210	SAMN14854761
GCA_016307475.1	ASM1630747v1	Pseudomonas corrugata		Sera_3A					PRJNA680595	SAMN16885839
GCF_016307475.1	ASM1630747v1	Pseudomonas corrugata		Sera_3A					PRJNA680595	SAMN16885839
GCA_013359545.1	ASM1335954v1	Pseudomonas corrugata		C8A5					PRJNA631210	SAMN14854764
GCF_013359545.1	ASM1335954v1	Pseudomonas corrugata		C8A5					PRJNA631210	SAMN14854764
GCA_041008055.1	ASM4100805v1	Pseudomonas poae		Phyllo_208					PRJNA961062	SAMN40556843
GCF_041008055.1	ASM4100805v1	Pseudomonas poae		Phyllo_208					PRJNA961062	SAMN40556843
GCA_021609325.1	ASM2160932v1	Pseudomonas poae		PA-2-1F					PRJNA587608	SAMN13195917
GCF_021609325.1	ASM2160932v1	Pseudomonas poae		PA-2-1F					PRJNA587608	SAMN13195917
GCA_021609465.1	ASM2160946v1	Pseudomonas poae		PA-1-8B					PRJNA587608	SAMN13195911
GCF_021609465.1	ASM2160946v1	Pseudomonas poae		PA-1-8B					PRJNA587608	SAMN13195911
GCA_021609365.1	ASM2160936v1	Pseudomonas marginalis		PA-2-2B					PRJNA587608	SAMN13195918
GCF_021609365.1	ASM2160936v1	Pseudomonas marginalis		PA-2-2B					PRJNA587608	SAMN13195918
GCA_003731985.1	ASM373198v1	Pseudomonas poae		29G9					PRJNA342848	SAMN05933921
GCF_003731985.1	ASM373198v1	Pseudomonas poae		29G9					PRJNA342848	SAMN05933921
GCA_022628035.1	ASM2262803v1	Pseudomonas corrugata		C8D4					PRJNA633025	SAMN14930921
GCF_022628035.1	ASM2262803v1	Pseudomonas corrugata		C8D4					PRJNA633025	SAMN14930921
GCA_001412065.1	ASM141206v1	Pseudomonas corrugata		TEIC1148					PRJNA290284	SAMN03879928
GCF_001412065.1	ASM141206v1	Pseudomonas corrugata		TEIC1148					PRJNA290284	SAMN03879928
GCA_001412195.1	ASM141219v1	Pseudomonas corrugata		CFBP5403					PRJNA290284	SAMN03879925
GCF_001412195.1	ASM141219v1	Pseudomonas corrugata		CFBP5403					PRJNA290284	SAMN03879925
GCA_030817605.1	ASM3081760v1	Pseudomonas synxantha		W2I4					PRJNA958281	SAMN34299946
GCF_030817605.1	ASM3081760v1	Pseudomonas synxantha		W2I4					PRJNA958281	SAMN34299946
GCA_031455155.1	ASM3145515v1	Pseudomonas synxantha		BE46					PRJNA709414	SAMN18247031
GCF_031455155.1	ASM3145515v1	Pseudomonas synxantha		BE46					PRJNA709414	SAMN18247031
GCA_008121335.1	ASM812133v1	Pseudomonas synxantha		MCP106					PRJNA561277	SAMN12612925
GCF_008121335.1	ASM812133v1	Pseudomonas synxantha		MCP106					PRJNA561277	SAMN12612925
GCA_040754735.1	ASM4075473v1	Pseudomonas synxantha		0102					PRJNA1112751	SAMN41433006
GCF_040754735.1	ASM4075473v1	Pseudomonas synxantha		0102					PRJNA1112751	SAMN41433006
GCA_002022245.1	ASM202224v1	Pseudomonas synxantha		A342					PRJNA339171	SAMN05589719
GCF_002022245.1	ASM202224v1	Pseudomonas synxantha		A342					PRJNA339171	SAMN05589719
GCA_016307365.1	ASM1630736v1	Pseudomonas synxantha		S5_IA_2a					PRJNA680595	SAMN16885846
GCF_016307365.1	ASM1630736v1	Pseudomonas synxantha		S5_IA_2a					PRJNA680595	SAMN16885846
GCA_016307265.1	ASM1630726v1	Pseudomonas synxantha		S5_IA_2b					PRJNA680595	SAMN16885847
GCF_016307265.1	ASM1630726v1	Pseudomonas synxantha		S5_IA_2b					PRJNA680595	SAMN16885847
GCA_016307565.1	ASM1630756v1	Pseudomonas synxantha		GSPB_2418					PRJNA680595	SAMN16885835
GCF_016307565.1	ASM1630756v1	Pseudomonas synxantha		GSPB_2418					PRJNA680595	SAMN16885835
GCA_000522485.1	Pco1	Pseudomonas corrugata CFBP 5454		CFBP 5454					PRJNA196427	SAMN02641555
GCF_000522485.1	Pco1	Pseudomonas corrugata CFBP 5454		CFBP 5454					PRJNA196427	SAMN02641555
GCA_003700875.1	ASM370087v1	Pseudomonas marginalis pv. marginalis		ICMP 3555					PRJNA292453	SAMN03976454
GCF_003700875.1	ASM370087v1	Pseudomonas marginalis pv. marginalis		ICMP 3555					PRJNA292453	SAMN03976454
GCA_029504075.1	ASM2950407v1	Pseudomonas rhodesiae		26B3					PRJNA893712	SAMN31439210
GCF_029504075.1	ASM2950407v1	Pseudomonas rhodesiae		26B3					PRJNA893712	SAMN31439210
GCA_000821225.2	ASM82122v2	Pseudomonas rhodesiae		FF9					PRJEB6356	SAMEA2821761
GCF_000821225.2	ASM82122v2	Pseudomonas rhodesiae		FF9					PRJEB6356	SAMEA2821761
GCA_003732025.1	ASM373202v1	Pseudomonas rhodesiae		88A6					PRJNA342848	SAMN05933923
GCF_003732025.1	ASM373202v1	Pseudomonas rhodesiae		88A6					PRJNA342848	SAMN05933923
GCA_040931495.1	ASM4093149v1	Pseudomonas rhodesiae		SK22					PRJNA1138762	SAMN42741948
GCF_040931495.1	ASM4093149v1	Pseudomonas rhodesiae		SK22					PRJNA1138762	SAMN42741948
GCA_014204275.1	ASM1420427v1	Pseudomonas rhodesiae		S00114					PRJNA632066	SAMN14916291
GCF_014204275.1	ASM1420427v1	Pseudomonas rhodesiae		S00114					PRJNA632066	SAMN14916291
GCA_003732045.1	ASM373204v1	Pseudomonas rhodesiae		90F12-1					PRJNA342848	SAMN05933924
GCF_003732045.1	ASM373204v1	Pseudomonas rhodesiae		90F12-1					PRJNA342848	SAMN05933924
GCA_030462455.1	ASM3046245v1	Pseudomonas rhodesiae		SPPC 2818					PRJNA971652	SAMN35048437
GCF_030462455.1	ASM3046245v1	Pseudomonas rhodesiae		SPPC 2818					PRJNA971652	SAMN35048437
GCA_021603345.1	ASM2160334v1	Pseudomonas rhodesiae		BML-PP011					PRJDB10089	SAMD00422605
GCF_021603345.1	ASM2160334v1	Pseudomonas rhodesiae		BML-PP011					PRJDB10089	SAMD00422605
GCA_012985855.1	ASM1298585v1	Pseudomonas rhodesiae		WS 5107					PRJNA612806	SAMN14381965
GCF_012985855.1	ASM1298585v1	Pseudomonas rhodesiae		WS 5107					PRJNA612806	SAMN14381965
GCA_034808945.1	ASM3480894v1	Pseudomonas rhodesiae		FSL M9-0606					PRJNA1003870	SAMN37350758
GCF_034808945.1	ASM3480894v1	Pseudomonas rhodesiae		FSL M9-0606					PRJNA1003870	SAMN37350758
GCA_034808985.1	ASM3480898v1	Pseudomonas rhodesiae		FSL S12-0141					PRJNA1003870	SAMN37350759
GCF_034808985.1	ASM3480898v1	Pseudomonas rhodesiae		FSL S12-0141					PRJNA1003870	SAMN37350759
GCA_012985905.1	ASM1298590v1	Pseudomonas rhodesiae		WS 4669					PRJNA612806	SAMN14381964
GCF_012985905.1	ASM1298590v1	Pseudomonas rhodesiae		WS 4669					PRJNA612806	SAMN14381964
GCA_021602225.1	ASM2160222v1	Pseudomonas rhodesiae		BML-PP031					PRJDB10089	SAMD00422625
GCF_021602225.1	ASM2160222v1	Pseudomonas rhodesiae		BML-PP031					PRJDB10089	SAMD00422625
GCA_042678325.1	ASM4267832v1	Pseudomonas rhodesiae		JCM 11496					PRJNA595761	SAMN43282668
GCF_042678325.1	ASM4267832v1	Pseudomonas rhodesiae		JCM 11496					PRJNA595761	SAMN43282668
GCA_016307315.1	ASM1630731v1	Pseudomonas rhodesiae		S5_IA_3a					PRJNA680595	SAMN16885848
GCF_016307315.1	ASM1630731v1	Pseudomonas rhodesiae		S5_IA_3a					PRJNA680595	SAMN16885848
GCA_024169315.1	ASM2416931v1	Pseudomonas migulae		NBRC 102157					PRJNA709553	SAMN18246707
GCF_024169315.1	ASM2416931v1	Pseudomonas migulae		NBRC 102157					PRJNA709553	SAMN18246707
GCA_900106025.1	IMG-taxon 2636416188 annotated assembly	Pseudomonas migulae		BS3662					PRJEB16490	SAMN04490194
GCF_900106025.1	IMG-taxon 2636416188 annotated assembly	Pseudomonas migulae		LMG 21608					PRJEB16490	SAMN04490194
GCA_041698325.1	ASM4169832v1	Pseudomonas brenneri		JD2-26					PRJNA1151850	SAMN43324894
GCF_041698325.1	ASM4169832v1	Pseudomonas brenneri		JD2-26					PRJNA1151850	SAMN43324894
GCA_015643585.1	ASM1564358v1	Pseudomonas brenneri		Ps-23					PRJNA678451	SAMN16796731
GCF_015643585.1	ASM1564358v1	Pseudomonas brenneri		Ps-23					PRJNA678451	SAMN16796731
GCA_021605885.1	ASM2160588v1	Pseudomonas congelans		PA-6-2G					PRJNA587608	SAMN13196016
GCF_021605885.1	ASM2160588v1	Pseudomonas congelans		PA-6-2G					PRJNA587608	SAMN13196016
GCA_000737225.1	UB0390_1.0_131105	Pseudomonas congelans		UB0390					PRJNA255825	SAMN02929202
GCF_000737225.1	UB0390_1.0_131105	Pseudomonas congelans		UB0390					PRJNA255825	SAMN02929202
GCA_014450895.1	ASM1445089v1	Pseudomonas congelans		H346-M					PRJNA659743	SAMN15924736
GCF_014450895.1	ASM1445089v1	Pseudomonas congelans		H346-M					PRJNA659743	SAMN15924736
GCA_012986655.1	ASM1298665v1	Pseudomonas gessardii		WS 5049					PRJNA612806	SAMN14381927
GCF_012986655.1	ASM1298665v1	Pseudomonas gessardii		WS 5049					PRJNA612806	SAMN14381927
GCA_019733355.1	ASM1973335v1	Pseudomonas baetica		25P2F9					PRJNA755753	SAMN20841198
GCF_019733355.1	ASM1973335v1	Pseudomonas baetica		25P2F9					PRJNA755753	SAMN20841198
GCA_001400775.1	PcoICMP19117	Pseudomonas congelans		ICMP19117					PRJNA292453	SAMN03976302
GCF_001400775.1	PcoICMP19117	Pseudomonas congelans		ICMP 19117					PRJNA292453	SAMN03976302
GCA_012986615.1	ASM1298661v1	Pseudomonas gessardii		WS 5408					PRJNA612806	SAMN14381928
GCF_012986615.1	ASM1298661v1	Pseudomonas gessardii		WS 5408					PRJNA612806	SAMN14381928
GCA_016009225.1	ASM1600922v1	Pseudomonas gessardii		PSB00014					PRJNA475751	SAMN10436429
GCF_016009225.1	ASM1600922v1	Pseudomonas gessardii		PSB00014					PRJNA475751	SAMN10436429
GCA_012986645.1	ASM1298664v1	Pseudomonas gessardii		G4779					PRJNA612806	SAMN14381926
GCF_012986645.1	ASM1298664v1	Pseudomonas gessardii		G4779					PRJNA612806	SAMN14381926
GCA_002318885.1	ASM231888v1	Pseudomonas congelans		DM2.1.12.02A					PRJNA387592	SAMN07158948
GCF_002318885.1	ASM231888v1	Pseudomonas congelans		DM2.1.12.02A					PRJNA387592	SAMN07158948
GCA_031583675.1	ASM3158367v1	Pseudomonas baetica		MZ-1					PRJNA1014612	SAMN37334429
GCF_031583675.1	ASM3158367v1	Pseudomonas baetica		MZ-1					PRJNA1014612	SAMN37334429
GCA_021605645.1	ASM2160564v1	Pseudomonas gessardii		PA-6-5B					PRJNA587608	SAMN13196027
GCF_021605645.1	ASM2160564v1	Pseudomonas gessardii		PA-6-5B					PRJNA587608	SAMN13196027
GCA_002318645.1	ASM231864v1	Pseudomonas congelans		RMX815.1a					PRJNA387592	SAMN07158963
GCF_002318645.1	ASM231864v1	Pseudomonas congelans		RMX815.1a					PRJNA387592	SAMN07158963
GCA_002318745.1	ASM231874v1	Pseudomonas congelans		NL.P123					PRJNA387592	SAMN07158955
GCF_002318745.1	ASM231874v1	Pseudomonas congelans		NL.P123					PRJNA387592	SAMN07158955
GCA_002323035.1	ASM232303v1	Pseudomonas congelans		ME812.2b					PRJNA387592	SAMN07158964
GCF_002323035.1	ASM232303v1	Pseudomonas congelans		ME812.2b					PRJNA387592	SAMN07158964
GCA_021605585.1	ASM2160558v1	Pseudomonas gessardii		PA-6-6F					PRJNA587608	SAMN13196032
GCF_021605585.1	ASM2160558v1	Pseudomonas gessardii		PA-6-6F					PRJNA587608	SAMN13196032
GCA_021605675.1	ASM2160567v1	Pseudomonas gessardii		PA-6-6A					PRJNA587608	SAMN13196030
GCF_021605675.1	ASM2160567v1	Pseudomonas gessardii		PA-6-6A					PRJNA587608	SAMN13196030
GCA_002318635.1	ASM231863v1	Pseudomonas congelans		LP205a					PRJNA387592	SAMN07158965
GCF_002318635.1	ASM231863v1	Pseudomonas congelans		LP205a					PRJNA387592	SAMN07158965
GCA_021605625.1	ASM2160562v1	Pseudomonas gessardii		PA-6-5F					PRJNA587608	SAMN13196029
GCF_021605625.1	ASM2160562v1	Pseudomonas gessardii		PA-6-5F					PRJNA587608	SAMN13196029
GCA_021605605.1	ASM2160560v1	Pseudomonas gessardii		PA-6-6D					PRJNA587608	SAMN13196031
GCF_021605605.1	ASM2160560v1	Pseudomonas gessardii		PA-6-6D					PRJNA587608	SAMN13196031
GCA_016735085.1	ASM1673508v1	Pseudomonas mediterranea		EDOX					PRJNA692093	SAMN17313627
GCF_016735085.1	ASM1673508v1	Pseudomonas mediterranea		EDOX					PRJNA692093	SAMN17313627
GCA_032208645.1	ASM3220864v1	Pseudomonas mediterranea		PVCT 3C					PRJNA852405	SAMN28918790
GCF_032208645.1	ASM3220864v1	Pseudomonas mediterranea		PVCT 3C					PRJNA852405	SAMN28918790
GCA_001412185.1	ASM141218v1	Pseudomonas mediterranea		TEIC1105					PRJNA290284	SAMN03879933
GCF_001412185.1	ASM141218v1	Pseudomonas mediterranea		TEIC1105					PRJNA290284	SAMN03879933
GCA_001412045.1	ASM141204v1	Pseudomonas mediterranea		CFBP5444					PRJNA290284	SAMN03879930
GCF_001412045.1	ASM141204v1	Pseudomonas mediterranea		CFBP5444					PRJNA290284	SAMN03879930
GCA_001411985.1	ASM141198v1	Pseudomonas mediterranea		CFBP5404					PRJNA290284	SAMN03879929
GCF_001411985.1	ASM141198v1	Pseudomonas mediterranea		CFBP5404					PRJNA290284	SAMN03879929
GCA_001412005.1	ASM141200v1	Pseudomonas mediterranea		TEIC1022					PRJNA290284	SAMN03879932
GCF_001412005.1	ASM141200v1	Pseudomonas mediterranea		TEIC1022					PRJNA290284	SAMN03879932
GCA_918697965.1	SRABI112	Pseudomonas mediterranea					Bi112		PRJEB42773	SAMEA7892420
GCF_918697965.1	SRABI112	Pseudomonas mediterranea					Bi112		PRJEB42773	SAMEA7892420
GCA_002975295.1	ASM297529v1	Pseudomonas trivialis		MYb75					PRJNA400855	SAMN07581393
GCF_002975295.1	ASM297529v1	Pseudomonas trivialis		MYb75					PRJNA400855	SAMN07581393
GCA_001297075.1	ASM129707v1	Pseudomonas libanensis		RIT-PI-g					PRJNA290679	SAMN03895991
GCF_001297075.1	ASM129707v1	Pseudomonas libanensis		RIT-PI-g					PRJNA290679	SAMN03895991
GCA_036857425.1	ASM3685742v1	Pseudomonas orientalis		I3					PRJNA1044431	SAMN38391927
GCF_036857425.1	ASM3685742v1	Pseudomonas orientalis		I3					PRJNA1044431	SAMN38391927
GCA_040549265.1	ASM4054926v1	Pseudomonas trivialis		PvP125					PRJNA1115627	SAMN41513457
GCF_040549265.1	ASM4054926v1	Pseudomonas trivialis		PvP125					PRJNA1115627	SAMN41513457
GCA_004210185.1	ASM421018v1	Pseudomonas orientalis		16NI					PRJNA517425	SAMN10830139
GCF_004210185.1	ASM421018v1	Pseudomonas orientalis		16NI					PRJNA517425	SAMN10830139
GCA_963970785.1	EA_65y_Pfl1_P117	Pseudomonas orientalis					PseudoSSchier:P117		PRJEB57340	SAMEA114413513
GCF_963970785.1	EA_65y_Pfl1_P117	Pseudomonas orientalis					PseudoSSchier:P117		PRJEB57340	SAMEA114413513
GCA_963970415.1	EA_65y_Pfl1_P114	Pseudomonas orientalis					PseudoSSchier:P114		PRJEB57340	SAMEA114413512
GCF_963970415.1	EA_65y_Pfl1_P114	Pseudomonas orientalis					PseudoSSchier:P114		PRJEB57340	SAMEA114413512
GCA_004210175.1	ASM421017v1	Pseudomonas orientalis		133NRW					PRJNA517426	SAMN10830157
GCF_004210175.1	ASM421017v1	Pseudomonas orientalis		133NRW					PRJNA517426	SAMN10830157
GCA_039673785.1	ASM3967378v1	Pseudomonas orientalis		TWI666					PRJNA964453	SAMN40712762
GCF_039673785.1	ASM3967378v1	Pseudomonas orientalis		TWI666					PRJNA964453	SAMN40712762
GCA_013607945.1	ASM1360794v1	Pseudomonas orientalis		CDVBN20					PRJNA546482	SAMN11959962
GCF_013607945.1	ASM1360794v1	Pseudomonas orientalis		CDVBN20					PRJNA546482	SAMN11959962
GCA_041008715.1	ASM4100871v1	Pseudomonas orientalis		Phyllo_205					PRJNA961062	SAMN34351095
GCF_041008715.1	ASM4100871v1	Pseudomonas orientalis		Phyllo_205					PRJNA961062	SAMN34351095
GCA_963970705.1	EL_5y_Pfl1_P110	Pseudomonas proteolytica					PseudoSSchier:P110		PRJEB57340	SAMEA114413521
GCF_963970705.1	EL_5y_Pfl1_P110	Pseudomonas proteolytica					PseudoSSchier:P110		PRJEB57340	SAMEA114413521
GCA_012985975.1	ASM1298597v1	Pseudomonas proteolytica		WS 5128					PRJNA612806	SAMN14381960
GCF_012985975.1	ASM1298597v1	Pseudomonas proteolytica		WS 5128					PRJNA612806	SAMN14381960
GCA_012986045.1	ASM1298604v1	Pseudomonas proteolytica		WS 5031					PRJNA612806	SAMN14381956
GCF_012986045.1	ASM1298604v1	Pseudomonas proteolytica		WS 5031					PRJNA612806	SAMN14381956
GCA_012986005.1	ASM1298600v1	Pseudomonas proteolytica		WS 5127					PRJNA612806	SAMN14381959
GCF_012986005.1	ASM1298600v1	Pseudomonas proteolytica		WS 5127					PRJNA612806	SAMN14381959
GCA_963970435.1	RA_5y_Pfl1_P40	Pseudomonas proteolytica					PseudoSSchier:P40		PRJEB57340	SAMEA114413534
GCF_963970435.1	RA_5y_Pfl1_P40	Pseudomonas proteolytica					PseudoSSchier:P40		PRJEB57340	SAMEA114413534
GCA_963970605.1	RL_105y_Pfl1_P8	Pseudomonas proteolytica					PseudoSSchier:P8		PRJEB57340	SAMEA114413538
GCF_963970605.1	RL_105y_Pfl1_P8	Pseudomonas proteolytica					PseudoSSchier:P8		PRJEB57340	SAMEA114413538
GCA_014268405.1	ASM1426840v1	Pseudomonas proteolytica		SWRI104					PRJNA639797	SAMN15248351
GCF_014268405.1	ASM1426840v1	Pseudomonas proteolytica		SWRI104					PRJNA639797	SAMN15248351
GCA_963970425.1	RA_5y_Pfl1_P37	Pseudomonas proteolytica					PseudoSSchier:P37		PRJEB57340	SAMEA114413532
GCF_963970425.1	RA_5y_Pfl1_P37	Pseudomonas proteolytica					PseudoSSchier:P37		PRJEB57340	SAMEA114413532
GCA_029269195.1	ASM2926919v1	Pseudomonas proteolytica		1912-L					PRJNA941309	SAMN33601512
GCF_029269195.1	ASM2926919v1	Pseudomonas proteolytica		1912-L					PRJNA941309	SAMN33601512
GCA_963970725.1	RA_5y_Pfl1_P34	Pseudomonas proteolytica					PseudoSSchier:P34		PRJEB57340	
GCA_012985945.1	ASM1298594v1	Pseudomonas proteolytica		WS 5148					PRJNA612806	SAMN14381962
GCF_012985945.1	ASM1298594v1	Pseudomonas proteolytica		WS 5148					PRJNA612806	SAMN14381962
GCA_012986025.1	ASM1298602v1	Pseudomonas proteolytica		WS 5126					PRJNA612806	SAMN14381958
GCF_012986025.1	ASM1298602v1	Pseudomonas proteolytica		WS 5126					PRJNA612806	SAMN14381958
GCA_039672915.1	ASM3967291v1	Pseudomonas proteolytica		TWI1436					PRJNA964453	SAMN40712805
GCF_039672915.1	ASM3967291v1	Pseudomonas proteolytica		TWI1436					PRJNA964453	SAMN40712805
GCA_012986075.1	ASM1298607v1	Pseudomonas proteolytica		WS 5060					PRJNA612806	SAMN14381957
GCF_012986075.1	ASM1298607v1	Pseudomonas proteolytica		WS 5060					PRJNA612806	SAMN14381957
GCA_963970555.1	RA_5y_Pfl1_P39	Pseudomonas proteolytica					PseudoSSchier:P39		PRJEB57340	SAMEA114413533
GCF_963970555.1	RA_5y_Pfl1_P39	Pseudomonas proteolytica					PseudoSSchier:P39		PRJEB57340	SAMEA114413533
GCA_012985955.1	ASM1298595v1	Pseudomonas proteolytica		WS 5147					PRJNA612806	SAMN14381961
GCF_012985955.1	ASM1298595v1	Pseudomonas proteolytica		WS 5147					PRJNA612806	SAMN14381961
GCA_021605255.1	ASM2160525v1	Pseudomonas proteolytica		PA-6-9F					PRJNA587608	SAMN13196046
GCF_021605255.1	ASM2160525v1	Pseudomonas proteolytica		PA-6-9F					PRJNA587608	SAMN13196046
GCA_021605705.1	ASM2160570v1	Pseudomonas proteolytica		PA-6-4D					PRJNA587608	SAMN13196025
GCF_021605705.1	ASM2160570v1	Pseudomonas proteolytica		PA-6-4D					PRJNA587608	SAMN13196025
GCA_000708695.2	ATCC 17400	Pseudomonas [fluorescens] ATCC 17400		ATCC 17400					PRJNA238413	SAMN02644483
GCF_000708695.2	ATCC 17400	Pseudomonas [fluorescens] ATCC 17400		ATCC 17400					PRJNA238413	SAMN02644483
GCA_017167285.1	ASM1716728v1	Pseudomonas granadensis		F6_4S_P_5C					PRJNA690512	SAMN17570248
GCF_017167285.1	ASM1716728v1	Pseudomonas granadensis		F6_4S_P_5C					PRJNA690512	SAMN17570248
GCA_017167345.1	ASM1716734v1	Pseudomonas granadensis		F6_4S_P_1A					PRJNA690512	SAMN17570244
GCF_017167345.1	ASM1716734v1	Pseudomonas granadensis		F6_4S_P_1A					PRJNA690512	SAMN17570244
GCA_017167355.1	ASM1716735v1	Pseudomonas granadensis		F6_4S_P_1C					PRJNA690512	SAMN17570246
GCF_017167355.1	ASM1716735v1	Pseudomonas granadensis		F6_4S_P_1C					PRJNA690512	SAMN17570246
GCA_017167275.1	ASM1716727v1	Pseudomonas granadensis		F6_4S_P_2					PRJNA690512	SAMN17570247
GCF_017167275.1	ASM1716727v1	Pseudomonas granadensis		F6_4S_P_2					PRJNA690512	SAMN17570247
GCA_017167425.1	ASM1716742v1	Pseudomonas granadensis		F6_4S_P_1B					PRJNA690512	SAMN17570245
GCF_017167425.1	ASM1716742v1	Pseudomonas granadensis		F6_4S_P_1B					PRJNA690512	SAMN17570245
GCA_037079975.1	ASM3707997v1	Pseudomonas granadensis		ESBL17					PRJNA1020068	SAMN37512209
GCF_037079975.1	ASM3707997v1	Pseudomonas granadensis		ESBL17					PRJNA1020068	SAMN37512209
GCA_013386225.1	ASM1338622v1	Pseudomonas costantinii		21815971					PRJNA607442	SAMN14599788
GCF_013386225.1	ASM1338622v1	Pseudomonas costantinii		21815971					PRJNA607442	SAMN14599788
GCA_013386155.1	ASM1338615v1	Pseudomonas costantinii		21815972					PRJNA607442	SAMN14599789
GCF_013386155.1	ASM1338615v1	Pseudomonas costantinii		21815972					PRJNA607442	SAMN14599789
GCA_030815735.1	ASM3081573v1	Pseudomonas cedrina		W1I11					PRJNA958274	SAMN34299929
GCF_030815735.1	ASM3081573v1	Pseudomonas cedrina		W1I11					PRJNA958274	SAMN34299929
GCA_900625055.1	DSM_19168T	Pseudomonas mucidolens					DSM 19168T		PRJEB29962	SAMEA5131110
GCF_900625055.1	DSM_19168T	Pseudomonas mucidolens					DSM 19168T		PRJEB29962	SAMEA5131110
GCA_963971055.1	EL_15y_Pfl1_R61	Pseudomonas mucidolens					PseudoSSchier:R61		PRJEB57340	SAMEA114413519
GCF_963971055.1	EL_15y_Pfl1_R61	Pseudomonas mucidolens					PseudoSSchier:R61		PRJEB57340	SAMEA114413519
GCA_002980025.1	ASM298002v1	Pseudomonas cedrina		MYb184					PRJNA400855	SAMN07581351
GCF_002980025.1	ASM298002v1	Pseudomonas cedrina		MYb184					PRJNA400855	SAMN07581351
GCA_016887885.1	ASM1688788v1	Pseudomonas ogarae		RDP1					PRJNA697838	SAMN17673829
GCF_016887885.1	ASM1688788v1	Pseudomonas ogarae		RDP1					PRJNA697838	SAMN17673829
GCA_020093335.1	ASM2009333v1	Pseudomonas fluorescens group sp.		24516wA6_ntrB-del410-421					PRJNA759571	SAMN21169462
GCF_020093335.1	ASM2009333v1	Pseudomonas fluorescens group sp.		24516wA6_ntrB-del410-421					PRJNA759571	SAMN21169462
GCA_000968575.1	Pfluo_1855_344_v1	Pseudomonas ogarae		1855-344					PRJNA277995	SAMN03401053
GCF_000968575.1	Pfluo_1855_344_v1	Pseudomonas ogarae		1855-344					PRJNA277995	SAMN03401053
GCA_020093375.1	ASM2009337v1	Pseudomonas fluorescens group sp.		24516wB6_glnK-del84					PRJNA759555	SAMN21169274
GCF_020093375.1	ASM2009337v1	Pseudomonas fluorescens group sp.		24516wB6_glnK-del84					PRJNA759555	SAMN21169274
GCA_002303965.1	ASM230396v1	Pseudomonas ogarae		ACN4					PRJNA341585	SAMN05967355
GCF_002303965.1	ASM230396v1	Pseudomonas ogarae		ACN4					PRJNA341585	SAMN05967355
GCA_002027095.1	ASM202709v1	Pseudomonas ogarae		Ep R1					PRJNA291470	SAMN06345440
GCF_002027095.1	ASM202709v1	Pseudomonas ogarae		Ep R1					PRJNA291470	SAMN06345440
GCA_020093345.1	ASM2009334v1	Pseudomonas fluorescens group sp.		24516wB5_ntrBA289C					PRJNA759549	SAMN21169190
GCF_020093345.1	ASM2009334v1	Pseudomonas fluorescens group sp.		24516wB5_ntrBA289C					PRJNA759549	SAMN21169190
GCA_002303915.1	ASM230391v1	Pseudomonas ogarae		ACN7					PRJNA341585	SAMN06014514
GCF_002303915.1	ASM230391v1	Pseudomonas ogarae		ACN7					PRJNA341585	SAMN06014514
GCA_018336175.1	ASM1833617v1	Pseudomonas rustica		MBT-17					PRJNA656947	SAMN18880037
GCF_018336175.1	ASM1833617v1	Pseudomonas rustica		MBT-17					PRJNA656947	SAMN18880037
GCA_000510915.2	v1	Pseudomonas sp. FH4		FH4					PRJNA186800	SAMN02597451
GCF_000510915.2	v1	Pseudomonas sp. FH4		FH4					PRJNA186800	SAMN02597451
GCA_000510895.2	v1	Pseudomonas sp. FH1		FH1					PRJNA186799	SAMN02597450
GCF_000510895.2	v1	Pseudomonas sp. FH1		FH1					PRJNA186799	SAMN02597450
GCA_045257775.1	ASM4525777v1	Pseudomonas neuropathica		Z 8.8					PRJNA1186539	SAMN44766305
GCF_045257775.1	ASM4525777v1	Pseudomonas neuropathica		Z 8.8					PRJNA1186539	SAMN44766305
GCA_044748445.1	ASM4474844v1	Pseudomonas cyclaminis		NPDC089998					PRJNA1106891	SAMN43997526
GCF_044748445.1	ASM4474844v1	Pseudomonas cyclaminis		NPDC089998					PRJNA1106891	SAMN43997526
GCA_041008185.1	ASM4100818v1	Pseudomonas neuropathica		Phyllo_187					PRJNA961062	SAMN40556837
GCF_041008185.1	ASM4100818v1	Pseudomonas neuropathica		Phyllo_187					PRJNA961062	SAMN40556837
GCA_015163725.1	ASM1516372v1	Pseudomonas cyclaminis		MAFF 301451					PRJNA670593	SAMN16513464
GCF_015163725.1	ASM1516372v1	Pseudomonas cyclaminis		MAFF 301451					PRJNA670593	SAMN16513464
GCA_021166655.1	ASM2116665v1	Pseudomonas petroselini		MAFF 311097					PRJNA785392	SAMN23560444
GCF_021166655.1	ASM2116665v1	Pseudomonas petroselini		MAFF 311097					PRJNA785392	SAMN23560444
GCA_021166545.1	ASM2116654v1	Pseudomonas petroselini		MAFF 311095					PRJNA785389	SAMN23560442
GCF_021166545.1	ASM2116654v1	Pseudomonas petroselini		MAFF 311095					PRJNA785389	SAMN23560442
GCA_900636635.1	43721_H02	Pseudomonas fluorescens		NCTC10783					PRJEB6403	SAMEA3724085
GCF_900636635.1	43721_H02	Pseudomonas fluorescens		NCTC10783					PRJEB6403	SAMEA3724085
GCA_003612935.1	ASM361293v1	Pseudomonas fluorescens		SIK_W1					PRJNA484288	SAMN09762565
GCF_003612935.1	ASM361293v1	Pseudomonas fluorescens		SIK_W1					PRJNA484288	SAMN09762565
GCA_017948385.1	ASM1794838v1	Pseudomonas fluorescens		JNU01					PRJNA720244	SAMN18643063
GCF_017948385.1	ASM1794838v1	Pseudomonas fluorescens		JNU01					PRJNA720244	SAMN18643063
GCA_010668965.1	ASM1066896v1	Pseudomonas fluorescens		DR133					PRJNA604478	SAMN13972922
GCF_010668965.1	ASM1066896v1	Pseudomonas fluorescens		DR133					PRJNA604478	SAMN13972922
GCA_020809085.1	ASM2080908v1	Pseudomonas fluorescens		R6-28-08					PRJNA666450	SAMN20933723
GCF_020809085.1	ASM2080908v1	Pseudomonas fluorescens		R6-28-08					PRJNA666450	SAMN20933723
GCA_035203565.1	ASM3520356v1	Pseudomonas fluorescens		CFBP2392					PRJNA1008137	SAMN37110900
GCA_003410335.1	ASM341033v1	Pseudomonas fluorescens		Pf275					PRJNA485852	SAMN09829193
GCF_003410335.1	ASM341033v1	Pseudomonas fluorescens		Pf275					PRJNA485852	SAMN09829193
GCA_949788755.1	SF1671_chromosome	Pseudomonas fluorescens		SF1671 substr. 0		0	SF1671		PRJEB60605	SAMEA112773100
GCA_902825215.1	PfAR1	Pseudomonas fluorescens					PfAR1		PRJEB34663	SAMEA6264079
GCA_003055645.1	ASM305564v1	Pseudomonas fluorescens		MS82					PRJNA449586	SAMN08912468
GCF_003055645.1	ASM305564v1	Pseudomonas fluorescens		MS82					PRJNA449586	SAMN08912468
GCA_016728065.1	ASM1672806v1	Pseudomonas fluorescens		FDAARGOS_1088					PRJNA231221	SAMN16357257
GCF_016728065.1	ASM1672806v1	Pseudomonas fluorescens		FDAARGOS_1088					PRJNA231221	SAMN16357257
GCA_003626995.1	ASM362699v1	Pseudomonas fluorescens		PF08					PRJNA493704	SAMN10141492
GCF_003626995.1	ASM362699v1	Pseudomonas fluorescens		PF08					PRJNA493704	SAMN10141492
GCA_001747385.1	ASM174738v1	Pseudomonas fluorescens		Pt14					PRJNA343408	SAMN05787338
GCF_001747385.1	ASM174738v1	Pseudomonas fluorescens		Pt14					PRJNA343408	SAMN05787338
GCA_931907645.1	MPBAS00001	Pseudomonas [fluorescens] SBW25		SBW25					PRJEA31229	SAMEA2272316
GCA_000262325.2	ASM26232v2	Pseudomonas fluorescens A506		A506					PRJNA67529	SAMN02604280
GCF_000262325.2	ASM26232v2	Pseudomonas fluorescens A506		A506					PRJNA67529	SAMN02604280
GCA_003049825.1	ASM304982v1	Pseudomonas koreensis		P19E3					PRJNA436895	SAMN08634678
GCF_003049825.1	ASM304982v1	Pseudomonas koreensis		P19E3					PRJNA436895	SAMN08634678
GCA_900092355.1	P_veronii_1YdBTEX21	Pseudomonas veronii 1YdBTEX2		1YdBTEX2					PRJEB11417	SAMEA4065459
GCA_004000515.1	ASM400051v1	Pseudomonas poae		CAP-2018					PRJNA509075	SAMN10536902
GCA_036865365.1	ASM3686536v1	Pseudomonas poae		B12_8					PRJNA951732	SAMN34055329
GCA_036865355.1	ASM3686535v1	Pseudomonas poae		P_poae_W11_10					PRJNA951732	SAMN34055330
GCA_018310475.1	ASM1831047v1	Pseudomonas synxantha		27					PRJNA725964	SAMN18916180
GCA_014076455.1	ASM1407645v1	Pseudomonas migulae		R1-9					PRJNA563298	SAMN12671330
GCF_014076455.1	ASM1407645v1	Pseudomonas migulae		R1-9					PRJNA563298	SAMN12671330
GCF_003952245.1	ASM395224v1	Pseudomonas libanensis		DMSP-1					PRJNA509080	SAMN10537036
GCA_036865075.1	ASM3686507v1	Pseudomonas trivialis		P_trivialis_W02_3					PRJNA951732	SAMN34055359
GCF_036865075.1	ASM3686507v1	Pseudomonas trivialis		P_trivialis_W02_3					PRJNA951732	SAMN34055359
GCA_024123875.1	ASM2412387v1	Pseudomonas proteolytica		H160204					PRJNA852201	SAMN29265454
GCF_024123875.1	ASM2412387v1	Pseudomonas proteolytica		H160204					PRJNA852201	SAMN29265454
GCA_024123855.1	ASM2412385v1	Pseudomonas proteolytica		H160203					PRJNA852189	SAMN29264925
GCA_001878715.1	ASM187871v1	Pseudomonas fluorescens		CREA-C16					PRJNA345279	SAMN05860393
GCF_001878715.1	ASM187871v1	Pseudomonas fluorescens		CREA-C16					PRJNA345279	SAMN05860393
GCA_028869255.1	ASM2886925v1	Pseudomonas poae		5BF					PRJNA785658	SAMN23573943
GCF_028869255.1	ASM2886925v1	Pseudomonas poae		5BF					PRJNA785658	SAMN23573943
GCA_000263695.2	ASM26369v2	Pseudomonas fluorescens Q8r1-96		Q8r1-96					PRJNA67537	SAMN02436384
GCF_000263695.1	ASM26369v2	Pseudomonas fluorescens Q8r1-96		Q8r1-96					PRJNA67537	SAMN02436384
GCA_000166515.1	WH6_v1	Pseudomonas fluorescens WH6		WH6					PRJNA46613	SAMN02470777
GCF_000166515.1	WH6_v1	Pseudomonas fluorescens WH6		WH6					PRJNA46613	SAMN02470777
GCA_016937595.1	ASM1693759v1	Pseudomonas cedrina subsp. fulgida		LMG 21467					PRJNA702605	SAMN17975955
GCA_024168725.1	ASM2416872v1	Pseudomonas fluorescens		KOPRI 25853					PRJNA712074	SAMN18251594
GCA_900455485.1	56269_H02	Pseudomonas fluorescens		NCTC3756					PRJEB6403	SAMEA104200664
GCF_900455485.1	56269_H02	Pseudomonas fluorescens		NCTC3756					PRJEB6403	SAMEA104200664
GCA_003732725.1	ASM373272v1	Pseudomonas fluorescens		48D1					PRJNA342848	SAMN05933942
GCF_003732725.1	ASM373272v1	Pseudomonas fluorescens		48D1					PRJNA342848	SAMN05933942
GCA_003732335.1	ASM373233v1	Pseudomonas fluorescens		90F12-2					PRJNA342848	SAMN05933950
GCF_003732335.1	ASM373233v1	Pseudomonas fluorescens		90F12-2					PRJNA342848	SAMN05933950
GCA_003732795.1	ASM373279v1	Pseudomonas fluorescens		89F1					PRJNA342848	SAMN05933948
GCF_003732795.1	ASM373279v1	Pseudomonas fluorescens		89F1					PRJNA342848	SAMN05933948
GCA_902497945.1	PS834	Pseudomonas fluorescens					PS834		PRJEB34261	SAMEA5944713
GCF_902497945.1	PS834	Pseudomonas fluorescens					PS834		PRJEB34261	SAMEA5944713
GCA_014841405.1	ASM1484140v1	Pseudomonas fluorescens		CFBP13573					PRJNA665156	SAMN16237813
GCF_014841405.1	ASM1484140v1	Pseudomonas fluorescens		CFBP13573					PRJNA665156	SAMN16237813
GCA_014842435.1	ASM1484243v1	Pseudomonas fluorescens		CFBP13604					PRJNA665156	SAMN16237065
GCF_014842435.1	ASM1484243v1	Pseudomonas fluorescens		CFBP13604					PRJNA665156	SAMN16237065
GCA_003732815.1	ASM373281v1	Pseudomonas fluorescens		90D7A					PRJNA342848	SAMN05933949
GCF_003732815.1	ASM373281v1	Pseudomonas fluorescens		90D7A					PRJNA342848	SAMN05933949
GCA_005233775.1	ASM523377v1	Pseudomonas fluorescens		CFBP13514					PRJNA459512	SAMN09063676
GCF_005233775.1	ASM523377v1	Pseudomonas fluorescens		CFBP13514					PRJNA459512	SAMN09063676
GCA_030803425.1	ASM3080342v1	Pseudomonas fluorescens		1098					PRJNA709407	SAMN18245267
GCA_902497685.1	PS683	Pseudomonas fluorescens					PS683		PRJEB34261	SAMEA5944696
GCF_902497685.1	PS683	Pseudomonas fluorescens					PS683		PRJEB34261	SAMEA5944696
GCA_902498175.1	PS907	Pseudomonas fluorescens					PS907		PRJEB34261	SAMEA5944734
GCF_902498175.1	PS907	Pseudomonas fluorescens					PS907		PRJEB34261	SAMEA5944734
GCA_006540245.1	ASM654024v1	Pseudomonas fluorescens		NBRC 15842					PRJDB6068	SAMD00097596
GCF_006540245.1	ASM654024v1	Pseudomonas fluorescens		NBRC 15842					PRJDB6068	SAMD00097596
GCA_002237665.1	ASM223766v1	Pseudomonas fluorescens		EC1					PRJNA394120	SAMN07349395
GCF_002237665.1	ASM223766v1	Pseudomonas fluorescens		EC1					PRJNA394120	SAMN07349395
GCA_002263675.1	ASM226367v1	Pseudomonas fluorescens		SC1					PRJNA394120	SAMN07349398
GCF_002263675.1	ASM226367v1	Pseudomonas fluorescens		SC1					PRJNA394120	SAMN07349398
GCA_902497955.1	PS887	Pseudomonas fluorescens					PS887		PRJEB34261	SAMEA5944727
GCF_902497955.1	PS887	Pseudomonas fluorescens					PS887		PRJEB34261	SAMEA5944727
GCA_004794015.1	ASM479401v1	Pseudomonas fluorescens		LoriBL					PRJNA530714	SAMN11344633
GCF_004794015.1	ASM479401v1	Pseudomonas fluorescens		LoriBL					PRJNA530714	SAMN11344633
GCA_000801915.1	PfAU12271	Pseudomonas fluorescens		AU12271					PRJNA262950	SAMN03092895
GCF_000801915.1	PfAU12271	Pseudomonas fluorescens		AU12271					PRJNA262950	SAMN03092895
GCA_003349815.1	ASM334981v1	Pseudomonas fluorescens		AG1429					PRJNA463051	SAMN09075456
GCF_003349815.1	ASM334981v1	Pseudomonas fluorescens		AG1429					PRJNA463051	SAMN09075456
GCA_902497705.1	PS663	Pseudomonas fluorescens					PS663		PRJEB34261	SAMEA5944690
GCF_902497705.1	PS663	Pseudomonas fluorescens					PS663		PRJEB34261	SAMEA5944690
GCA_014839275.1	ASM1483927v1	Pseudomonas fluorescens		CFBP8768					PRJNA665156	SAMN16237480
GCF_014839275.1	ASM1483927v1	Pseudomonas fluorescens		CFBP8768					PRJNA665156	SAMN16237480
GCA_902498185.1	PS910	Pseudomonas fluorescens					PS910		PRJEB34261	SAMEA5944735
GCF_902498185.1	PS910	Pseudomonas fluorescens					PS910		PRJEB34261	SAMEA5944735
GCA_902497735.1	PS634	Pseudomonas fluorescens					PS634		PRJEB34261	SAMEA5944682
GCF_902497735.1	PS634	Pseudomonas fluorescens					PS634		PRJEB34261	SAMEA5944682
GCA_002417665.1	ASM241766v1	Pseudomonas fluorescens		CH267					PRJNA407797	SAMN07703430
GCF_002417665.1	ASM241766v1	Pseudomonas fluorescens		CH267					PRJNA407797	SAMN07703430
GCA_018614855.1	ASM1861485v1	Pseudomonas fluorescens		ISL-23					PRJNA291433	SAMN18298943
GCF_018614855.1	ASM1861485v1	Pseudomonas fluorescens		ISL-23					PRJNA291433	SAMN18298943
GCA_018614715.1	ASM1861471v1	Pseudomonas fluorescens		ISL-29					PRJNA291433	SAMN18298946
GCF_018614715.1	ASM1861471v1	Pseudomonas fluorescens		ISL-29					PRJNA291433	SAMN18298946
GCA_902498015.1	PS838	Pseudomonas fluorescens					PS838		PRJEB34261	SAMEA5944714
GCF_902498015.1	PS838	Pseudomonas fluorescens					PS838		PRJEB34261	SAMEA5944714
GCA_006505855.1	ASM650585v1	Pseudomonas fluorescens		CFBP 13502					PRJNA454856	SAMN09044009
GCF_006505855.1	ASM650585v1	Pseudomonas fluorescens		CFBP 13502					PRJNA454856	SAMN09044009
GCA_005233585.1	ASM523358v1	Pseudomonas fluorescens		CFBP13517					PRJNA459502	SAMN09064884
GCF_005233585.1	ASM523358v1	Pseudomonas fluorescens		CFBP13517					PRJNA459502	SAMN09064884
GCA_902497965.1	PS874	Pseudomonas fluorescens					PS874		PRJEB34261	SAMEA5944724
GCF_902497965.1	PS874	Pseudomonas fluorescens					PS874		PRJEB34261	SAMEA5944724
GCA_003001565.1	ASM300156v1	Pseudomonas fluorescens		80446/1					PRJNA436461	SAMN08625926
GCF_003001565.1	ASM300156v1	Pseudomonas fluorescens		80446/1					PRJNA436461	SAMN08625926
GCA_005233695.1	ASM523369v1	Pseudomonas fluorescens		CFBP13510					PRJNA459516	SAMN09062823
GCF_005233695.1	ASM523369v1	Pseudomonas fluorescens		CFBP13510					PRJNA459516	SAMN09062823
GCA_902498075.1	PS903	Pseudomonas fluorescens					PS903		PRJEB34261	SAMEA5944732
GCF_902498075.1	PS903	Pseudomonas fluorescens					PS903		PRJEB34261	SAMEA5944732
GCA_902497835.1	PS706	Pseudomonas fluorescens					PS706		PRJEB34261	SAMEA5944703
GCF_902497835.1	PS706	Pseudomonas fluorescens					PS706		PRJEB34261	SAMEA5944703
GCA_002022365.1	ASM202236v1	Pseudomonas fluorescens		G2Y					PRJNA339171	SAMN05589722
GCF_002022365.1	ASM202236v1	Pseudomonas fluorescens		G2Y					PRJNA339171	SAMN05589722
GCA_902497635.1	PS682	Pseudomonas fluorescens					PS682		PRJEB34261	SAMEA5944695
GCF_902497635.1	PS682	Pseudomonas fluorescens					PS682		PRJEB34261	SAMEA5944695
GCA_902498105.1	PS850	Pseudomonas fluorescens					PS850		PRJEB34261	SAMEA5944717
GCF_902498105.1	PS850	Pseudomonas fluorescens					PS850		PRJEB34261	SAMEA5944717
GCA_902497935.1	PS708	Pseudomonas fluorescens					PS708		PRJEB34261	SAMEA5944704
GCF_902497935.1	PS708	Pseudomonas fluorescens					PS708		PRJEB34261	SAMEA5944704
GCA_002022265.1	ASM202226v1	Pseudomonas fluorescens		AH4					PRJNA339171	SAMN05589716
GCF_002022265.1	ASM202226v1	Pseudomonas fluorescens		AH4					PRJNA339171	SAMN05589716
GCA_012273675.1	ASM1227367v1	Pseudomonas fluorescens		B98SK52					PRJNA622274	SAMN14506234
GCF_012273675.1	ASM1227367v1	Pseudomonas fluorescens		B98SK52					PRJNA622274	SAMN14506234
GCA_902497865.1	PS689	Pseudomonas fluorescens					PS689		PRJEB34261	SAMEA5944700
GCF_902497865.1	PS689	Pseudomonas fluorescens					PS689		PRJEB34261	SAMEA5944700
GCA_034044755.1	ASM3404475v1	Pseudomonas fluorescens		CFBP8992					PRJNA1041598	SAMN38288746
GCA_003940565.1	ASM394056v1	Pseudomonas fluorescens		PF_150					PRJNA497126	SAMN10249180
GCF_003940565.1	ASM394056v1	Pseudomonas fluorescens		PF_150					PRJNA497126	SAMN10249180
GCA_002022335.1	ASM202233v1	Pseudomonas fluorescens		A3422A					PRJNA339171	SAMN05589723
GCF_002022335.1	ASM202233v1	Pseudomonas fluorescens		A3422A					PRJNA339171	SAMN05589723
GCA_000800625.1	PseuPA3G8	Pseudomonas fluorescens		PA3G8					PRJNA236579	SAMN03198228
GCF_000800625.1	PseuPA3G8	Pseudomonas fluorescens		PA3G8					PRJNA236579	SAMN03198228
GCA_000801855.1	PfAU11518	Pseudomonas fluorescens		AU11518					PRJNA262949	SAMN03092894
GCF_000801855.1	PfAU11518	Pseudomonas fluorescens		AU11518					PRJNA262949	SAMN03092894
GCA_016405335.1	ASM1640533v1	Pseudomonas fluorescens		MF2830					PRJNA685056	SAMN17076029
GCF_016405335.1	ASM1640533v1	Pseudomonas fluorescens		MF2830					PRJNA685056	SAMN17076029
GCA_902497795.1	PS684	Pseudomonas fluorescens					PS684		PRJEB34261	SAMEA5944697
GCF_902497795.1	PS684	Pseudomonas fluorescens					PS684		PRJEB34261	SAMEA5944697
GCA_000801775.1	PfAU2989	Pseudomonas fluorescens		AU2989					PRJNA262837	SAMN03086631
GCF_000801775.1	PfAU2989	Pseudomonas fluorescens		AU2989					PRJNA262837	SAMN03086631
GCA_002022255.1	ASM202225v1	Pseudomonas fluorescens		TDH40					PRJNA339171	SAMN05589718
GCF_002022255.1	ASM202225v1	Pseudomonas fluorescens		TDH40					PRJNA339171	SAMN05589718
GCA_003001545.1	ASM300154v1	Pseudomonas fluorescens		74475					PRJNA436461	SAMN08625924
GCF_003001545.1	ASM300154v1	Pseudomonas fluorescens		74475					PRJNA436461	SAMN08625924
GCA_016405555.1	ASM1640555v1	Pseudomonas fluorescens		MF7441					PRJNA685056	SAMN17076050
GCF_016405555.1	ASM1640555v1	Pseudomonas fluorescens		MF7441					PRJNA685056	SAMN17076050
GCA_000801895.1	PfAU14705	Pseudomonas fluorescens		AU14705					PRJNA262952	SAMN03092897
GCF_000801895.1	PfAU14705	Pseudomonas fluorescens		AU14705					PRJNA262952	SAMN03092897
GCA_902497615.1	PS619	Pseudomonas fluorescens					PS619		PRJEB34261	SAMEA5944677
GCF_902497615.1	PS619	Pseudomonas fluorescens					PS619		PRJEB34261	SAMEA5944677
GCA_018417655.1	ASM1841765v1	Pseudomonas fluorescens		B29B					PRJNA670955	SAMN18835170
GCF_018417655.1	ASM1841765v1	Pseudomonas fluorescens		B29B					PRJNA670955	SAMN18835170
GCA_016613245.1	ASM1661324v1	Pseudomonas fluorescens		MF6746					PRJNA685056	SAMN17076034
GCF_016613245.1	ASM1661324v1	Pseudomonas fluorescens		MF6746					PRJNA685056	SAMN17076034
GCA_001908925.1	PSEUfluor_ML11A_v1.0	Pseudomonas fluorescens		ML11A					PRJNA357271	SAMN06140193
GCF_001908925.1	PSEUfluor_ML11A_v1.0	Pseudomonas fluorescens		ML11A					PRJNA357271	SAMN06140193
GCA_012273645.1	ASM1227364v1	Pseudomonas fluorescens		B98SM8					PRJNA622274	SAMN14506235
GCF_012273645.1	ASM1227364v1	Pseudomonas fluorescens		B98SM8					PRJNA622274	SAMN14506235
GCA_001466915.1	ASM146691v1	Pseudomonas fluorescens		ICMP3636					PRJNA296741	SAMN04102827
GCF_001466915.1	ASM146691v1	Pseudomonas fluorescens		ICMP3636					PRJNA296741	SAMN04102827
GCA_001444295.1	Pseudomonas fluorescens GcM5-1A	Pseudomonas fluorescens		GcM5-1A					PRJNA244621	SAMN02727819
GCF_001444295.1	Pseudomonas fluorescens GcM5-1A	Pseudomonas fluorescens		GcM5-1A					PRJNA244621	SAMN02727819
GCA_902497655.1	PS664	Pseudomonas fluorescens					PS664		PRJEB34261	SAMEA5944691
GCF_902497655.1	PS664	Pseudomonas fluorescens					PS664		PRJEB34261	SAMEA5944691
GCA_946222975.1	s05vuyN4gX_bin.31.MAG	Pseudomonas fluorescens					s05vuyN4gX_bin.31.MAG		PRJEB47281	SAMEA110089136
GCA_016613035.1	ASM1661303v1	Pseudomonas fluorescens		MF7450					PRJNA685056	SAMN17076055
GCF_016613035.1	ASM1661303v1	Pseudomonas fluorescens		MF7450					PRJNA685056	SAMN17076055
GCA_910577485.1	MGBC103398	Pseudomonas fluorescens					MGBC103398		PRJEB45234	SAMEA8805021
GCA_902497805.1	PS687	Pseudomonas fluorescens					PS687		PRJEB34261	SAMEA5944699
GCF_902497805.1	PS687	Pseudomonas fluorescens					PS687		PRJEB34261	SAMEA5944699
GCA_001542705.1	ASM154270v1	Pseudomonas fluorescens		Ps_77					PRJNA262724	SAMN03085510
GCF_001542705.1	ASM154270v1	Pseudomonas fluorescens		Ps_77					PRJNA262724	SAMN03085510
GCA_000876175.1	ASM87617v1	Pseudomonas fluorescens		DSM 8569					PRJNA271924	SAMN03279759
GCF_000876175.1	ASM87617v1	Pseudomonas fluorescens		DSM 8569					PRJNA271924	SAMN03279759
GCA_018373595.1	ASM1837359v1	Pseudomonas fluorescens					L2_039_000G1_dasL2_039_000G1_concoct_43		PRJNA698986	SAMN17801501
GCA_018614805.1	ASM1861480v1	Pseudomonas fluorescens		ISL-25					PRJNA291433	SAMN18298944
GCF_018614805.1	ASM1861480v1	Pseudomonas fluorescens		ISL-25					PRJNA291433	SAMN18298944
GCA_003417575.1	ASM341757v1	Pseudomonas fluorescens		ATCC 13525					PRJNA486371	SAMN09844436
GCF_003417575.1	ASM341757v1	Pseudomonas fluorescens		ATCC 13525					PRJNA486371	SAMN09844436
GCA_963530035.1	ERR9969147_bin.4_MetaWRAP_v1.3_MAG	Pseudomonas fluorescens					ERR9969147_bin.4_MetaWRAP_v1.3_MAG		PRJEB65351	SAMEA114445209
GCA_016009125.1	ASM1600912v1	Pseudomonas fluorescens		PSB00019					PRJNA475751	SAMN10436434
GCF_016009125.1	ASM1600912v1	Pseudomonas fluorescens		PSB00019					PRJNA475751	SAMN10436434
GCA_002294345.1	ASM229434v1	Pseudomonas fluorescens					UBA879		PRJNA348753	SAMN06455319
GCA_012273665.1	ASM1227366v1	Pseudomonas fluorescens		B98C39					PRJNA622274	SAMN14506233
GCF_012273665.1	ASM1227366v1	Pseudomonas fluorescens		B98C39					PRJNA622274	SAMN14506233
GCA_902497675.1	PS681	Pseudomonas fluorescens					PS681		PRJEB34261	SAMEA5944694
GCF_902497675.1	PS681	Pseudomonas fluorescens					PS681		PRJEB34261	SAMEA5944694
GCA_002909035.1	ASM290903v1	Pseudomonas fluorescens		PL5.4					PRJNA431083	SAMN08383775
GCF_002909035.1	ASM290903v1	Pseudomonas fluorescens		PL5.4					PRJNA431083	SAMN08383775
GCA_009765425.1	ASM976542v1	Pseudomonas fluorescens		BAV 3226					PRJNA576872	SAMN13012104
GCF_009765425.1	ASM976542v1	Pseudomonas fluorescens		BAV 3226					PRJNA576872	SAMN13012104
GCA_003700185.1	ASM370018v1	Pseudomonas fluorescens		ICMP 3636					PRJNA292453	SAMN03976442
GCF_003700185.1	ASM370018v1	Pseudomonas fluorescens		ICMP 3636					PRJNA292453	SAMN03976442
GCA_003241595.1	ASM324159v1	Pseudomonas fluorescens					S2_006_000_R2_63		PRJNA376580	SAMN07426563
GCA_009912315.1	ASM991231v1	Pseudomonas fluorescens					cluster_DBSCAN_round34_1		PRJNA531449	SAMN12995586
GCA_001414285.1	ATCC948-1	Pseudomonas fluorescens		ATCC 948 substr. 1					PRJNA264995	SAMN03144956
GCF_001414285.1	ATCC948-1	Pseudomonas fluorescens		ATCC 948 substr. 1					PRJNA264995	SAMN03144956
GCA_016199775.1	ASM1619977v1	Pseudomonas fluorescens					NC_groundwater_1061_Pr2_B-0.1um_60_12		PRJNA640378	SAMN15435700
GCA_001414295.1	ATCC948-2	Pseudomonas fluorescens		ATCC 948 substr. 2					PRJNA264995	SAMN03144970
GCF_001414295.1	ATCC948-2	Pseudomonas fluorescens		ATCC 948 substr. 2					PRJNA264995	SAMN03144970
GCA_028715475.1	ASM2871547v1	Pseudomonas fluorescens					STD1_8		PRJNA900590	SAMN32734392
GCA_001467205.1	ASM146720v1	Pseudomonas fluorescens ABAC62		ABAC62					PRJNA295872	SAMN04092565
GCA_000511155.2	v1	Pseudomonas fluorescens FH5		FH5					PRJNA186801	SAMN02597452
GCF_000511155.2	v1	Pseudomonas fluorescens FH5		FH5					PRJNA186801	SAMN02597452
GCA_000275925.1	ASM27592v1	Pseudomonas fluorescens NZ052		NZ052					PRJNA32037	SAMN02471725
GCF_000275925.1	ASM27592v1	Pseudomonas fluorescens NZ052		NZ052					PRJNA32037	SAMN02471725
GCA_000334015.1	BRIP34879v2.0	Pseudomonas fluorescens BRIP34879		BRIP34879					PRJNA169520	SAMN02469655
GCF_000334015.1	BRIP34879v2.0	Pseudomonas fluorescens BRIP34879		BRIP34879					PRJNA169520	SAMN02469655
GCA_000276585.1	ASM27658v1	Pseudomonas fluorescens NZ011		NZ011					PRJNA32035	SAMN02471726
GCF_000276585.1	ASM27658v1	Pseudomonas fluorescens NZ011		NZ011					PRJNA32035	SAMN02471726
GCA_000285355.1	ASM28535v1	Pseudomonas fluorescens Wayne1		Wayne1					PRJNA65793	SAMEA3138415
GCF_000285355.1	ASM28535v1	Pseudomonas fluorescens Wayne1		Wayne1					PRJNA65793	SAMEA3138415
GCA_000285955.1	ASM28595v1	Pseudomonas fluorescens Wayne1		Wayne1					PRJNA65793	SAMEA3138418
GCF_000285955.1	ASM28595v1	Pseudomonas fluorescens Wayne1		Wayne1					PRJNA65793	SAMEA3138418
GCA_000275905.1	ASM27590v1	Pseudomonas fluorescens NZI7		NZI7					PRJNA32039	SAMN02471730
GCF_000275905.1	ASM27590v1	Pseudomonas fluorescens NZI7		NZI7					PRJNA32039	SAMN02471730
GCA_000280805.1	ASM28080v1	Pseudomonas fluorescens NZ007		NZ007					PRJNA41635	SAMN02471734
GCF_000280805.1	ASM28080v1	Pseudomonas fluorescens NZ007		NZ007					PRJNA41635	SAMN02471734
GCA_000285615.1	ASM28561v1	Pseudomonas fluorescens Wood1R		WoodR1					PRJEA73041	SAMEA2272645
GCF_000285615.1	ASM28561v1	Pseudomonas fluorescens Wood1R		WoodR1					PRJEA73041	SAMEA2272645
GCA_001856885.1	ASM185688v1	Pseudomonas koreensis		IMBL1					PRJNA345290	SAMN05860607
GCF_001856885.1	ASM185688v1	Pseudomonas koreensis		IMBL1					PRJNA345290	SAMN05860607
GCA_003205315.1	ASM320531v1	Pseudomonas koreensis		LB-090714					PRJNA474049	SAMN09295221
GCF_003205315.1	ASM320531v1	Pseudomonas koreensis		LB-090714					PRJNA474049	SAMN09295221
GCA_003205355.1	ASM320535v1	Pseudomonas koreensis		57B-090624					PRJNA474049	SAMN09295220
GCF_003205355.1	ASM320535v1	Pseudomonas koreensis		57B-090624					PRJNA474049	SAMN09295220
GCA_918698275.1	SRABI89	Pseudomonas koreensis					Bi89		PRJEB42773	SAMEA7892364
GCA_900660425.1	strain_16-537536	Pseudomonas koreensis					Strain_16-537536_assembly		PRJEB30245	SAMEA5175134
GCF_900660425.1	strain_16-537536	Pseudomonas koreensis					Strain_16-537536_assembly		PRJEB30245	SAMEA5175134
GCA_022647545.1	ASM2264754v1	Pseudomonas veronii					UW_DM_PSEUD1_1		PRJNA768576	SAMN22441909
GCA_002029325.1	ASM202932v1	Pseudomonas veronii		VI4T1					PRJNA369437	SAMN06286308
GCF_002029325.1	ASM202932v1	Pseudomonas veronii		VI4T1					PRJNA369437	SAMN06286308
GCA_964031805.1	cycles.exp.s121	Pseudomonas azotoformans					cycles.exp.s121		PRJEB73309	SAMEA115399756
GCA_003701995.1	ASM370199v1	Pseudomonas azotoformans		ICMP 14360					PRJNA292453	SAMN03976368
GCF_003701995.1	ASM370199v1	Pseudomonas azotoformans		ICMP 14360					PRJNA292453	SAMN03976368
GCA_964031695.1	cycles.exp.s152	Pseudomonas azotoformans					cycles.exp.s152		PRJEB73309	SAMEA115399787
GCA_964031775.1	cycles.exp.s167	Pseudomonas azotoformans					cycles.exp.s167		PRJEB73309	SAMEA115399802
GCA_964031845.1	cycles.exp.s131	Pseudomonas azotoformans					cycles.exp.s131		PRJEB73309	SAMEA115399766
GCA_964031555.1	cycles.exp.s133	Pseudomonas azotoformans					cycles.exp.s133		PRJEB73309	SAMEA115399768
GCA_964031545.1	cycles.exp.s180	Pseudomonas azotoformans					cycles.exp.s180		PRJEB73309	SAMEA115399815
GCA_964031365.1	cycles.exp.s141	Pseudomonas azotoformans					cycles.exp.s141		PRJEB73309	SAMEA115399776
GCA_964031975.1	cycles.exp.s154	Pseudomonas azotoformans					cycles.exp.s154		PRJEB73309	SAMEA115399789
GCA_964032025.1	cycles.exp.s173	Pseudomonas azotoformans					cycles.exp.s173		PRJEB73309	SAMEA115399808
GCA_964031285.1	cycles.exp.s159	Pseudomonas azotoformans					cycles.exp.s159		PRJEB73309	SAMEA115399794
GCA_964031665.1	cycles.exp.s151	Pseudomonas azotoformans					cycles.exp.s151		PRJEB73309	SAMEA115399786
GCA_964031935.1	cycles.exp.s149	Pseudomonas azotoformans					cycles.exp.s149		PRJEB73309	SAMEA115399784
GCA_964031345.1	cycles.exp.s165	Pseudomonas azotoformans					cycles.exp.s165		PRJEB73309	SAMEA115399800
GCA_964031515.1	cycles.exp.s138	Pseudomonas azotoformans					cycles.exp.s138		PRJEB73309	SAMEA115399773
GCA_964031485.1	cycles.exp.s182	Pseudomonas azotoformans					cycles.exp.s182		PRJEB73309	SAMEA115399817
GCA_964031865.1	cycles.exp.s146	Pseudomonas azotoformans					cycles.exp.s146		PRJEB73309	SAMEA115399781
GCA_964031955.1	cycles.exp.s176	Pseudomonas azotoformans					cycles.exp.s176		PRJEB73309	SAMEA115399811
GCA_964032075.1	cycles.exp.s161	Pseudomonas azotoformans					cycles.exp.s161		PRJEB73309	SAMEA115399796
GCA_964032015.1	cycles.exp.s170	Pseudomonas azotoformans					cycles.exp.s170		PRJEB73309	SAMEA115399805
GCA_964031855.1	cycles.exp.s156	Pseudomonas azotoformans					cycles.exp.s156		PRJEB73309	SAMEA115399791
GCA_036487185.1	ASM3648718v1	Pseudomonas moraviensis		ESBL32					PRJNA904380	SAMN32209610
GCA_040510555.1	ASM4051055v1	Pseudomonas mandelii					T2R6UO_autometa_bin_0026		PRJNA1109856	SAMN41325012
GCA_024169625.1	ASM2416962v1	Pseudomonas poae		P527/13					PRJNA709561	SAMN18244939
GCF_024169625.1	ASM2416962v1	Pseudomonas poae		P527/13					PRJNA709561	SAMN18244939
GCA_900104875.1	IMG-taxon 2642422516 annotated assembly	Pseudomonas marginalis		BS2778					PRJEB16379	SAMN04490199
GCF_900104875.1	IMG-taxon 2642422516 annotated assembly	Pseudomonas marginalis		LMG 17761					PRJEB16379	SAMN04490199
GCA_946480215.1	ERR5385028_bin.1_metawrap_v1.3.0_MAG	Pseudomonas corrugata					ERR5385028_bin.1_metawrap_v1.3.0_MAG		PRJEB55045	SAMEA110698810
GCF_946480215.1	ERR5385028_bin.1_metawrap_v1.3.0_MAG	Pseudomonas corrugata					ERR5385028_bin.1_metawrap_v1.3.0_MAG		PRJEB55045	SAMEA110698810
GCA_008632295.1	ASM863229v1	Pseudomonas marginalis		UKR2					PRJNA565195	SAMN12736603
GCF_008632295.1	ASM863229v1	Pseudomonas marginalis		UKR2					PRJNA565195	SAMN12736603
GCA_943372365.1	JJ-MAC1KOLB2-402-2-mx-bin658	Pseudomonas synxantha					JJ-MAC1KOLB2-402-2-mx-bin658		PRJEB49198	SAMEA14447305
GCA_943372875.1	JJ-MO2C5C5-342-4-mx-bin696	Pseudomonas synxantha					JJ-MO2C5C5-342-4-mx-bin696		PRJEB49198	SAMEA14447397
GCA_943372405.1	JJ-MIK16A5-260-2-mx-bin674	Pseudomonas synxantha					JJ-MIK16A5-260-2-mx-bin674		PRJEB49198	SAMEA14447354
GCA_943372665.1	JJ-MA1B5-281-3-mx-bin650	Pseudomonas synxantha					JJ-MA1B5-281-3-mx-bin650		PRJEB49198	SAMEA14447289
GCA_945901585.1	MsE-30apr19-84	Pseudomonas synxantha					MsE-30apr19-84		PRJEB35640	SAMEA110380173
GCA_943372455.1	JJ-MAC1KOLA6-346-4-mx-bin656	Pseudomonas synxantha					JJ-MAC1KOLA6-346-4-mx-bin656		PRJEB49198	SAMEA14447303
GCA_943371465.1	JJ-MEM5D2-223-1-m1-bin339	Pseudomonas synxantha					JJ-MEM5D2-223-1-m1-bin339		PRJEB49198	SAMEA14447334
GCA_945874835.1	MiE-14oct19-76	Pseudomonas synxantha					MiE-14oct19-76		PRJEB35640	SAMEA110379859
GCA_943373135.1	JJ-MIR1-432-3-mx-bin680	Pseudomonas synxantha					JJ-MIR1-432-3-mx-bin680		PRJEB49198	SAMEA14447365
GCA_943373045.1	JJ-MEM4D-83-5-m2-bin110	Pseudomonas synxantha					JJ-MEM4D-83-5-m2-bin110		PRJEB49198	SAMEA14447328
GCA_001467325.1	ASM146732v1	Pseudomonas marginalis ICMP 11289		ICMP 11289					PRJNA296727	SAMN04102815
GCF_001467325.1	ASM146732v1	Pseudomonas marginalis ICMP 11289		ICMP 11289					PRJNA296727	SAMN04102815
GCA_001467265.1	ASM146726v1	Pseudomonas marginalis ICMP 9505		ICMP 9505					PRJNA296726	SAMN04102814
GCF_001467265.1	ASM146726v1	Pseudomonas marginalis ICMP 9505		ICMP 9505					PRJNA296726	SAMN04102814
GCA_003700955.1	ASM370095v1	Pseudomonas marginalis pv. marginalis		ICMP 9503					PRJNA292453	SAMN03976443
GCF_003700955.1	ASM370095v1	Pseudomonas marginalis pv. marginalis		ICMP 9503					PRJNA292453	SAMN03976443
GCA_003702065.1	ASM370206v1	Pseudomonas marginalis pv. marginalis		ICMP 14937					PRJNA292453	SAMN03976364
GCF_003702065.1	ASM370206v1	Pseudomonas marginalis pv. marginalis		ICMP 14937					PRJNA292453	SAMN03976364
GCA_964032085.1	cycles.exp.s105	Pseudomonas rhodesiae					cycles.exp.s105		PRJEB73309	SAMEA115399740
GCF_964032085.1	cycles.exp.s105	Pseudomonas rhodesiae					cycles.exp.s105		PRJEB73309	SAMEA115399740
GCA_964031495.1	cycles.exp.s118	Pseudomonas rhodesiae					cycles.exp.s118		PRJEB73309	SAMEA115399753
GCF_964031495.1	cycles.exp.s118	Pseudomonas rhodesiae					cycles.exp.s118		PRJEB73309	SAMEA115399753
GCA_963521225.1	ERR9968924_bin.9_MetaWRAP_v1.3_MAG	Pseudomonas rhodesiae					ERR9968924_bin.9_MetaWRAP_v1.3_MAG		PRJEB65351	SAMEA114444606
GCF_963521225.1	ERR9968924_bin.9_MetaWRAP_v1.3_MAG	Pseudomonas rhodesiae					ERR9968924_bin.9_MetaWRAP_v1.3_MAG		PRJEB65351	SAMEA114444606
GCA_032052475.1	ASM3205247v1	Pseudomonas rhodesiae					CTOTU49380		PRJNA850115	SAMN29162013
GCF_032052475.1	ASM3205247v1	Pseudomonas rhodesiae					CTOTU49380		PRJNA850115	SAMN29162013
GCA_032087575.1	ASM3208757v1	Pseudomonas rhodesiae					CTOTU50844		PRJNA850115	SAMN29163992
GCF_032087575.1	ASM3208757v1	Pseudomonas rhodesiae					CTOTU50844		PRJNA850115	SAMN29163992
GCA_002340035.1	ASM234003v1	Pseudomonas rhodesiae					UBA2601		PRJNA348753	SAMN06456114
GCF_002340035.1	ASM234003v1	Pseudomonas rhodesiae					UBA2601		PRJNA348753	SAMN06456114
GCA_031993805.1	ASM3199380v1	Pseudomonas rhodesiae					CTOTU48138		PRJNA850115	SAMN29160834
GCF_031993805.1	ASM3199380v1	Pseudomonas rhodesiae					CTOTU48138		PRJNA850115	SAMN29160834
GCA_041008675.1	ASM4100867v1	Pseudomonas rhodesiae		Phyllo_204					PRJNA961062	SAMN34351094
GCA_032056925.1	ASM3205692v1	Pseudomonas rhodesiae					CTOTU48728		PRJNA850115	SAMN29161353
GCF_032056925.1	ASM3205692v1	Pseudomonas rhodesiae					CTOTU48728		PRJNA850115	SAMN29161353
GCA_032062085.1	ASM3206208v1	Pseudomonas rhodesiae					CTOTU48783		PRJNA850115	SAMN29161402
GCF_032062085.1	ASM3206208v1	Pseudomonas rhodesiae					CTOTU48783		PRJNA850115	SAMN29161402
GCA_032008345.1	ASM3200834v1	Pseudomonas rhodesiae					CTOTU47483		PRJNA850115	SAMN29159905
GCA_964022015.1	ERR7163067_metabat2_117	Pseudomonas rhodesiae					ERR7163067_metabat2_117		PRJEB52365	SAMEA115172032
GCA_031998645.1	ASM3199864v1	Pseudomonas rhodesiae					CTOTU48007		PRJNA850115	SAMN29160714
GCA_032087515.1	ASM3208751v1	Pseudomonas rhodesiae					CTOTU50847		PRJNA850115	SAMN29163995
GCA_963970965.1	RA_5y_Pfl2_P36	Pseudomonas migulae					PseudoSSchier:P36		PRJEB57340	SAMEA114413535
GCA_004363635.1	ASM436363v1	Pseudomonas brenneri		BIGb0273					PRJNA501410	SAMN10361621
GCF_004363635.1	ASM436363v1	Pseudomonas brenneri		BIGb0273					PRJNA501410	SAMN10361621
GCA_001641345.1	ASM164134v1	Pseudomonas brenneri		RGCB 108					PRJNA315753	SAMN04569815
GCF_001641345.1	ASM164134v1	Pseudomonas brenneri		RGCB 108					PRJNA315753	SAMN04569815
GCA_963521945.1	ERR9968715_bin.6_MetaWRAP_v1.3_MAG	Pseudomonas brenneri					ERR9968715_bin.6_MetaWRAP_v1.3_MAG		PRJEB65351	SAMEA114444000
GCF_963521945.1	ERR9968715_bin.6_MetaWRAP_v1.3_MAG	Pseudomonas brenneri					ERR9968715_bin.6_MetaWRAP_v1.3_MAG		PRJEB65351	SAMEA114444000
GCA_963970665.1	EA_5y_Pfl1_P93	Pseudomonas trivialis					PseudoSSchier:P93		PRJEB57340	SAMEA114413511
GCA_963970755.1	EA_15y_Pfl1_P106	Pseudomonas trivialis					PseudoSSchier:P106		PRJEB57340	SAMEA114413509
GCA_963970655.1	EA_65y_Pfl1_P130	Pseudomonas trivialis					PseudoSSchier:P130		PRJEB57340	
GCA_029240295.1	ASM2924029v1	Pseudomonas orientalis					L_E1_T5_bin.8		PRJNA725542	SAMN20418651
GCA_963970985.1	RL_5y_Pfl2_36	Pseudomonas proteolytica					PseudoSSchier:36		PRJEB57340	SAMEA114413539
GCA_002027165.1	ASM202716v1	Pseudomonas ogarae		Ea RS28					PRJNA291470	SAMN06345439
GCA_044743545.1	ASM4474354v1	Pseudomonas neuropathica		NPDC087609					PRJNA1106891	SAMN43997153
GCA_044753465.1	ASM4475346v1	Pseudomonas neuropathica		NPDC088370					PRJNA1106891	SAMN43997305
