Assembly Accession	Assembly Name	Organism Name	Organism Infraspecific Names Breed	Organism Infraspecific Names Strain	Organism Infraspecific Names Cultivar	Organism Infraspecific Names Ecotype	Organism Infraspecific Names Isolate	Organism Infraspecific Names Sex	Assembly BioProject Accession	Assembly BioSample Accession
GCA_900184295.1	Chr_1	Pseudomonas viridiflava		CFBP 1590			E12-5		PRJEB20965	SAMEA104090973
GCF_900184295.1	Chr_1	Pseudomonas viridiflava		CFBP 1590			E12-5		PRJEB20965	SAMEA104090973
GCA_023497985.1	ASM2349798v1	Pseudomonas viridiflava		JACO-C-5					PRJNA836746	SAMN28171611
GCF_023497985.1	ASM2349798v1	Pseudomonas viridiflava		JACO-C-5					PRJNA836746	SAMN28171611
GCA_025985525.1	ASM2598552v1	Pseudomonas viridiflava		Psy35					PRJNA524303	SAMN11022115
GCF_025985525.1	ASM2598552v1	Pseudomonas viridiflava		Psy35					PRJNA524303	SAMN11022115
GCA_018388545.1	ASM1838854v1	Pseudomonas viridiflava		U625					PRJNA728054	SAMN19070009
GCF_018388545.1	ASM1838854v1	Pseudomonas viridiflava		U625					PRJNA728054	SAMN19070009
GCA_019104085.1	ASM1910408v1	Pseudomonas viridiflava		StP3					PRJNA728054	SAMN19813350
GCF_019104085.1	ASM1910408v1	Pseudomonas viridiflava		StP3					PRJNA728054	SAMN19813350
GCA_019104065.1	ASM1910406v1	Pseudomonas viridiflava		SV1779					PRJNA728054	SAMN19813352
GCF_019104065.1	ASM1910406v1	Pseudomonas viridiflava		SV1779					PRJNA728054	SAMN19813352
GCA_019104045.1	ASM1910404v1	Pseudomonas viridiflava		T1426					PRJNA728054	SAMN19813354
GCF_019104045.1	ASM1910404v1	Pseudomonas viridiflava		T1426					PRJNA728054	SAMN19813354
GCA_019104005.1	ASM1910400v1	Pseudomonas viridiflava		StP4					PRJNA728054	SAMN19813351
GCF_019104005.1	ASM1910400v1	Pseudomonas viridiflava		StP4					PRJNA728054	SAMN19813351
GCA_019104025.1	ASM1910402v1	Pseudomonas viridiflava		T157					PRJNA728054	SAMN19813353
GCF_019104025.1	ASM1910402v1	Pseudomonas viridiflava		T157					PRJNA728054	SAMN19813353
GCA_001642795.1	ASM164279v1	Pseudomonas viridiflava		ICMP 2848					PRJNA296742	SAMN04102828
GCF_001642795.1	ASM164279v1	Pseudomonas viridiflava		ICMP 2848					PRJNA296742	SAMN04102828
GCA_001305955.1	ASM130595v1	Pseudomonas viridiflava		DSM 6694					PRJNA263532	SAMN03103695
GCF_001305955.1	ASM130595v1	Pseudomonas viridiflava		DSM 6694					PRJNA263532	SAMN03103695
GCA_001401215.1	PvrICMP2848	Pseudomonas viridiflava		ICMP2848					PRJNA292453	SAMN03976266
GCF_001401215.1	PvrICMP2848	Pseudomonas viridiflava		ICMP 2848					PRJNA292453	SAMN03976266
GCA_019083885.1	ASM1908388v1	Pseudomonas viridiflava		KF485					PRJNA728054	SAMN19813349
GCF_019083885.1	ASM1908388v1	Pseudomonas viridiflava		KF485					PRJNA728054	SAMN19813349
GCA_019083835.1	ASM1908383v1	Pseudomonas viridiflava		U658					PRJNA728054	SAMN19813355
GCF_019083835.1	ASM1908383v1	Pseudomonas viridiflava		U658					PRJNA728054	SAMN19813355
GCA_022698325.1	ASM2269832v1	Pseudomonas viridiflava		UCD-PV1					PRJNA817822	SAMN26814321
GCF_022698325.1	ASM2269832v1	Pseudomonas viridiflava		UCD-PV1					PRJNA817822	SAMN26814321
GCA_900590535.1	p3.G5	Pseudomonas viridiflava					p3.G5		PRJEB24450	SAMEA104472789
GCF_900590535.1	p3.G5	Pseudomonas viridiflava					p3.G5		PRJEB24450	SAMEA104472789
GCA_900589065.1	p2.A10	Pseudomonas viridiflava					p2.A10		PRJEB24450	SAMEA104472643
GCF_900589065.1	p2.A10	Pseudomonas viridiflava					p2.A10		PRJEB24450	SAMEA104472643
GCA_900581435.1	p12.E1	Pseudomonas viridiflava					p12.E1		PRJEB24450	SAMEA104471883
GCF_900581435.1	p12.E1	Pseudomonas viridiflava					p12.E1		PRJEB24450	SAMEA104471883
GCA_900582905.1	p1.C12	Pseudomonas viridiflava					p1.C12		PRJEB24450	SAMEA104472023
GCF_900582905.1	p1.C12	Pseudomonas viridiflava					p1.C12		PRJEB24450	SAMEA104472023
GCA_900590685.1	p3.H8	Pseudomonas viridiflava					p3.H8		PRJEB24450	SAMEA104472799
GCF_900590685.1	p3.H8	Pseudomonas viridiflava					p3.H8		PRJEB24450	SAMEA104472799
GCA_900600995.1	p7.E12	Pseudomonas viridiflava					p7.E12		PRJEB24450	SAMEA104473084
GCF_900600995.1	p7.E12	Pseudomonas viridiflava					p7.E12		PRJEB24450	SAMEA104473084
GCA_900601025.1	p7.E1	Pseudomonas viridiflava					p7.E1		PRJEB24450	SAMEA104473085
GCF_900601025.1	p7.E1	Pseudomonas viridiflava					p7.E1		PRJEB24450	SAMEA104473085
GCA_900601445.1	p7.H8	Pseudomonas viridiflava					p7.H8		PRJEB24450	SAMEA104473123
GCF_900601445.1	p7.H8	Pseudomonas viridiflava					p7.H8		PRJEB24450	SAMEA104473123
GCA_900590305.1	p3.E2	Pseudomonas viridiflava					p3.E2		PRJEB24450	SAMEA104472767
GCF_900590305.1	p3.E2	Pseudomonas viridiflava					p3.E2		PRJEB24450	SAMEA104472767
GCA_900599335.1	p5.E2	Pseudomonas viridiflava					p5.E2		PRJEB24450	SAMEA104472922
GCF_900599335.1	p5.E2	Pseudomonas viridiflava					p5.E2		PRJEB24450	SAMEA104472922
GCA_900599735.1	p6.A10	Pseudomonas viridiflava					p6.A10		PRJEB24450	SAMEA104472960
GCF_900599735.1	p6.A10	Pseudomonas viridiflava					p6.A10		PRJEB24450	SAMEA104472960
GCA_900600475.1	p6.H10	Pseudomonas viridiflava					p6.H10		PRJEB24450	SAMEA104473030
GCF_900600475.1	p6.H10	Pseudomonas viridiflava					p6.H10		PRJEB24450	SAMEA104473030
GCA_900583415.1	p1.G8	Pseudomonas viridiflava					p1.G8		PRJEB24450	SAMEA104472071
GCF_900583415.1	p1.G8	Pseudomonas viridiflava					p1.G8		PRJEB24450	SAMEA104472071
GCA_900589555.1	p2.F12	Pseudomonas viridiflava					p2.F12		PRJEB24450	SAMEA104472694
GCF_900589555.1	p2.F12	Pseudomonas viridiflava					p2.F12		PRJEB24450	SAMEA104472694
GCA_900582375.1	p13.F6	Pseudomonas viridiflava					p13.F6		PRJEB24450	SAMEA104471976
GCF_900582375.1	p13.F6	Pseudomonas viridiflava					p13.F6		PRJEB24450	SAMEA104471976
GCA_900602135.1	p8.H4	Pseudomonas viridiflava					p8.H4		PRJEB24450	SAMEA104473193
GCF_900602135.1	p8.H4	Pseudomonas viridiflava					p8.H4		PRJEB24450	SAMEA104473193
GCA_900601705.1	p8.E10	Pseudomonas viridiflava					p8.E10		PRJEB24450	SAMEA104473160
GCF_900601705.1	p8.E10	Pseudomonas viridiflava					p8.E10		PRJEB24450	SAMEA104473160
GCA_900602355.1	p9.B12	Pseudomonas viridiflava					p9.B12		PRJEB24450	SAMEA104473212
GCF_900602355.1	p9.B12	Pseudomonas viridiflava					p9.B12		PRJEB24450	SAMEA104473212
GCA_900602995.1	p9.H7	Pseudomonas viridiflava					p9.H7		PRJEB24450	SAMEA104473284
GCF_900602995.1	p9.H7	Pseudomonas viridiflava					p9.H7		PRJEB24450	SAMEA104473284
GCA_900601805.1	p8.F11	Pseudomonas viridiflava					p8.F11		PRJEB24450	SAMEA104473172
GCF_900601805.1	p8.F11	Pseudomonas viridiflava					p8.F11		PRJEB24450	SAMEA104473172
GCA_900601885.1	p8.F12	Pseudomonas viridiflava					p8.F12		PRJEB24450	SAMEA104473173
GCF_900601885.1	p8.F12	Pseudomonas viridiflava					p8.F12		PRJEB24450	SAMEA104473173
GCA_900583055.1	p1.D12	Pseudomonas viridiflava					p1.D12		PRJEB24450	SAMEA104472035
GCF_900583055.1	p1.D12	Pseudomonas viridiflava					p1.D12		PRJEB24450	SAMEA104472035
GCA_900583035.1	p1.D1	Pseudomonas viridiflava					p1.D1		PRJEB24450	SAMEA104472036
GCF_900583035.1	p1.D1	Pseudomonas viridiflava					p1.D1		PRJEB24450	SAMEA104472036
GCA_900600155.1	p6.E1	Pseudomonas viridiflava					p6.E1		PRJEB24450	SAMEA104473003
GCF_900600155.1	p6.E1	Pseudomonas viridiflava					p6.E1		PRJEB24450	SAMEA104473003
GCA_900581405.1	p12.E11	Pseudomonas viridiflava					p12.E11		PRJEB24450	SAMEA104471882
GCF_900581405.1	p12.E11	Pseudomonas viridiflava					p12.E11		PRJEB24450	SAMEA104471882
GCA_900582605.1	p1.A10	Pseudomonas viridiflava					p1.A10		PRJEB24450	SAMEA104471999
GCF_900582605.1	p1.A10	Pseudomonas viridiflava					p1.A10		PRJEB24450	SAMEA104471999
GCA_900582295.1	p13.F10	Pseudomonas viridiflava					p13.F10		PRJEB24450	SAMEA104471968
GCF_900582295.1	p13.F10	Pseudomonas viridiflava					p13.F10		PRJEB24450	SAMEA104471968
GCA_900581425.1	p12.E10	Pseudomonas viridiflava					p12.E10		PRJEB24450	SAMEA104471881
GCF_900581425.1	p12.E10	Pseudomonas viridiflava					p12.E10		PRJEB24450	SAMEA104471881
GCA_900591075.1	p4.F11	Pseudomonas viridiflava					p4.F11		PRJEB24450	SAMEA104472847
GCF_900591075.1	p4.F11	Pseudomonas viridiflava					p4.F11		PRJEB24450	SAMEA104472847
GCA_900599805.1	p6.A9	Pseudomonas viridiflava					p6.A9		PRJEB24450	SAMEA104472967
GCF_900599805.1	p6.A9	Pseudomonas viridiflava					p6.A9		PRJEB24450	SAMEA104472967
GCA_900580815.1	p11.F3	Pseudomonas viridiflava					p11.F3		PRJEB24450	SAMEA104471819
GCF_900580815.1	p11.F3	Pseudomonas viridiflava					p11.F3		PRJEB24450	SAMEA104471819
GCA_900582355.1	p13.F2	Pseudomonas viridiflava					p13.F2		PRJEB24450	SAMEA104471972
GCF_900582355.1	p13.F2	Pseudomonas viridiflava					p13.F2		PRJEB24450	SAMEA104471972
GCA_900582205.1	p13.E10	Pseudomonas viridiflava					p13.E10		PRJEB24450	SAMEA104471957
GCF_900582205.1	p13.E10	Pseudomonas viridiflava					p13.E10		PRJEB24450	SAMEA104471957
GCA_900600275.1	p6.F10	Pseudomonas viridiflava					p6.F10		PRJEB24450	SAMEA104473011
GCF_900600275.1	p6.F10	Pseudomonas viridiflava					p6.F10		PRJEB24450	SAMEA104473011
GCA_900583305.1	p1.G5	Pseudomonas viridiflava					p1.G5		PRJEB24450	SAMEA104472068
GCF_900583305.1	p1.G5	Pseudomonas viridiflava					p1.G5		PRJEB24450	SAMEA104472068
GCA_900585205.1	p22.A1	Pseudomonas viridiflava					p22.A1		PRJEB24450	SAMEA104472254
GCF_900585205.1	p22.A1	Pseudomonas viridiflava					p22.A1		PRJEB24450	SAMEA104472254
GCA_900590505.1	p3.H1	Pseudomonas viridiflava					p3.H1		PRJEB24450	SAMEA104472794
GCF_900590505.1	p3.H1	Pseudomonas viridiflava					p3.H1		PRJEB24450	SAMEA104472794
GCA_900599445.1	p5.F4	Pseudomonas viridiflava					p5.F4		PRJEB24450	SAMEA104472934
GCF_900599445.1	p5.F4	Pseudomonas viridiflava					p5.F4		PRJEB24450	SAMEA104472934
GCA_900600285.1	p6.F11	Pseudomonas viridiflava					p6.F11		PRJEB24450	SAMEA104473012
GCF_900600285.1	p6.F11	Pseudomonas viridiflava					p6.F11		PRJEB24450	SAMEA104473012
GCA_900600325.1	p6.F3	Pseudomonas viridiflava					p6.F3		PRJEB24450	SAMEA104473016
GCF_900600325.1	p6.F3	Pseudomonas viridiflava					p6.F3		PRJEB24450	SAMEA104473016
GCA_900582245.1	p13.E11	Pseudomonas viridiflava					p13.E11		PRJEB24450	SAMEA104471958
GCF_900582245.1	p13.E11	Pseudomonas viridiflava					p13.E11		PRJEB24450	SAMEA104471958
GCA_900589755.1	p2.H4	Pseudomonas viridiflava					p2.H4		PRJEB24450	SAMEA104472715
GCF_900589755.1	p2.H4	Pseudomonas viridiflava					p2.H4		PRJEB24450	SAMEA104472715
GCA_900585595.1	p22.F7	Pseudomonas viridiflava					p22.F7		PRJEB24450	SAMEA104472293
GCF_900585595.1	p22.F7	Pseudomonas viridiflava					p22.F7		PRJEB24450	SAMEA104472293
GCA_900588615.1	p26.G1	Pseudomonas viridiflava					p26.G1		PRJEB24450	SAMEA104472596
GCF_900588615.1	p26.G1	Pseudomonas viridiflava					p26.G1		PRJEB24450	SAMEA104472596
GCA_900584265.1	p20.H4	Pseudomonas viridiflava					p20.H4		PRJEB24450	SAMEA104472162
GCF_900584265.1	p20.H4	Pseudomonas viridiflava					p20.H4		PRJEB24450	SAMEA104472162
GCA_900586755.1	p24.E3	Pseudomonas viridiflava					p24.E3		PRJEB24450	SAMEA104472414
GCF_900586755.1	p24.E3	Pseudomonas viridiflava					p24.E3		PRJEB24450	SAMEA104472414
GCA_900601315.1	p7.H1	Pseudomonas viridiflava					p7.H1		PRJEB24450	SAMEA104473116
GCF_900601315.1	p7.H1	Pseudomonas viridiflava					p7.H1		PRJEB24450	SAMEA104473116
GCA_900600225.1	p6.F12	Pseudomonas viridiflava					p6.F12		PRJEB24450	SAMEA104473013
GCF_900600225.1	p6.F12	Pseudomonas viridiflava					p6.F12		PRJEB24450	SAMEA104473013
GCA_900590665.1	p4.A10	Pseudomonas viridiflava					p4.A10		PRJEB24450	SAMEA104472801
GCF_900590665.1	p4.A10	Pseudomonas viridiflava					p4.A10		PRJEB24450	SAMEA104472801
GCA_900590475.1	p3.G2	Pseudomonas viridiflava					p3.G2		PRJEB24450	SAMEA104472786
GCF_900590475.1	p3.G2	Pseudomonas viridiflava					p3.G2		PRJEB24450	SAMEA104472786
GCA_900580665.1	p11.E10	Pseudomonas viridiflava					p11.E10		PRJEB24450	SAMEA104471805
GCF_900580665.1	p11.E10	Pseudomonas viridiflava					p11.E10		PRJEB24450	SAMEA104471805
GCA_900599565.1	p5.G2	Pseudomonas viridiflava					p5.G2		PRJEB24450	SAMEA104472943
GCF_900599565.1	p5.G2	Pseudomonas viridiflava					p5.G2		PRJEB24450	SAMEA104472943
GCA_900600175.1	p6.E10	Pseudomonas viridiflava					p6.E10		PRJEB24450	SAMEA104473001
GCF_900600175.1	p6.E10	Pseudomonas viridiflava					p6.E10		PRJEB24450	SAMEA104473001
GCA_900584405.1	p21.A4	Pseudomonas viridiflava					p21.A4		PRJEB24450	SAMEA104472173
GCF_900584405.1	p21.A4	Pseudomonas viridiflava					p21.A4		PRJEB24450	SAMEA104472173
GCA_900584795.1	p21.E4	Pseudomonas viridiflava					p21.E4		PRJEB24450	SAMEA104472216
GCF_900584795.1	p21.E4	Pseudomonas viridiflava					p21.E4		PRJEB24450	SAMEA104472216
GCA_900590745.1	p4.A9	Pseudomonas viridiflava					p4.A9		PRJEB24450	SAMEA104472809
GCF_900590745.1	p4.A9	Pseudomonas viridiflava					p4.A9		PRJEB24450	SAMEA104472809
GCA_900601265.1	p7.G8	Pseudomonas viridiflava					p7.G8		PRJEB24450	SAMEA104473112
GCF_900601265.1	p7.G8	Pseudomonas viridiflava					p7.G8		PRJEB24450	SAMEA104473112
GCA_900581625.1	p12.G2	Pseudomonas viridiflava					p12.G2		PRJEB24450	SAMEA104471901
GCF_900581625.1	p12.G2	Pseudomonas viridiflava					p12.G2		PRJEB24450	SAMEA104471901
GCA_900583335.1	p1.H2	Pseudomonas viridiflava					p1.H2		PRJEB24450	SAMEA104472076
GCF_900583335.1	p1.H2	Pseudomonas viridiflava					p1.H2		PRJEB24450	SAMEA104472076
GCA_900601345.1	p7.H2	Pseudomonas viridiflava					p7.H2		PRJEB24450	SAMEA104473117
GCF_900601345.1	p7.H2	Pseudomonas viridiflava					p7.H2		PRJEB24450	SAMEA104473117
GCA_900602915.1	p9.H3	Pseudomonas viridiflava					p9.H3		PRJEB24450	SAMEA104473280
GCF_900602915.1	p9.H3	Pseudomonas viridiflava					p9.H3		PRJEB24450	SAMEA104473280
GCA_900590945.1	p4.D10	Pseudomonas viridiflava					p4.D10		PRJEB24450	SAMEA104472830
GCF_900590945.1	p4.D10	Pseudomonas viridiflava					p4.D10		PRJEB24450	SAMEA104472830
GCA_900580905.1	p11.G11	Pseudomonas viridiflava					p11.G11		PRJEB24450	SAMEA104471825
GCF_900580905.1	p11.G11	Pseudomonas viridiflava					p11.G11		PRJEB24450	SAMEA104471825
GCA_900600435.1	p6.H6	Pseudomonas viridiflava					p6.H6		PRJEB24450	SAMEA104473035
GCF_900600435.1	p6.H6	Pseudomonas viridiflava					p6.H6		PRJEB24450	SAMEA104473035
GCA_900602225.1	p9.A9	Pseudomonas viridiflava					p9.A9		PRJEB24450	SAMEA104473209
GCF_900602225.1	p9.A9	Pseudomonas viridiflava					p9.A9		PRJEB24450	SAMEA104473209
GCA_900590485.1	p3.G1	Pseudomonas viridiflava					p3.G1		PRJEB24450	SAMEA104472785
GCF_900590485.1	p3.G1	Pseudomonas viridiflava					p3.G1		PRJEB24450	SAMEA104472785
GCA_900581235.1	p12.B7	Pseudomonas viridiflava					p12.B7		PRJEB24450	SAMEA104471861
GCF_900581235.1	p12.B7	Pseudomonas viridiflava					p12.B7		PRJEB24450	SAMEA104471861
GCA_900573875.1	p13.B8	Pseudomonas viridiflava					p13.B8		PRJEB24450	SAMEA104471933
GCF_900573875.1	p13.B8	Pseudomonas viridiflava					p13.B8		PRJEB24450	SAMEA104471933
GCA_900601385.1	p8.A9	Pseudomonas viridiflava					p8.A9		PRJEB24450	SAMEA104473132
GCF_900601385.1	p8.A9	Pseudomonas viridiflava					p8.A9		PRJEB24450	SAMEA104473132
GCA_900602605.1	p9.E3	Pseudomonas viridiflava					p9.E3		PRJEB24450	SAMEA104473249
GCF_900602605.1	p9.E3	Pseudomonas viridiflava					p9.E3		PRJEB24450	SAMEA104473249
GCA_900590845.1	p4.B9	Pseudomonas viridiflava					p4.B9		PRJEB24450	SAMEA104472819
GCF_900590845.1	p4.B9	Pseudomonas viridiflava					p4.B9		PRJEB24450	SAMEA104472819
GCA_900581325.1	p12.D12	Pseudomonas viridiflava					p12.D12		PRJEB24450	SAMEA104471874
GCF_900581325.1	p12.D12	Pseudomonas viridiflava					p12.D12		PRJEB24450	SAMEA104471874
GCA_900581525.1	p12.E3	Pseudomonas viridiflava					p12.E3		PRJEB24450	SAMEA104471885
GCF_900581525.1	p12.E3	Pseudomonas viridiflava					p12.E3		PRJEB24450	SAMEA104471885
GCA_900581905.1	p13.B10	Pseudomonas viridiflava					p13.B10		PRJEB24450	SAMEA104471925
GCF_900581905.1	p13.B10	Pseudomonas viridiflava					p13.B10		PRJEB24450	SAMEA104471925
GCA_900582135.1	p13.D12	Pseudomonas viridiflava					p13.D12		PRJEB24450	SAMEA104471948
GCF_900582135.1	p13.D12	Pseudomonas viridiflava					p13.D12		PRJEB24450	SAMEA104471948
GCA_900582705.1	p1.A11	Pseudomonas viridiflava					p1.A11		PRJEB24450	SAMEA104472000
GCF_900582705.1	p1.A11	Pseudomonas viridiflava					p1.A11		PRJEB24450	SAMEA104472000
GCA_900582725.1	p1.B12	Pseudomonas viridiflava					p1.B12		PRJEB24450	SAMEA104472011
GCF_900582725.1	p1.B12	Pseudomonas viridiflava					p1.B12		PRJEB24450	SAMEA104472011
GCA_900599375.1	p5.E7	Pseudomonas viridiflava					p5.E7		PRJEB24450	SAMEA104472926
GCF_900599375.1	p5.E7	Pseudomonas viridiflava					p5.E7		PRJEB24450	SAMEA104472926
GCA_900599885.1	p6.A8	Pseudomonas viridiflava					p6.A8		PRJEB24450	SAMEA104472966
GCF_900599885.1	p6.A8	Pseudomonas viridiflava					p6.A8		PRJEB24450	SAMEA104472966
GCA_900600505.1	p6.H8	Pseudomonas viridiflava					p6.H8		PRJEB24450	SAMEA104473037
GCF_900600505.1	p6.H8	Pseudomonas viridiflava					p6.H8		PRJEB24450	SAMEA104473037
GCA_900600915.1	p7.E11	Pseudomonas viridiflava					p7.E11		PRJEB24450	SAMEA104473083
GCF_900600915.1	p7.E11	Pseudomonas viridiflava					p7.E11		PRJEB24450	SAMEA104473083
GCA_900602795.1	p9.G1	Pseudomonas viridiflava					p9.G1		PRJEB24450	SAMEA104473269
GCF_900602795.1	p9.G1	Pseudomonas viridiflava					p9.G1		PRJEB24450	SAMEA104473269
GCA_900581515.1	p12.E6	Pseudomonas viridiflava					p12.E6		PRJEB24450	SAMEA104471888
GCF_900581515.1	p12.E6	Pseudomonas viridiflava					p12.E6		PRJEB24450	SAMEA104471888
GCA_900599845.1	p6.B11	Pseudomonas viridiflava					p6.B11		PRJEB24450	SAMEA104472969
GCF_900599845.1	p6.B11	Pseudomonas viridiflava					p6.B11		PRJEB24450	SAMEA104472969
GCA_900588765.1	p26.H8	Pseudomonas viridiflava					p26.H8		PRJEB24450	SAMEA104472612
GCF_900588765.1	p26.H8	Pseudomonas viridiflava					p26.H8		PRJEB24450	SAMEA104472612
GCA_900589465.1	p2.D9	Pseudomonas viridiflava					p2.D9		PRJEB24450	SAMEA104472682
GCF_900589465.1	p2.D9	Pseudomonas viridiflava					p2.D9		PRJEB24450	SAMEA104472682
GCA_900582915.1	p1.C1	Pseudomonas viridiflava					p1.C1		PRJEB24450	SAMEA104472024
GCF_900582915.1	p1.C1	Pseudomonas viridiflava					p1.C1		PRJEB24450	SAMEA104472024
GCA_900601675.1	p8.D9	Pseudomonas viridiflava					p8.D9		PRJEB24450	SAMEA104473159
GCF_900601675.1	p8.D9	Pseudomonas viridiflava					p8.D9		PRJEB24450	SAMEA104473159
GCA_900582655.1	p1.A2	Pseudomonas viridiflava					p1.A2		PRJEB24450	SAMEA104472002
GCF_900582655.1	p1.A2	Pseudomonas viridiflava					p1.A2		PRJEB24450	SAMEA104472002
GCA_900600025.1	p6.C6	Pseudomonas viridiflava					p6.C6		PRJEB24450	SAMEA104472986
GCF_900600025.1	p6.C6	Pseudomonas viridiflava					p6.C6		PRJEB24450	SAMEA104472986
GCA_900590215.1	p3.D8	Pseudomonas viridiflava					p3.D8		PRJEB24450	SAMEA104472762
GCF_900590215.1	p3.D8	Pseudomonas viridiflava					p3.D8		PRJEB24450	SAMEA104472762
GCA_900588465.1	p26.F1	Pseudomonas viridiflava					p26.F1		PRJEB24450	SAMEA104472586
GCF_900588465.1	p26.F1	Pseudomonas viridiflava					p26.F1		PRJEB24450	SAMEA104472586
GCA_900600445.1	p6.H1	Pseudomonas viridiflava					p6.H1		PRJEB24450	SAMEA104473032
GCF_900600445.1	p6.H1	Pseudomonas viridiflava					p6.H1		PRJEB24450	SAMEA104473032
GCA_900602035.1	p8.G3	Pseudomonas viridiflava					p8.G3		PRJEB24450	SAMEA104473183
GCF_900602035.1	p8.G3	Pseudomonas viridiflava					p8.G3		PRJEB24450	SAMEA104473183
GCA_900580945.1	p11.G4	Pseudomonas viridiflava					p11.G4		PRJEB24450	SAMEA104471829
GCF_900580945.1	p11.G4	Pseudomonas viridiflava					p11.G4		PRJEB24450	SAMEA104471829
GCA_900584615.1	p21.C5	Pseudomonas viridiflava					p21.C5		PRJEB24450	SAMEA104472196
GCF_900584615.1	p21.C5	Pseudomonas viridiflava					p21.C5		PRJEB24450	SAMEA104472196
GCA_900581745.1	p12.G8	Pseudomonas viridiflava					p12.G8		PRJEB24450	SAMEA104471907
GCF_900581745.1	p12.G8	Pseudomonas viridiflava					p12.G8		PRJEB24450	SAMEA104471907
GCA_900589095.1	p27.H4	Pseudomonas viridiflava					p27.H4		PRJEB24450	SAMEA104472641
GCF_900589095.1	p27.H4	Pseudomonas viridiflava					p27.H4		PRJEB24450	SAMEA104472641
GCA_900587985.1	p25.H8	Pseudomonas viridiflava					p25.H8		PRJEB24450	SAMEA104472539
GCF_900587985.1	p25.H8	Pseudomonas viridiflava					p25.H8		PRJEB24450	SAMEA104472539
GCA_900601205.1	p7.G1	Pseudomonas viridiflava					p7.G1		PRJEB24450	SAMEA104473105
GCF_900601205.1	p7.G1	Pseudomonas viridiflava					p7.G1		PRJEB24450	SAMEA104473105
GCA_900600235.1	p6.E4	Pseudomonas viridiflava					p6.E4		PRJEB24450	SAMEA104473006
GCF_900600235.1	p6.E4	Pseudomonas viridiflava					p6.E4		PRJEB24450	SAMEA104473006
GCA_900602925.1	p9.G8	Pseudomonas viridiflava					p9.G8		PRJEB24450	SAMEA104473276
GCF_900602925.1	p9.G8	Pseudomonas viridiflava					p9.G8		PRJEB24450	SAMEA104473276
GCA_900599385.1	p5.E4	Pseudomonas viridiflava					p5.E4		PRJEB24450	SAMEA104472924
GCF_900599385.1	p5.E4	Pseudomonas viridiflava					p5.E4		PRJEB24450	SAMEA104472924
GCA_900580705.1	p11.E1	Pseudomonas viridiflava					p11.E1		PRJEB24450	SAMEA104471807
GCF_900580705.1	p11.E1	Pseudomonas viridiflava					p11.E1		PRJEB24450	SAMEA104471807
GCA_900600315.1	p6.F4	Pseudomonas viridiflava					p6.F4		PRJEB24450	SAMEA104473017
GCF_900600315.1	p6.F4	Pseudomonas viridiflava					p6.F4		PRJEB24450	SAMEA104473017
GCA_900602085.1	p8.H8	Pseudomonas viridiflava					p8.H8		PRJEB24450	SAMEA104473197
GCF_900602085.1	p8.H8	Pseudomonas viridiflava					p8.H8		PRJEB24450	SAMEA104473197
GCA_900589865.1	p3.A1	Pseudomonas viridiflava					p3.A1		PRJEB24450	SAMEA104472724
GCF_900589865.1	p3.A1	Pseudomonas viridiflava					p3.A1		PRJEB24450	SAMEA104472724
GCA_900590295.1	p3.E4	Pseudomonas viridiflava					p3.E4		PRJEB24450	SAMEA104472768
GCF_900590295.1	p3.E4	Pseudomonas viridiflava					p3.E4		PRJEB24450	SAMEA104472768
GCA_900583295.1	p1.G3	Pseudomonas viridiflava					p1.G3		PRJEB24450	SAMEA104472066
GCF_900583295.1	p1.G3	Pseudomonas viridiflava					p1.G3		PRJEB24450	SAMEA104472066
GCA_900583345.1	p1.G9	Pseudomonas viridiflava					p1.G9		PRJEB24450	SAMEA104472072
GCF_900583345.1	p1.G9	Pseudomonas viridiflava					p1.G9		PRJEB24450	SAMEA104472072
GCA_900601945.1	p8.F8	Pseudomonas viridiflava					p8.F8		PRJEB24450	SAMEA104473179
GCF_900601945.1	p8.F8	Pseudomonas viridiflava					p8.F8		PRJEB24450	SAMEA104473179
GCA_900576655.1	p11.A5	Pseudomonas viridiflava					p11.A5		PRJEB24450	SAMEA104471770
GCF_900576655.1	p11.A5	Pseudomonas viridiflava					p11.A5		PRJEB24450	SAMEA104471770
GCA_900580415.1	p11.B1	Pseudomonas viridiflava					p11.B1		PRJEB24450	SAMEA104471778
GCF_900580415.1	p11.B1	Pseudomonas viridiflava					p11.B1		PRJEB24450	SAMEA104471778
GCA_900580425.1	p11.B2	Pseudomonas viridiflava					p11.B2		PRJEB24450	SAMEA104471779
GCF_900580425.1	p11.B2	Pseudomonas viridiflava					p11.B2		PRJEB24450	SAMEA104471779
GCA_900582225.1	p13.E12	Pseudomonas viridiflava					p13.E12		PRJEB24450	SAMEA104471959
GCF_900582225.1	p13.E12	Pseudomonas viridiflava					p13.E12		PRJEB24450	SAMEA104471959
GCA_900585235.1	p22.A3	Pseudomonas viridiflava					p22.A3		PRJEB24450	SAMEA104472256
GCF_900585235.1	p22.A3	Pseudomonas viridiflava					p22.A3		PRJEB24450	SAMEA104472256
GCA_900589895.1	p3.A6	Pseudomonas viridiflava					p3.A6		PRJEB24450	SAMEA104472729
GCF_900589895.1	p3.A6	Pseudomonas viridiflava					p3.A6		PRJEB24450	SAMEA104472729
GCA_900598945.1	p5.A6	Pseudomonas viridiflava					p5.A6		PRJEB24450	SAMEA104472882
GCF_900598945.1	p5.A6	Pseudomonas viridiflava					p5.A6		PRJEB24450	SAMEA104472882
GCA_900599765.1	p6.A5	Pseudomonas viridiflava					p6.A5		PRJEB24450	SAMEA104472963
GCF_900599765.1	p6.A5	Pseudomonas viridiflava					p6.A5		PRJEB24450	SAMEA104472963
GCA_900599825.1	p6.B3	Pseudomonas viridiflava					p6.B3		PRJEB24450	SAMEA104472972
GCF_900599825.1	p6.B3	Pseudomonas viridiflava					p6.B3		PRJEB24450	SAMEA104472972
GCA_900600605.1	p7.A4	Pseudomonas viridiflava					p7.A4		PRJEB24450	SAMEA104473045
GCF_900600605.1	p7.A4	Pseudomonas viridiflava					p7.A4		PRJEB24450	SAMEA104473045
GCA_900600695.1	p7.B3	Pseudomonas viridiflava					p7.B3		PRJEB24450	SAMEA104473055
GCF_900600695.1	p7.B3	Pseudomonas viridiflava					p7.B3		PRJEB24450	SAMEA104473055
GCA_900601275.1	p7.H7	Pseudomonas viridiflava					p7.H7		PRJEB24450	SAMEA104473122
GCF_900601275.1	p7.H7	Pseudomonas viridiflava					p7.H7		PRJEB24450	SAMEA104473122
GCA_900601565.1	p8.B3	Pseudomonas viridiflava					p8.B3		PRJEB24450	SAMEA104473134
GCF_900601565.1	p8.B3	Pseudomonas viridiflava					p8.B3		PRJEB24450	SAMEA104473134
GCA_900584225.1	p20.H1	Pseudomonas viridiflava					p20.H1		PRJEB24450	SAMEA104472159
GCF_900584225.1	p20.H1	Pseudomonas viridiflava					p20.H1		PRJEB24450	SAMEA104472159
GCA_900599075.1	p5.B3	Pseudomonas viridiflava					p5.B3		PRJEB24450	SAMEA104472890
GCF_900599075.1	p5.B3	Pseudomonas viridiflava					p5.B3		PRJEB24450	SAMEA104472890
GCA_900600575.1	p7.A3	Pseudomonas viridiflava					p7.A3		PRJEB24450	SAMEA104473044
GCF_900600575.1	p7.A3	Pseudomonas viridiflava					p7.A3		PRJEB24450	SAMEA104473044
GCA_900600595.1	p7.A6	Pseudomonas viridiflava					p7.A6		PRJEB24450	SAMEA104473047
GCF_900600595.1	p7.A6	Pseudomonas viridiflava					p7.A6		PRJEB24450	SAMEA104473047
GCA_900600935.1	p7.E10	Pseudomonas viridiflava					p7.E10		PRJEB24450	SAMEA104473082
GCF_900600935.1	p7.E10	Pseudomonas viridiflava					p7.E10		PRJEB24450	SAMEA104473082
GCA_900580545.1	p11.C2	Pseudomonas viridiflava					p11.C2		PRJEB24450	SAMEA104471790
GCF_900580545.1	p11.C2	Pseudomonas viridiflava					p11.C2		PRJEB24450	SAMEA104471790
GCA_900581915.1	p13.B3	Pseudomonas viridiflava					p13.B3		PRJEB24450	SAMEA104471928
GCF_900581915.1	p13.B3	Pseudomonas viridiflava					p13.B3		PRJEB24450	SAMEA104471928
GCA_900582645.1	p1.A4	Pseudomonas viridiflava					p1.A4		PRJEB24450	SAMEA104472004
GCF_900582645.1	p1.A4	Pseudomonas viridiflava					p1.A4		PRJEB24450	SAMEA104472004
GCA_900599995.1	p6.C3	Pseudomonas viridiflava					p6.C3		PRJEB24450	SAMEA104472983
GCF_900599995.1	p6.C3	Pseudomonas viridiflava					p6.C3		PRJEB24450	SAMEA104472983
GCA_900583405.1	p1.H12	Pseudomonas viridiflava					p1.H12		PRJEB24450	SAMEA104472074
GCF_900583405.1	p1.H12	Pseudomonas viridiflava					p1.H12		PRJEB24450	SAMEA104472074
GCA_900583585.1	p20.B1	Pseudomonas viridiflava					p20.B1		PRJEB24450	SAMEA104472097
GCF_900583585.1	p20.B1	Pseudomonas viridiflava					p20.B1		PRJEB24450	SAMEA104472097
GCA_900582305.1	p13.F11	Pseudomonas viridiflava					p13.F11		PRJEB24450	SAMEA104471969
GCF_900582305.1	p13.F11	Pseudomonas viridiflava					p13.F11		PRJEB24450	SAMEA104471969
GCA_900583235.1	p1.G11	Pseudomonas viridiflava					p1.G11		PRJEB24450	SAMEA104472062
GCF_900583235.1	p1.G11	Pseudomonas viridiflava					p1.G11		PRJEB24450	SAMEA104472062
GCA_900586575.1	p24.C3	Pseudomonas viridiflava					p24.C3		PRJEB24450	SAMEA104472392
GCF_900586575.1	p24.C3	Pseudomonas viridiflava					p24.C3		PRJEB24450	SAMEA104472392
GCA_900589565.1	p2.F11	Pseudomonas viridiflava					p2.F11		PRJEB24450	SAMEA104472693
GCF_900589565.1	p2.F11	Pseudomonas viridiflava					p2.F11		PRJEB24450	SAMEA104472693
GCA_900602425.1	p9.C1	Pseudomonas viridiflava					p9.C1		PRJEB24450	SAMEA104473225
GCF_900602425.1	p9.C1	Pseudomonas viridiflava					p9.C1		PRJEB24450	SAMEA104473225
GCA_900587025.1	p24.H10	Pseudomonas viridiflava					p24.H10		PRJEB24450	SAMEA104472442
GCF_900587025.1	p24.H10	Pseudomonas viridiflava					p24.H10		PRJEB24450	SAMEA104472442
GCA_900588395.1	p26.E1	Pseudomonas viridiflava					p26.E1		PRJEB24450	SAMEA104472576
GCF_900588395.1	p26.E1	Pseudomonas viridiflava					p26.E1		PRJEB24450	SAMEA104472576
GCA_900590575.1	p3.H5	Pseudomonas viridiflava					p3.H5		PRJEB24450	SAMEA104472796
GCF_900590575.1	p3.H5	Pseudomonas viridiflava					p3.H5		PRJEB24450	SAMEA104472796
GCA_900599115.1	p5.C1	Pseudomonas viridiflava					p5.C1		PRJEB24450	SAMEA104472898
GCF_900599115.1	p5.C1	Pseudomonas viridiflava					p5.C1		PRJEB24450	SAMEA104472898
GCA_900599455.1	p5.F3	Pseudomonas viridiflava					p5.F3		PRJEB24450	SAMEA104472933
GCF_900599455.1	p5.F3	Pseudomonas viridiflava					p5.F3		PRJEB24450	SAMEA104472933
GCA_900599465.1	p5.F10	Pseudomonas viridiflava					p5.F10		PRJEB24450	SAMEA104472929
GCF_900599465.1	p5.F10	Pseudomonas viridiflava					p5.F10		PRJEB24450	SAMEA104472929
GCA_900601125.1	p7.F1	Pseudomonas viridiflava					p7.F1		PRJEB24450	SAMEA104473096
GCF_900601125.1	p7.F1	Pseudomonas viridiflava					p7.F1		PRJEB24450	SAMEA104473096
GCA_900602675.1	p9.F1	Pseudomonas viridiflava					p9.F1		PRJEB24450	SAMEA104473258
GCF_900602675.1	p9.F1	Pseudomonas viridiflava					p9.F1		PRJEB24450	SAMEA104473258
GCA_900582695.1	p1.A7	Pseudomonas viridiflava					p1.A7		PRJEB24450	SAMEA104472006
GCF_900582695.1	p1.A7	Pseudomonas viridiflava					p1.A7		PRJEB24450	SAMEA104472006
GCA_900582085.1	p13.C3	Pseudomonas viridiflava					p13.C3		PRJEB24450	SAMEA104471940
GCF_900582085.1	p13.C3	Pseudomonas viridiflava					p13.C3		PRJEB24450	SAMEA104471940
GCA_900582115.1	p13.D3	Pseudomonas viridiflava					p13.D3		PRJEB24450	SAMEA104471951
GCF_900582115.1	p13.D3	Pseudomonas viridiflava					p13.D3		PRJEB24450	SAMEA104471951
GCA_900589145.1	p2.B4	Pseudomonas viridiflava					p2.B4		PRJEB24450	SAMEA104472656
GCF_900589145.1	p2.B4	Pseudomonas viridiflava					p2.B4		PRJEB24450	SAMEA104472656
GCA_900589235.1	p2.B8	Pseudomonas viridiflava					p2.B8		PRJEB24450	SAMEA104472660
GCF_900589235.1	p2.B8	Pseudomonas viridiflava					p2.B8		PRJEB24450	SAMEA104472660
GCA_900590195.1	p3.D4	Pseudomonas viridiflava					p3.D4		PRJEB24450	SAMEA104472759
GCF_900590195.1	p3.D4	Pseudomonas viridiflava					p3.D4		PRJEB24450	SAMEA104472759
GCA_900582025.1	p13.C12	Pseudomonas viridiflava					p13.C12		PRJEB24450	SAMEA104471937
GCF_900582025.1	p13.C12	Pseudomonas viridiflava					p13.C12		PRJEB24450	SAMEA104471937
GCA_900584315.1	p21.A10	Pseudomonas viridiflava					p21.A10		PRJEB24450	SAMEA104472167
GCF_900584315.1	p21.A10	Pseudomonas viridiflava					p21.A10		PRJEB24450	SAMEA104472167
GCA_900600545.1	p6.H9	Pseudomonas viridiflava					p6.H9		PRJEB24450	SAMEA104473038
GCF_900600545.1	p6.H9	Pseudomonas viridiflava					p6.H9		PRJEB24450	SAMEA104473038
GCA_900599225.1	p5.D1	Pseudomonas viridiflava					p5.D1		PRJEB24450	SAMEA104472909
GCF_900599225.1	p5.D1	Pseudomonas viridiflava					p5.D1		PRJEB24450	SAMEA104472909
GCA_900576685.1	p11.A8	Pseudomonas viridiflava					p11.A8		PRJEB24450	SAMEA104471773
GCF_900576685.1	p11.A8	Pseudomonas viridiflava					p11.A8		PRJEB24450	SAMEA104471773
GCA_900599575.1	p5.G3	Pseudomonas viridiflava					p5.G3		PRJEB24450	SAMEA104472944
GCF_900599575.1	p5.G3	Pseudomonas viridiflava					p5.G3		PRJEB24450	SAMEA104472944
GCA_900585165.1	p21.H4	Pseudomonas viridiflava					p21.H4		PRJEB24450	SAMEA104472249
GCF_900585165.1	p21.H4	Pseudomonas viridiflava					p21.H4		PRJEB24450	SAMEA104472249
GCA_900602075.1	p9.A2	Pseudomonas viridiflava					p9.A2		PRJEB24450	SAMEA104473202
GCF_900602075.1	p9.A2	Pseudomonas viridiflava					p9.A2		PRJEB24450	SAMEA104473202
GCA_900585625.1	p22.H1	Pseudomonas viridiflava					p22.H1		PRJEB24450	SAMEA104472300
GCF_900585625.1	p22.H1	Pseudomonas viridiflava					p22.H1		PRJEB24450	SAMEA104472300
GCA_900588835.1	p27.B2	Pseudomonas viridiflava					p27.B2		PRJEB24450	SAMEA104472620
GCF_900588835.1	p27.B2	Pseudomonas viridiflava					p27.B2		PRJEB24450	SAMEA104472620
GCA_900599985.1	p6.B9	Pseudomonas viridiflava					p6.B9		PRJEB24450	SAMEA104472978
GCF_900599985.1	p6.B9	Pseudomonas viridiflava					p6.B9		PRJEB24450	SAMEA104472978
GCA_900581535.1	p12.E4	Pseudomonas viridiflava					p12.E4		PRJEB24450	SAMEA104471886
GCF_900581535.1	p12.E4	Pseudomonas viridiflava					p12.E4		PRJEB24450	SAMEA104471886
GCA_900580625.1	p11.C8	Pseudomonas viridiflava					p11.C8		PRJEB24450	SAMEA104471796
GCF_900580625.1	p11.C8	Pseudomonas viridiflava					p11.C8		PRJEB24450	SAMEA104471796
GCA_900585325.1	p22.C4	Pseudomonas viridiflava					p22.C4		PRJEB24450	SAMEA104472271
GCF_900585325.1	p22.C4	Pseudomonas viridiflava					p22.C4		PRJEB24450	SAMEA104472271
GCA_900590135.1	p3.C4	Pseudomonas viridiflava					p3.C4		PRJEB24450	SAMEA104472750
GCF_900590135.1	p3.C4	Pseudomonas viridiflava					p3.C4		PRJEB24450	SAMEA104472750
GCA_900601525.1	p8.B7	Pseudomonas viridiflava					p8.B7		PRJEB24450	SAMEA104473138
GCF_900601525.1	p8.B7	Pseudomonas viridiflava					p8.B7		PRJEB24450	SAMEA104473138
GCA_900582475.1	p13.G3	Pseudomonas viridiflava					p13.G3		PRJEB24450	SAMEA104471983
GCF_900582475.1	p13.G3	Pseudomonas viridiflava					p13.G3		PRJEB24450	SAMEA104471983
GCA_900601365.1	p7.H4	Pseudomonas viridiflava					p7.H4		PRJEB24450	SAMEA104473119
GCF_900601365.1	p7.H4	Pseudomonas viridiflava					p7.H4		PRJEB24450	SAMEA104473119
GCA_900601225.1	p7.G4	Pseudomonas viridiflava					p7.G4		PRJEB24450	SAMEA104473108
GCF_900601225.1	p7.G4	Pseudomonas viridiflava					p7.G4		PRJEB24450	SAMEA104473108
GCA_900580585.1	p11.D1	Pseudomonas viridiflava					p11.D1		PRJEB24450	SAMEA104471798
GCF_900580585.1	p11.D1	Pseudomonas viridiflava					p11.D1		PRJEB24450	SAMEA104471798
GCA_900582145.1	p13.D2	Pseudomonas viridiflava					p13.D2		PRJEB24450	SAMEA104471950
GCF_900582145.1	p13.D2	Pseudomonas viridiflava					p13.D2		PRJEB24450	SAMEA104471950
GCA_900580885.1	p11.G10	Pseudomonas viridiflava					p11.G10		PRJEB24450	SAMEA104471824
GCF_900580885.1	p11.G10	Pseudomonas viridiflava					p11.G10		PRJEB24450	SAMEA104471824
GCA_900580965.1	p11.H10	Pseudomonas viridiflava					p11.H10		PRJEB24450	SAMEA104471834
GCF_900580965.1	p11.H10	Pseudomonas viridiflava					p11.H10		PRJEB24450	SAMEA104471834
GCA_900600045.1	p6.D1	Pseudomonas viridiflava					p6.D1		PRJEB24450	SAMEA104472992
GCF_900600045.1	p6.D1	Pseudomonas viridiflava					p6.D1		PRJEB24450	SAMEA104472992
GCA_900590355.1	p3.F12	Pseudomonas viridiflava					p3.F12		PRJEB24450	SAMEA104472776
GCF_900590355.1	p3.F12	Pseudomonas viridiflava					p3.F12		PRJEB24450	SAMEA104472776
GCA_900580475.1	p11.C10	Pseudomonas viridiflava					p11.C10		PRJEB24450	SAMEA104471786
GCF_900580475.1	p11.C10	Pseudomonas viridiflava					p11.C10		PRJEB24450	SAMEA104471786
GCA_900582155.1	p13.D8	Pseudomonas viridiflava					p13.D8		PRJEB24450	SAMEA104471955
GCF_900582155.1	p13.D8	Pseudomonas viridiflava					p13.D8		PRJEB24450	SAMEA104471955
GCA_900601495.1	p8.B8	Pseudomonas viridiflava					p8.B8		PRJEB24450	SAMEA104473139
GCF_900601495.1	p8.B8	Pseudomonas viridiflava					p8.B8		PRJEB24450	SAMEA104473139
GCA_900599975.1	p6.B7	Pseudomonas viridiflava					p6.B7		PRJEB24450	SAMEA104472976
GCF_900599975.1	p6.B7	Pseudomonas viridiflava					p6.B7		PRJEB24450	SAMEA104472976
GCA_900599785.1	p5.H8	Pseudomonas viridiflava					p5.H8		PRJEB24450	SAMEA104472958
GCF_900599785.1	p5.H8	Pseudomonas viridiflava					p5.H8		PRJEB24450	SAMEA104472958
GCA_900602955.1	p9.H6	Pseudomonas viridiflava					p9.H6		PRJEB24450	SAMEA104473283
GCF_900602955.1	p9.H6	Pseudomonas viridiflava					p9.H6		PRJEB24450	SAMEA104473283
GCA_900589245.1	p2.B7	Pseudomonas viridiflava					p2.B7		PRJEB24450	SAMEA104472659
GCF_900589245.1	p2.B7	Pseudomonas viridiflava					p2.B7		PRJEB24450	SAMEA104472659
GCA_900599685.1	p5.G6	Pseudomonas viridiflava					p5.G6		PRJEB24450	SAMEA104472947
GCF_900599685.1	p5.G6	Pseudomonas viridiflava					p5.G6		PRJEB24450	SAMEA104472947
GCA_900602205.1	p9.A4	Pseudomonas viridiflava					p9.A4		PRJEB24450	SAMEA104473204
GCF_900602205.1	p9.A4	Pseudomonas viridiflava					p9.A4		PRJEB24450	SAMEA104473204
GCA_900601615.1	p8.C3	Pseudomonas viridiflava					p8.C3		PRJEB24450	SAMEA104473143
GCF_900601615.1	p8.C3	Pseudomonas viridiflava					p8.C3		PRJEB24450	SAMEA104473143
GCA_900602695.1	p9.F10	Pseudomonas viridiflava					p9.F10		PRJEB24450	SAMEA104473256
GCF_900602695.1	p9.F10	Pseudomonas viridiflava					p9.F10		PRJEB24450	SAMEA104473256
GCA_900581495.1	p12.E8	Pseudomonas viridiflava					p12.E8		PRJEB24450	SAMEA104471890
GCF_900581495.1	p12.E8	Pseudomonas viridiflava					p12.E8		PRJEB24450	SAMEA104471890
GCA_900582415.1	p13.F8	Pseudomonas viridiflava					p13.F8		PRJEB24450	SAMEA104471978
GCF_900582415.1	p13.F8	Pseudomonas viridiflava					p13.F8		PRJEB24450	SAMEA104471978
GCA_900589135.1	p2.B10	Pseudomonas viridiflava					p2.B10		PRJEB24450	SAMEA104472652
GCF_900589135.1	p2.B10	Pseudomonas viridiflava					p2.B10		PRJEB24450	SAMEA104472652
GCA_900584535.1	p21.C4	Pseudomonas viridiflava					p21.C4		PRJEB24450	SAMEA104472195
GCF_900584535.1	p21.C4	Pseudomonas viridiflava					p21.C4		PRJEB24450	SAMEA104472195
GCA_900600585.1	p7.A1	Pseudomonas viridiflava					p7.A1		PRJEB24450	SAMEA104473042
GCF_900600585.1	p7.A1	Pseudomonas viridiflava					p7.A1		PRJEB24450	SAMEA104473042
GCA_900581165.1	p12.A7	Pseudomonas viridiflava					p12.A7		PRJEB24450	SAMEA104471851
GCF_900581165.1	p12.A7	Pseudomonas viridiflava					p12.A7		PRJEB24450	SAMEA104471851
GCA_900602245.1	p9.A8	Pseudomonas viridiflava					p9.A8		PRJEB24450	SAMEA104473208
GCF_900602245.1	p9.A8	Pseudomonas viridiflava					p9.A8		PRJEB24450	SAMEA104473208
GCA_900601605.1	p8.C8	Pseudomonas viridiflava					p8.C8		PRJEB24450	SAMEA104473148
GCF_900601605.1	p8.C8	Pseudomonas viridiflava					p8.C8		PRJEB24450	SAMEA104473148
GCA_900602255.1	p9.A7	Pseudomonas viridiflava					p9.A7		PRJEB24450	SAMEA104473207
GCF_900602255.1	p9.A7	Pseudomonas viridiflava					p9.A7		PRJEB24450	SAMEA104473207
GCA_900599725.1	p6.A6	Pseudomonas viridiflava					p6.A6		PRJEB24450	SAMEA104472964
GCF_900599725.1	p6.A6	Pseudomonas viridiflava					p6.A6		PRJEB24450	SAMEA104472964
GCA_900583465.1	p1.H5	Pseudomonas viridiflava					p1.H5		PRJEB24450	SAMEA104472079
GCF_900583465.1	p1.H5	Pseudomonas viridiflava					p1.H5		PRJEB24450	SAMEA104472079
GCA_900600735.1	p7.C1	Pseudomonas viridiflava					p7.C1		PRJEB24450	SAMEA104473062
GCF_900600735.1	p7.C1	Pseudomonas viridiflava					p7.C1		PRJEB24450	SAMEA104473062
GCA_900585725.1	p23.A3	Pseudomonas viridiflava					p23.A3		PRJEB24450	SAMEA104472307
GCF_900585725.1	p23.A3	Pseudomonas viridiflava					p23.A3		PRJEB24450	SAMEA104472307
GCA_900589055.1	p2.A11	Pseudomonas viridiflava					p2.A11		PRJEB24450	SAMEA104472644
GCF_900589055.1	p2.A11	Pseudomonas viridiflava					p2.A11		PRJEB24450	SAMEA104472644
GCA_900600115.1	p6.E3	Pseudomonas viridiflava					p6.E3		PRJEB24450	SAMEA104473005
GCF_900600115.1	p6.E3	Pseudomonas viridiflava					p6.E3		PRJEB24450	SAMEA104473005
GCA_900600705.1	p7.C12	Pseudomonas viridiflava					p7.C12		PRJEB24450	SAMEA104473061
GCF_900600705.1	p7.C12	Pseudomonas viridiflava					p7.C12		PRJEB24450	SAMEA104473061
GCA_900599045.1	p5.B2	Pseudomonas viridiflava					p5.B2		PRJEB24450	SAMEA104472889
GCF_900599045.1	p5.B2	Pseudomonas viridiflava					p5.B2		PRJEB24450	SAMEA104472889
GCA_900600415.1	p6.G5	Pseudomonas viridiflava					p6.G5		PRJEB24450	SAMEA104473026
GCF_900600415.1	p6.G5	Pseudomonas viridiflava					p6.G5		PRJEB24450	SAMEA104473026
GCA_900589875.1	p3.A2	Pseudomonas viridiflava					p3.A2		PRJEB24450	SAMEA104472725
GCF_900589875.1	p3.A2	Pseudomonas viridiflava					p3.A2		PRJEB24450	SAMEA104472725
GCA_900590055.1	p3.B1	Pseudomonas viridiflava					p3.B1		PRJEB24450	SAMEA104472736
GCF_900590055.1	p3.B1	Pseudomonas viridiflava					p3.B1		PRJEB24450	SAMEA104472736
GCA_900600565.1	p7.A2	Pseudomonas viridiflava					p7.A2		PRJEB24450	SAMEA104473043
GCF_900600565.1	p7.A2	Pseudomonas viridiflava					p7.A2		PRJEB24450	SAMEA104473043
GCA_900580805.1	p11.F10	Pseudomonas viridiflava					p11.F10		PRJEB24450	SAMEA104471815
GCF_900580805.1	p11.F10	Pseudomonas viridiflava					p11.F10		PRJEB24450	SAMEA104471815
GCA_900584755.1	p21.E11	Pseudomonas viridiflava					p21.E11		PRJEB24450	SAMEA104472211
GCF_900584755.1	p21.E11	Pseudomonas viridiflava					p21.E11		PRJEB24450	SAMEA104472211
GCA_900585825.1	p23.C1	Pseudomonas viridiflava					p23.C1		PRJEB24450	SAMEA104472323
GCF_900585825.1	p23.C1	Pseudomonas viridiflava					p23.C1		PRJEB24450	SAMEA104472323
GCA_900589625.1	p2.F8	Pseudomonas viridiflava					p2.F8		PRJEB24450	SAMEA104472700
GCF_900589625.1	p2.F8	Pseudomonas viridiflava					p2.F8		PRJEB24450	SAMEA104472700
GCA_900583285.1	p1.G1	Pseudomonas viridiflava					p1.G1		PRJEB24450	SAMEA104472064
GCF_900583285.1	p1.G1	Pseudomonas viridiflava					p1.G1		PRJEB24450	SAMEA104472064
GCA_900601875.1	p8.F5	Pseudomonas viridiflava					p8.F5		PRJEB24450	SAMEA104473178
GCF_900601875.1	p8.F5	Pseudomonas viridiflava					p8.F5		PRJEB24450	SAMEA104473178
GCA_900586545.1	p24.C4	Pseudomonas viridiflava					p24.C4		PRJEB24450	SAMEA104472393
GCF_900586545.1	p24.C4	Pseudomonas viridiflava					p24.C4		PRJEB24450	SAMEA104472393
GCA_900599935.1	p6.C10	Pseudomonas viridiflava					p6.C10		PRJEB24450	SAMEA104472979
GCF_900599935.1	p6.C10	Pseudomonas viridiflava					p6.C10		PRJEB24450	SAMEA104472979
GCA_900584455.1	p21.B11	Pseudomonas viridiflava					p21.B11		PRJEB24450	SAMEA104472179
GCF_900584455.1	p21.B11	Pseudomonas viridiflava					p21.B11		PRJEB24450	SAMEA104472179
GCA_900582315.1	p13.F12	Pseudomonas viridiflava					p13.F12		PRJEB24450	SAMEA104471970
GCF_900582315.1	p13.F12	Pseudomonas viridiflava					p13.F12		PRJEB24450	SAMEA104471970
GCA_900590335.1	p3.E5	Pseudomonas viridiflava					p3.E5		PRJEB24450	SAMEA104472769
GCF_900590335.1	p3.E5	Pseudomonas viridiflava					p3.E5		PRJEB24450	SAMEA104472769
GCA_900601065.1	p7.E4	Pseudomonas viridiflava					p7.E4		PRJEB24450	SAMEA104473088
GCF_900601065.1	p7.E4	Pseudomonas viridiflava					p7.E4		PRJEB24450	SAMEA104473088
GCA_900601175.1	p7.F4	Pseudomonas viridiflava					p7.F4		PRJEB24450	SAMEA104473099
GCF_900601175.1	p7.F4	Pseudomonas viridiflava					p7.F4		PRJEB24450	SAMEA104473099
GCA_900588885.1	p27.C6	Pseudomonas viridiflava					p27.C6		PRJEB24450	SAMEA104472626
GCF_900588885.1	p27.C6	Pseudomonas viridiflava					p27.C6		PRJEB24450	SAMEA104472626
GCA_900602945.1	p9.H1	Pseudomonas viridiflava					p9.H1		PRJEB24450	SAMEA104473278
GCF_900602945.1	p9.H1	Pseudomonas viridiflava					p9.H1		PRJEB24450	SAMEA104473278
GCA_900584035.1	p20.F3	Pseudomonas viridiflava					p20.F3		PRJEB24450	SAMEA104472140
GCF_900584035.1	p20.F3	Pseudomonas viridiflava					p20.F3		PRJEB24450	SAMEA104472140
GCA_900601285.1	p7.H6	Pseudomonas viridiflava					p7.H6		PRJEB24450	SAMEA104473121
GCF_900601285.1	p7.H6	Pseudomonas viridiflava					p7.H6		PRJEB24450	SAMEA104473121
GCA_900581685.1	p12.G5	Pseudomonas viridiflava					p12.G5		PRJEB24450	SAMEA104471904
GCF_900581685.1	p12.G5	Pseudomonas viridiflava					p12.G5		PRJEB24450	SAMEA104471904
GCA_900586555.1	p24.C1	Pseudomonas viridiflava					p24.C1		PRJEB24450	SAMEA104472390
GCF_900586555.1	p24.C1	Pseudomonas viridiflava					p24.C1		PRJEB24450	SAMEA104472390
GCA_900589085.1	p2.A5	Pseudomonas viridiflava					p2.A5		PRJEB24450	SAMEA104472647
GCF_900589085.1	p2.A5	Pseudomonas viridiflava					p2.A5		PRJEB24450	SAMEA104472647
GCA_900599955.1	p6.C2	Pseudomonas viridiflava					p6.C2		PRJEB24450	SAMEA104472982
GCF_900599955.1	p6.C2	Pseudomonas viridiflava					p6.C2		PRJEB24450	SAMEA104472982
GCA_900601475.1	p8.B2	Pseudomonas viridiflava					p8.B2		PRJEB24450	SAMEA104473133
GCF_900601475.1	p8.B2	Pseudomonas viridiflava					p8.B2		PRJEB24450	SAMEA104473133
GCA_900602345.1	p9.B4	Pseudomonas viridiflava					p9.B4		PRJEB24450	SAMEA104473216
GCF_900602345.1	p9.B4	Pseudomonas viridiflava					p9.B4		PRJEB24450	SAMEA104473216
GCA_900602535.1	p9.D12	Pseudomonas viridiflava					p9.D12		PRJEB24450	SAMEA104473235
GCF_900602535.1	p9.D12	Pseudomonas viridiflava					p9.D12		PRJEB24450	SAMEA104473235
GCA_900600975.1	p7.D9	Pseudomonas viridiflava					p7.D9		PRJEB24450	SAMEA104473081
GCF_900600975.1	p7.D9	Pseudomonas viridiflava					p7.D9		PRJEB24450	SAMEA104473081
GCA_900599325.1	p5.D9	Pseudomonas viridiflava					p5.D9		PRJEB24450	SAMEA104472917
GCF_900599325.1	p5.D9	Pseudomonas viridiflava					p5.D9		PRJEB24450	SAMEA104472917
GCA_900580535.1	p11.C1	Pseudomonas viridiflava					p11.C1		PRJEB24450	SAMEA104471789
GCF_900580535.1	p11.C1	Pseudomonas viridiflava					p11.C1		PRJEB24450	SAMEA104471789
GCA_900583395.1	p1.H11	Pseudomonas viridiflava					p1.H11		PRJEB24450	SAMEA104472073
GCF_900583395.1	p1.H11	Pseudomonas viridiflava					p1.H11		PRJEB24450	SAMEA104472073
GCA_900590035.1	p3.B7	Pseudomonas viridiflava					p3.B7		PRJEB24450	SAMEA104472741
GCF_900590035.1	p3.B7	Pseudomonas viridiflava					p3.B7		PRJEB24450	SAMEA104472741
GCA_900590555.1	p3.H6	Pseudomonas viridiflava					p3.H6		PRJEB24450	SAMEA104472797
GCF_900590555.1	p3.H6	Pseudomonas viridiflava					p3.H6		PRJEB24450	SAMEA104472797
GCA_900601105.1	p7.F12	Pseudomonas viridiflava					p7.F12		PRJEB24450	SAMEA104473095
GCF_900601105.1	p7.F12	Pseudomonas viridiflava					p7.F12		PRJEB24450	SAMEA104473095
GCA_900602215.1	p9.A6	Pseudomonas viridiflava					p9.A6		PRJEB24450	SAMEA104473206
GCF_900602215.1	p9.A6	Pseudomonas viridiflava					p9.A6		PRJEB24450	SAMEA104473206
GCA_900602365.1	p9.C10	Pseudomonas viridiflava					p9.C10		PRJEB24450	SAMEA104473222
GCF_900602365.1	p9.C10	Pseudomonas viridiflava					p9.C10		PRJEB24450	SAMEA104473222
GCA_900582665.1	p1.A3	Pseudomonas viridiflava					p1.A3		PRJEB24450	SAMEA104472003
GCF_900582665.1	p1.A3	Pseudomonas viridiflava					p1.A3		PRJEB24450	SAMEA104472003
GCA_900589935.1	p3.A7	Pseudomonas viridiflava					p3.A7		PRJEB24450	SAMEA104472730
GCF_900589935.1	p3.A7	Pseudomonas viridiflava					p3.A7		PRJEB24450	SAMEA104472730
GCA_900599295.1	p5.D10	Pseudomonas viridiflava					p5.D10		PRJEB24450	SAMEA104472907
GCF_900599295.1	p5.D10	Pseudomonas viridiflava					p5.D10		PRJEB24450	SAMEA104472907
GCA_900599315.1	p5.E12	Pseudomonas viridiflava					p5.E12		PRJEB24450	SAMEA104472920
GCF_900599315.1	p5.E12	Pseudomonas viridiflava					p5.E12		PRJEB24450	SAMEA104472920
GCA_900599815.1	p6.B1	Pseudomonas viridiflava					p6.B1		PRJEB24450	SAMEA104472970
GCF_900599815.1	p6.B1	Pseudomonas viridiflava					p6.B1		PRJEB24450	SAMEA104472970
GCA_900600875.1	p7.D12	Pseudomonas viridiflava					p7.D12		PRJEB24450	SAMEA104473072
GCF_900600875.1	p7.D12	Pseudomonas viridiflava					p7.D12		PRJEB24450	SAMEA104473072
GCA_900582745.1	p1.B3	Pseudomonas viridiflava					p1.B3		PRJEB24450	SAMEA104472014
GCF_900582745.1	p1.B3	Pseudomonas viridiflava					p1.B3		PRJEB24450	SAMEA104472014
GCA_900589185.1	p2.A9	Pseudomonas viridiflava					p2.A9		PRJEB24450	SAMEA104472651
GCF_900589185.1	p2.A9	Pseudomonas viridiflava					p2.A9		PRJEB24450	SAMEA104472651
GCA_900582125.1	p13.D1	Pseudomonas viridiflava					p13.D1		PRJEB24450	SAMEA104471949
GCF_900582125.1	p13.D1	Pseudomonas viridiflava					p13.D1		PRJEB24450	SAMEA104471949
GCA_900600615.1	p7.A8	Pseudomonas viridiflava					p7.A8		PRJEB24450	SAMEA104473049
GCF_900600615.1	p7.A8	Pseudomonas viridiflava					p7.A8		PRJEB24450	SAMEA104473049
GCA_900588155.1	p26.B1	Pseudomonas viridiflava					p26.B1		PRJEB24450	SAMEA104472550
GCF_900588155.1	p26.B1	Pseudomonas viridiflava					p26.B1		PRJEB24450	SAMEA104472550
GCA_900583685.1	p20.B4	Pseudomonas viridiflava					p20.B4		PRJEB24450	SAMEA104472100
GCF_900583685.1	p20.B4	Pseudomonas viridiflava					p20.B4		PRJEB24450	SAMEA104472100
GCA_900581955.1	p13.B2	Pseudomonas viridiflava					p13.B2		PRJEB24450	SAMEA104471927
GCF_900581955.1	p13.B2	Pseudomonas viridiflava					p13.B2		PRJEB24450	SAMEA104471927
GCA_900601545.1	p8.B5	Pseudomonas viridiflava					p8.B5		PRJEB24450	SAMEA104473136
GCF_900601545.1	p8.B5	Pseudomonas viridiflava					p8.B5		PRJEB24450	SAMEA104473136
GCA_900582895.1	p1.C11	Pseudomonas viridiflava					p1.C11		PRJEB24450	SAMEA104472022
GCF_900582895.1	p1.C11	Pseudomonas viridiflava					p1.C11		PRJEB24450	SAMEA104472022
GCA_900582975.1	p1.D11	Pseudomonas viridiflava					p1.D11		PRJEB24450	SAMEA104472034
GCF_900582975.1	p1.D11	Pseudomonas viridiflava					p1.D11		PRJEB24450	SAMEA104472034
GCA_900584105.1	p20.G1	Pseudomonas viridiflava					p20.G1		PRJEB24450	SAMEA104472148
GCF_900584105.1	p20.G1	Pseudomonas viridiflava					p20.G1		PRJEB24450	SAMEA104472148
GCA_900590365.1	p3.F11	Pseudomonas viridiflava					p3.F11		PRJEB24450	SAMEA104472775
GCF_900590365.1	p3.F11	Pseudomonas viridiflava					p3.F11		PRJEB24450	SAMEA104472775
GCA_900590525.1	p3.G7	Pseudomonas viridiflava					p3.G7		PRJEB24450	SAMEA104472791
GCF_900590525.1	p3.G7	Pseudomonas viridiflava					p3.G7		PRJEB24450	SAMEA104472791
GCA_900599125.1	p5.B7	Pseudomonas viridiflava					p5.B7		PRJEB24450	SAMEA104472894
GCF_900599125.1	p5.B7	Pseudomonas viridiflava					p5.B7		PRJEB24450	SAMEA104472894
GCA_900599165.1	p5.C8	Pseudomonas viridiflava					p5.C8		PRJEB24450	SAMEA104472905
GCF_900599165.1	p5.C8	Pseudomonas viridiflava					p5.C8		PRJEB24450	SAMEA104472905
GCA_900602185.1	p9.A3	Pseudomonas viridiflava					p9.A3		PRJEB24450	SAMEA104473203
GCF_900602185.1	p9.A3	Pseudomonas viridiflava					p9.A3		PRJEB24450	SAMEA104473203
GCA_900602465.1	p9.C9	Pseudomonas viridiflava					p9.C9		PRJEB24450	SAMEA104473233
GCF_900602465.1	p9.C9	Pseudomonas viridiflava					p9.C9		PRJEB24450	SAMEA104473233
GCA_900582055.1	p13.C8	Pseudomonas viridiflava					p13.C8		PRJEB24450	SAMEA104471944
GCF_900582055.1	p13.C8	Pseudomonas viridiflava					p13.C8		PRJEB24450	SAMEA104471944
GCA_900587055.1	p24.H1	Pseudomonas viridiflava					p24.H1		PRJEB24450	SAMEA104472444
GCF_900587055.1	p24.H1	Pseudomonas viridiflava					p24.H1		PRJEB24450	SAMEA104472444
GCA_900599005.1	p5.A4	Pseudomonas viridiflava					p5.A4		PRJEB24450	SAMEA104472880
GCF_900599005.1	p5.A4	Pseudomonas viridiflava					p5.A4		PRJEB24450	SAMEA104472880
GCA_900600665.1	p7.A7	Pseudomonas viridiflava					p7.A7		PRJEB24450	SAMEA104473048
GCF_900600665.1	p7.A7	Pseudomonas viridiflava					p7.A7		PRJEB24450	SAMEA104473048
GCA_900586475.1	p24.B3	Pseudomonas viridiflava					p24.B3		PRJEB24450	SAMEA104472381
GCF_900586475.1	p24.B3	Pseudomonas viridiflava					p24.B3		PRJEB24450	SAMEA104472381
GCA_900587185.1	p25.A1	Pseudomonas viridiflava					p25.A1		PRJEB24450	SAMEA104472456
GCF_900587185.1	p25.A1	Pseudomonas viridiflava					p25.A1		PRJEB24450	SAMEA104472456
GCA_900602935.1	p9.G5	Pseudomonas viridiflava					p9.G5		PRJEB24450	SAMEA104473273
GCF_900602935.1	p9.G5	Pseudomonas viridiflava					p9.G5		PRJEB24450	SAMEA104473273
GCA_900589375.1	p2.D3	Pseudomonas viridiflava					p2.D3		PRJEB24450	SAMEA104472676
GCF_900589375.1	p2.D3	Pseudomonas viridiflava					p2.D3		PRJEB24450	SAMEA104472676
GCA_900599085.1	p5.B6	Pseudomonas viridiflava					p5.B6		PRJEB24450	SAMEA104472893
GCF_900599085.1	p5.B6	Pseudomonas viridiflava					p5.B6		PRJEB24450	SAMEA104472893
GCA_900599715.1	p5.H9	Pseudomonas viridiflava					p5.H9		PRJEB24450	SAMEA104472959
GCF_900599715.1	p5.H9	Pseudomonas viridiflava					p5.H9		PRJEB24450	SAMEA104472959
GCA_900583565.1	p20.A1	Pseudomonas viridiflava					p20.A1		PRJEB24450	SAMEA104472087
GCF_900583565.1	p20.A1	Pseudomonas viridiflava					p20.A1		PRJEB24450	SAMEA104472087
GCA_900586825.1	p24.F1	Pseudomonas viridiflava					p24.F1		PRJEB24450	SAMEA104472423
GCF_900586825.1	p24.F1	Pseudomonas viridiflava					p24.F1		PRJEB24450	SAMEA104472423
GCA_900599745.1	p5.H7	Pseudomonas viridiflava					p5.H7		PRJEB24450	SAMEA104472957
GCF_900599745.1	p5.H7	Pseudomonas viridiflava					p5.H7		PRJEB24450	SAMEA104472957
GCA_900600855.1	p7.C9	Pseudomonas viridiflava					p7.C9		PRJEB24450	SAMEA104473070
GCF_900600855.1	p7.C9	Pseudomonas viridiflava					p7.C9		PRJEB24450	SAMEA104473070
GCA_900585225.1	p21.H9	Pseudomonas viridiflava					p21.H9		PRJEB24450	SAMEA104472253
GCF_900585225.1	p21.H9	Pseudomonas viridiflava					p21.H9		PRJEB24450	SAMEA104472253
GCA_900601255.1	p7.G7	Pseudomonas viridiflava					p7.G7		PRJEB24450	SAMEA104473111
GCF_900601255.1	p7.G7	Pseudomonas viridiflava					p7.G7		PRJEB24450	SAMEA104473111
GCA_900602285.1	p9.B2	Pseudomonas viridiflava					p9.B2		PRJEB24450	SAMEA104473214
GCF_900602285.1	p9.B2	Pseudomonas viridiflava					p9.B2		PRJEB24450	SAMEA104473214
GCA_900582215.1	p13.E3	Pseudomonas viridiflava					p13.E3		PRJEB24450	SAMEA104471962
GCF_900582215.1	p13.E3	Pseudomonas viridiflava					p13.E3		PRJEB24450	SAMEA104471962
GCA_900587975.1	p25.H12	Pseudomonas viridiflava					p25.H12		PRJEB24450	SAMEA104472532
GCF_900587975.1	p25.H12	Pseudomonas viridiflava					p25.H12		PRJEB24450	SAMEA104472532
GCA_900585605.1	p22.G7	Pseudomonas viridiflava					p22.G7		PRJEB24450	SAMEA104472299
GCF_900585605.1	p22.G7	Pseudomonas viridiflava					p22.G7		PRJEB24450	SAMEA104472299
GCA_900588095.1	p25.H4	Pseudomonas viridiflava					p25.H4		PRJEB24450	SAMEA104472536
GCF_900588095.1	p25.H4	Pseudomonas viridiflava					p25.H4		PRJEB24450	SAMEA104472536
GCA_900599945.1	p6.C11	Pseudomonas viridiflava					p6.C11		PRJEB24450	SAMEA104472980
GCF_900599945.1	p6.C11	Pseudomonas viridiflava					p6.C11		PRJEB24450	SAMEA104472980
GCA_900583905.1	p20.D4	Pseudomonas viridiflava					p20.D4		PRJEB24450	SAMEA104472120
GCF_900583905.1	p20.D4	Pseudomonas viridiflava					p20.D4		PRJEB24450	SAMEA104472120
GCA_900598765.1	p4.G8	Pseudomonas viridiflava					p4.G8		PRJEB24450	SAMEA104472862
GCF_900598765.1	p4.G8	Pseudomonas viridiflava					p4.G8		PRJEB24450	SAMEA104472862
GCA_900586445.1	p24.B4	Pseudomonas viridiflava					p24.B4		PRJEB24450	SAMEA104472382
GCF_900586445.1	p24.B4	Pseudomonas viridiflava					p24.B4		PRJEB24450	SAMEA104472382
GCA_900599645.1	p5.H5	Pseudomonas viridiflava					p5.H5		PRJEB24450	SAMEA104472955
GCF_900599645.1	p5.H5	Pseudomonas viridiflava					p5.H5		PRJEB24450	SAMEA104472955
GCA_900585735.1	p23.A1	Pseudomonas viridiflava					p23.A1		PRJEB24450	SAMEA104472305
GCF_900585735.1	p23.A1	Pseudomonas viridiflava					p23.A1		PRJEB24450	SAMEA104472305
GCA_900583545.1	p20.A4	Pseudomonas viridiflava					p20.A4		PRJEB24450	SAMEA104472090
GCF_900583545.1	p20.A4	Pseudomonas viridiflava					p20.A4		PRJEB24450	SAMEA104472090
GCA_900602295.1	p9.B1	Pseudomonas viridiflava					p9.B1		PRJEB24450	SAMEA104473213
GCF_900602295.1	p9.B1	Pseudomonas viridiflava					p9.B1		PRJEB24450	SAMEA104473213
GCA_900602755.1	p9.F3	Pseudomonas viridiflava					p9.F3		PRJEB24450	SAMEA104473260
GCF_900602755.1	p9.F3	Pseudomonas viridiflava					p9.F3		PRJEB24450	SAMEA104473260
GCA_900583125.1	p1.E4	Pseudomonas viridiflava					p1.E4		PRJEB24450	SAMEA104472047
GCF_900583125.1	p1.E4	Pseudomonas viridiflava					p1.E4		PRJEB24450	SAMEA104472047
GCA_900581615.1	p12.F2	Pseudomonas viridiflava					p12.F2		PRJEB24450	SAMEA104471896
GCF_900581615.1	p12.F2	Pseudomonas viridiflava					p12.F2		PRJEB24450	SAMEA104471896
GCA_900584245.1	p20.H10	Pseudomonas viridiflava					p20.H10		PRJEB24450	SAMEA104472156
GCF_900584245.1	p20.H10	Pseudomonas viridiflava					p20.H10		PRJEB24450	SAMEA104472156
GCA_900585305.1	p22.B1	Pseudomonas viridiflava					p22.B1		PRJEB24450	SAMEA104472261
GCF_900585305.1	p22.B1	Pseudomonas viridiflava					p22.B1		PRJEB24450	SAMEA104472261
GCA_900588675.1	p26.H1	Pseudomonas viridiflava					p26.H1		PRJEB24450	SAMEA104472605
GCF_900588675.1	p26.H1	Pseudomonas viridiflava					p26.H1		PRJEB24450	SAMEA104472605
GCA_900589585.1	p2.F10	Pseudomonas viridiflava					p2.F10		PRJEB24450	SAMEA104472692
GCF_900589585.1	p2.F10	Pseudomonas viridiflava					p2.F10		PRJEB24450	SAMEA104472692
GCA_900602505.1	p9.D1	Pseudomonas viridiflava					p9.D1		PRJEB24450	SAMEA104473236
GCF_900602505.1	p9.D1	Pseudomonas viridiflava					p9.D1		PRJEB24450	SAMEA104473236
GCA_900585585.1	p22.G1	Pseudomonas viridiflava					p22.G1		PRJEB24450	SAMEA104472294
GCF_900585585.1	p22.G1	Pseudomonas viridiflava					p22.G1		PRJEB24450	SAMEA104472294
GCA_900601855.1	p8.F10	Pseudomonas viridiflava					p8.F10		PRJEB24450	SAMEA104473171
GCF_900601855.1	p8.F10	Pseudomonas viridiflava					p8.F10		PRJEB24450	SAMEA104473171
GCA_900583375.1	p1.H1	Pseudomonas viridiflava					p1.H1		PRJEB24450	SAMEA104472075
GCF_900583375.1	p1.H1	Pseudomonas viridiflava					p1.H1		PRJEB24450	SAMEA104472075
GCA_900583425.1	p1.H6	Pseudomonas viridiflava					p1.H6		PRJEB24450	SAMEA104472080
GCF_900583425.1	p1.H6	Pseudomonas viridiflava					p1.H6		PRJEB24450	SAMEA104472080
GCA_900590265.1	p3.E11	Pseudomonas viridiflava					p3.E11		PRJEB24450	SAMEA104472765
GCF_900590265.1	p3.E11	Pseudomonas viridiflava					p3.E11		PRJEB24450	SAMEA104472765
GCA_900589435.1	p2.E1	Pseudomonas viridiflava					p2.E1		PRJEB24450	SAMEA104472684
GCF_900589435.1	p2.E1	Pseudomonas viridiflava					p2.E1		PRJEB24450	SAMEA104472684
GCA_900602265.1	p9.B8	Pseudomonas viridiflava					p9.B8		PRJEB24450	SAMEA104473220
GCF_900602265.1	p9.B8	Pseudomonas viridiflava					p9.B8		PRJEB24450	SAMEA104473220
GCA_900601355.1	p7.H5	Pseudomonas viridiflava					p7.H5		PRJEB24450	SAMEA104473120
GCF_900601355.1	p7.H5	Pseudomonas viridiflava					p7.H5		PRJEB24450	SAMEA104473120
GCA_900582545.1	p13.G8	Pseudomonas viridiflava					p13.G8		PRJEB24450	SAMEA104471988
GCF_900582545.1	p13.G8	Pseudomonas viridiflava					p13.G8		PRJEB24450	SAMEA104471988
GCA_900601625.1	p8.C6	Pseudomonas viridiflava					p8.C6		PRJEB24450	SAMEA104473146
GCF_900601625.1	p8.C6	Pseudomonas viridiflava					p8.C6		PRJEB24450	SAMEA104473146
GCA_900586385.1	p24.A4	Pseudomonas viridiflava					p24.A4		PRJEB24450	SAMEA104472372
GCF_900586385.1	p24.A4	Pseudomonas viridiflava					p24.A4		PRJEB24450	SAMEA104472372
GCA_900602765.1	p9.F6	Pseudomonas viridiflava					p9.F6		PRJEB24450	SAMEA104473263
GCF_900602765.1	p9.F6	Pseudomonas viridiflava					p9.F6		PRJEB24450	SAMEA104473263
GCA_900599755.1	p6.A11	Pseudomonas viridiflava					p6.A11		PRJEB24450	SAMEA104472961
GCF_900599755.1	p6.A11	Pseudomonas viridiflava					p6.A11		PRJEB24450	SAMEA104472961
GCA_900599965.1	p6.C1	Pseudomonas viridiflava					p6.C1		PRJEB24450	SAMEA104472981
GCF_900599965.1	p6.C1	Pseudomonas viridiflava					p6.C1		PRJEB24450	SAMEA104472981
GCA_900600425.1	p6.H11	Pseudomonas viridiflava					p6.H11		PRJEB24450	SAMEA104473031
GCF_900600425.1	p6.H11	Pseudomonas viridiflava					p6.H11		PRJEB24450	SAMEA104473031
GCA_900585125.1	p21.H12	Pseudomonas viridiflava					p21.H12		PRJEB24450	SAMEA104472245
GCF_900585125.1	p21.H12	Pseudomonas viridiflava					p21.H12		PRJEB24450	SAMEA104472245
GCA_900600305.1	p6.F5	Pseudomonas viridiflava					p6.F5		PRJEB24450	SAMEA104473018
GCF_900600305.1	p6.F5	Pseudomonas viridiflava					p6.F5		PRJEB24450	SAMEA104473018
GCA_900600645.1	p7.B1	Pseudomonas viridiflava					p7.B1		PRJEB24450	SAMEA104473053
GCF_900600645.1	p7.B1	Pseudomonas viridiflava					p7.B1		PRJEB24450	SAMEA104473053
GCA_900599195.1	p5.C7	Pseudomonas viridiflava					p5.C7		PRJEB24450	SAMEA104472904
GCF_900599195.1	p5.C7	Pseudomonas viridiflava					p5.C7		PRJEB24450	SAMEA104472904
GCA_900591135.1	p4.F4	Pseudomonas viridiflava					p4.F4		PRJEB24450	SAMEA104472852
GCF_900591135.1	p4.F4	Pseudomonas viridiflava					p4.F4		PRJEB24450	SAMEA104472852
GCA_900599245.1	p5.D7	Pseudomonas viridiflava					p5.D7		PRJEB24450	SAMEA104472915
GCF_900599245.1	p5.D7	Pseudomonas viridiflava					p5.D7		PRJEB24450	SAMEA104472915
GCA_900598845.1	p4.H4	Pseudomonas viridiflava					p4.H4		PRJEB24450	SAMEA104472869
GCF_900598845.1	p4.H4	Pseudomonas viridiflava					p4.H4		PRJEB24450	SAMEA104472869
GCA_900589595.1	p2.F4	Pseudomonas viridiflava					p2.F4		PRJEB24450	SAMEA104472698
GCF_900589595.1	p2.F4	Pseudomonas viridiflava					p2.F4		PRJEB24450	SAMEA104472698
GCA_900581595.1	p12.E9	Pseudomonas viridiflava					p12.E9		PRJEB24450	SAMEA104471891
GCF_900581595.1	p12.E9	Pseudomonas viridiflava					p12.E9		PRJEB24450	SAMEA104471891
GCA_900583885.1	p20.E12	Pseudomonas viridiflava					p20.E12		PRJEB24450	SAMEA104472126
GCF_900583885.1	p20.E12	Pseudomonas viridiflava					p20.E12		PRJEB24450	SAMEA104472126
GCA_900589965.1	p3.B11	Pseudomonas viridiflava					p3.B11		PRJEB24450	SAMEA104472734
GCF_900589965.1	p3.B11	Pseudomonas viridiflava					p3.B11		PRJEB24450	SAMEA104472734
GCA_900584395.1	p21.A9	Pseudomonas viridiflava					p21.A9		PRJEB24450	SAMEA104472177
GCF_900584395.1	p21.A9	Pseudomonas viridiflava					p21.A9		PRJEB24450	SAMEA104472177
GCA_900590425.1	p3.F7	Pseudomonas viridiflava					p3.F7		PRJEB24450	SAMEA104472781
GCF_900590425.1	p3.F7	Pseudomonas viridiflava					p3.F7		PRJEB24450	SAMEA104472781
GCA_900602325.1	p9.B6	Pseudomonas viridiflava					p9.B6		PRJEB24450	SAMEA104473218
GCF_900602325.1	p9.B6	Pseudomonas viridiflava					p9.B6		PRJEB24450	SAMEA104473218
GCA_900589215.1	p2.C3	Pseudomonas viridiflava					p2.C3		PRJEB24450	SAMEA104472666
GCF_900589215.1	p2.C3	Pseudomonas viridiflava					p2.C3		PRJEB24450	SAMEA104472666
GCA_900590085.1	p3.C11	Pseudomonas viridiflava					p3.C11		PRJEB24450	SAMEA104472745
GCF_900590085.1	p3.C11	Pseudomonas viridiflava					p3.C11		PRJEB24450	SAMEA104472745
GCA_900585455.1	p22.E1	Pseudomonas viridiflava					p22.E1		PRJEB24450	SAMEA104472282
GCF_900585455.1	p22.E1	Pseudomonas viridiflava					p22.E1		PRJEB24450	SAMEA104472282
GCA_900590785.1	p4.C11	Pseudomonas viridiflava					p4.C11		PRJEB24450	SAMEA104472821
GCF_900590785.1	p4.C11	Pseudomonas viridiflava					p4.C11		PRJEB24450	SAMEA104472821
GCA_900587915.1	p25.H11	Pseudomonas viridiflava					p25.H11		PRJEB24450	SAMEA104472531
GCF_900587915.1	p25.H11	Pseudomonas viridiflava					p25.H11		PRJEB24450	SAMEA104472531
GCA_900587245.1	p25.A5	Pseudomonas viridiflava					p25.A5		PRJEB24450	SAMEA104472460
GCF_900587245.1	p25.A5	Pseudomonas viridiflava					p25.A5		PRJEB24450	SAMEA104472460
GCA_900602315.1	p9.B3	Pseudomonas viridiflava					p9.B3		PRJEB24450	SAMEA104473215
GCF_900602315.1	p9.B3	Pseudomonas viridiflava					p9.B3		PRJEB24450	SAMEA104473215
GCA_900590615.1	p3.H7	Pseudomonas viridiflava					p3.H7		PRJEB24450	SAMEA104472798
GCF_900590615.1	p3.H7	Pseudomonas viridiflava					p3.H7		PRJEB24450	SAMEA104472798
GCA_900601035.1	p7.E7	Pseudomonas viridiflava					p7.E7		PRJEB24450	SAMEA104473091
GCF_900601035.1	p7.E7	Pseudomonas viridiflava					p7.E7		PRJEB24450	SAMEA104473091
GCA_900585335.1	p22.B8	Pseudomonas viridiflava					p22.B8		PRJEB24450	SAMEA104472267
GCF_900585335.1	p22.B8	Pseudomonas viridiflava					p22.B8		PRJEB24450	SAMEA104472267
GCA_900602825.1	p9.G12	Pseudomonas viridiflava					p9.G12		PRJEB24450	SAMEA104473268
GCF_900602825.1	p9.G12	Pseudomonas viridiflava					p9.G12		PRJEB24450	SAMEA104473268
GCA_900582755.1	p1.B2	Pseudomonas viridiflava					p1.B2		PRJEB24450	SAMEA104472013
GCF_900582755.1	p1.B2	Pseudomonas viridiflava					p1.B2		PRJEB24450	SAMEA104472013
GCA_900600075.1	p6.D3	Pseudomonas viridiflava					p6.D3		PRJEB24450	SAMEA104472994
GCF_900600075.1	p6.D3	Pseudomonas viridiflava					p6.D3		PRJEB24450	SAMEA104472994
GCA_900590495.1	p3.G12	Pseudomonas viridiflava					p3.G12		PRJEB24450	SAMEA104472784
GCF_900590495.1	p3.G12	Pseudomonas viridiflava					p3.G12		PRJEB24450	SAMEA104472784
GCA_900602165.1	p9.A11	Pseudomonas viridiflava					p9.A11		PRJEB24450	SAMEA104473200
GCF_900602165.1	p9.A11	Pseudomonas viridiflava					p9.A11		PRJEB24450	SAMEA104473200
GCA_900586535.1	p24.C12	Pseudomonas viridiflava					p24.C12		PRJEB24450	SAMEA104472389
GCF_900586535.1	p24.C12	Pseudomonas viridiflava					p24.C12		PRJEB24450	SAMEA104472389
GCA_900600395.1	p6.F8	Pseudomonas viridiflava					p6.F8		PRJEB24450	SAMEA104473019
GCF_900600395.1	p6.F8	Pseudomonas viridiflava					p6.F8		PRJEB24450	SAMEA104473019
GCA_900590105.1	p3.C8	Pseudomonas viridiflava					p3.C8		PRJEB24450	SAMEA104472753
GCF_900590105.1	p3.C8	Pseudomonas viridiflava					p3.C8		PRJEB24450	SAMEA104472753
GCA_900599545.1	p5.F8	Pseudomonas viridiflava					p5.F8		PRJEB24450	SAMEA104472938
GCF_900599545.1	p5.F8	Pseudomonas viridiflava					p5.F8		PRJEB24450	SAMEA104472938
GCA_900585495.1	p22.E7	Pseudomonas viridiflava					p22.E7		PRJEB24450	SAMEA104472287
GCF_900585495.1	p22.E7	Pseudomonas viridiflava					p22.E7		PRJEB24450	SAMEA104472287
GCA_900584865.1	p21.F1	Pseudomonas viridiflava					p21.F1		PRJEB24450	SAMEA104472224
GCF_900584865.1	p21.F1	Pseudomonas viridiflava					p21.F1		PRJEB24450	SAMEA104472224
GCA_900601535.1	p8.C2	Pseudomonas viridiflava					p8.C2		PRJEB24450	SAMEA104473142
GCF_900601535.1	p8.C2	Pseudomonas viridiflava					p8.C2		PRJEB24450	SAMEA104473142
GCA_900601005.1	p7.E3	Pseudomonas viridiflava					p7.E3		PRJEB24450	SAMEA104473087
GCF_900601005.1	p7.E3	Pseudomonas viridiflava					p7.E3		PRJEB24450	SAMEA104473087
GCA_900583645.1	p20.C11	Pseudomonas viridiflava					p20.C11		PRJEB24450	SAMEA104472105
GCF_900583645.1	p20.C11	Pseudomonas viridiflava					p20.C11		PRJEB24450	SAMEA104472105
GCA_900585665.1	p22.G3	Pseudomonas viridiflava					p22.G3		PRJEB24450	SAMEA104472296
GCF_900585665.1	p22.G3	Pseudomonas viridiflava					p22.G3		PRJEB24450	SAMEA104472296
GCA_900590115.1	p3.D11	Pseudomonas viridiflava					p3.D11		PRJEB24450	SAMEA104472756
GCF_900590115.1	p3.D11	Pseudomonas viridiflava					p3.D11		PRJEB24450	SAMEA104472756
GCA_900586955.1	p24.G1	Pseudomonas viridiflava					p24.G1		PRJEB24450	SAMEA104472434
GCF_900586955.1	p24.G1	Pseudomonas viridiflava					p24.G1		PRJEB24450	SAMEA104472434
GCA_900600335.1	p6.G4	Pseudomonas viridiflava					p6.G4		PRJEB24450	SAMEA104473025
GCF_900600335.1	p6.G4	Pseudomonas viridiflava					p6.G4		PRJEB24450	SAMEA104473025
GCA_900581185.1	p12.A2	Pseudomonas viridiflava					p12.A2		PRJEB24450	SAMEA104471848
GCF_900581185.1	p12.A2	Pseudomonas viridiflava					p12.A2		PRJEB24450	SAMEA104471848
GCA_900601865.1	p8.E9	Pseudomonas viridiflava					p8.E9		PRJEB24450	SAMEA104473170
GCF_900601865.1	p8.E9	Pseudomonas viridiflava					p8.E9		PRJEB24450	SAMEA104473170
GCA_900601665.1	p8.C7	Pseudomonas viridiflava					p8.C7		PRJEB24450	SAMEA104473147
GCF_900601665.1	p8.C7	Pseudomonas viridiflava					p8.C7		PRJEB24450	SAMEA104473147
GCA_900582585.1	p13.H3	Pseudomonas viridiflava					p13.H3		PRJEB24450	SAMEA104471993
GCF_900582585.1	p13.H3	Pseudomonas viridiflava					p13.H3		PRJEB24450	SAMEA104471993
GCA_900587715.1	p25.F12	Pseudomonas viridiflava					p25.F12		PRJEB24450	SAMEA104472510
GCF_900587715.1	p25.F12	Pseudomonas viridiflava					p25.F12		PRJEB24450	SAMEA104472510
GCA_900584575.1	p21.C12	Pseudomonas viridiflava					p21.C12		PRJEB24450	SAMEA104472191
GCF_900584575.1	p21.C12	Pseudomonas viridiflava					p21.C12		PRJEB24450	SAMEA104472191
GCA_900584145.1	p20.G11	Pseudomonas viridiflava					p20.G11		PRJEB24450	SAMEA104472146
GCF_900584145.1	p20.G11	Pseudomonas viridiflava					p20.G11		PRJEB24450	SAMEA104472146
GCA_900585055.1	p21.G5	Pseudomonas viridiflava					p21.G5		PRJEB24450	SAMEA104472239
GCF_900585055.1	p21.G5	Pseudomonas viridiflava					p21.G5		PRJEB24450	SAMEA104472239
GCA_900602405.1	p9.C7	Pseudomonas viridiflava					p9.C7		PRJEB24450	SAMEA104473231
GCF_900602405.1	p9.C7	Pseudomonas viridiflava					p9.C7		PRJEB24450	SAMEA104473231
GCA_900599905.1	p6.B8	Pseudomonas viridiflava					p6.B8		PRJEB24450	SAMEA104472977
GCF_900599905.1	p6.B8	Pseudomonas viridiflava					p6.B8		PRJEB24450	SAMEA104472977
GCA_900583555.1	p20.A3	Pseudomonas viridiflava					p20.A3		PRJEB24450	SAMEA104472089
GCF_900583555.1	p20.A3	Pseudomonas viridiflava					p20.A3		PRJEB24450	SAMEA104472089
GCA_900590225.1	p3.D1	Pseudomonas viridiflava					p3.D1		PRJEB24450	SAMEA104472757
GCF_900590225.1	p3.D1	Pseudomonas viridiflava					p3.D1		PRJEB24450	SAMEA104472757
GCA_900583185.1	p1.F3	Pseudomonas viridiflava					p1.F3		PRJEB24450	SAMEA104472056
GCF_900583185.1	p1.F3	Pseudomonas viridiflava					p1.F3		PRJEB24450	SAMEA104472056
GCA_900601155.1	p7.F3	Pseudomonas viridiflava					p7.F3		PRJEB24450	SAMEA104473098
GCF_900601155.1	p7.F3	Pseudomonas viridiflava					p7.F3		PRJEB24450	SAMEA104473098
GCA_900590705.1	p4.B3	Pseudomonas viridiflava					p4.B3		PRJEB24450	SAMEA104472814
GCF_900590705.1	p4.B3	Pseudomonas viridiflava					p4.B3		PRJEB24450	SAMEA104472814
GCA_900599065.1	p5.B4	Pseudomonas viridiflava					p5.B4		PRJEB24450	SAMEA104472891
GCF_900599065.1	p5.B4	Pseudomonas viridiflava					p5.B4		PRJEB24450	SAMEA104472891
GCA_900590345.1	p3.E8	Pseudomonas viridiflava					p3.E8		PRJEB24450	SAMEA104472772
GCF_900590345.1	p3.E8	Pseudomonas viridiflava					p3.E8		PRJEB24450	SAMEA104472772
GCA_900584475.1	p21.B7	Pseudomonas viridiflava					p21.B7		PRJEB24450	SAMEA104472186
GCF_900584475.1	p21.B7	Pseudomonas viridiflava					p21.B7		PRJEB24450	SAMEA104472186
GCA_900600535.1	p6.H7	Pseudomonas viridiflava					p6.H7		PRJEB24450	SAMEA104473036
GCF_900600535.1	p6.H7	Pseudomonas viridiflava					p6.H7		PRJEB24450	SAMEA104473036
GCA_900584255.1	p20.H12	Pseudomonas viridiflava					p20.H12		PRJEB24450	SAMEA104472158
GCF_900584255.1	p20.H12	Pseudomonas viridiflava					p20.H12		PRJEB24450	SAMEA104472158
GCA_900602645.1	p9.E11	Pseudomonas viridiflava					p9.E11		PRJEB24450	SAMEA104473246
GCF_900602645.1	p9.E11	Pseudomonas viridiflava					p9.E11		PRJEB24450	SAMEA104473246
GCA_900581125.1	p12.B11	Pseudomonas viridiflava					p12.B11		PRJEB24450	SAMEA104471855
GCF_900581125.1	p12.B11	Pseudomonas viridiflava					p12.B11		PRJEB24450	SAMEA104471855
GCA_900602895.1	p9.H2	Pseudomonas viridiflava					p9.H2		PRJEB24450	SAMEA104473279
GCF_900602895.1	p9.H2	Pseudomonas viridiflava					p9.H2		PRJEB24450	SAMEA104473279
GCA_900591015.1	p4.D3	Pseudomonas viridiflava					p4.D3		PRJEB24450	SAMEA104472834
GCF_900591015.1	p4.D3	Pseudomonas viridiflava					p4.D3		PRJEB24450	SAMEA104472834
GCA_900601505.1	p8.B9	Pseudomonas viridiflava					p8.B9		PRJEB24450	SAMEA104473140
GCF_900601505.1	p8.B9	Pseudomonas viridiflava					p8.B9		PRJEB24450	SAMEA104473140
GCA_900589355.1	p2.D5	Pseudomonas viridiflava					p2.D5		PRJEB24450	SAMEA104472678
GCF_900589355.1	p2.D5	Pseudomonas viridiflava					p2.D5		PRJEB24450	SAMEA104472678
GCA_900583175.1	p1.F12	Pseudomonas viridiflava					p1.F12		PRJEB24450	SAMEA104472053
GCF_900583175.1	p1.F12	Pseudomonas viridiflava					p1.F12		PRJEB24450	SAMEA104472053
GCA_900584295.1	p21.A11	Pseudomonas viridiflava					p21.A11		PRJEB24450	SAMEA104472168
GCF_900584295.1	p21.A11	Pseudomonas viridiflava					p21.A11		PRJEB24450	SAMEA104472168
GCA_900585085.1	p21.H11	Pseudomonas viridiflava					p21.H11		PRJEB24450	SAMEA104472244
GCF_900585085.1	p21.H11	Pseudomonas viridiflava					p21.H11		PRJEB24450	SAMEA104472244
GCA_900586645.1	p24.D12	Pseudomonas viridiflava					p24.D12		PRJEB24450	SAMEA104472400
GCF_900586645.1	p24.D12	Pseudomonas viridiflava					p24.D12		PRJEB24450	SAMEA104472400
GCA_900588005.1	p25.H5	Pseudomonas viridiflava					p25.H5		PRJEB24450	SAMEA104472537
GCF_900588005.1	p25.H5	Pseudomonas viridiflava					p25.H5		PRJEB24450	SAMEA104472537
GCA_900599425.1	p5.E8	Pseudomonas viridiflava					p5.E8		PRJEB24450	SAMEA104472927
GCF_900599425.1	p5.E8	Pseudomonas viridiflava					p5.E8		PRJEB24450	SAMEA104472927
GCA_900602655.1	p9.D8	Pseudomonas viridiflava					p9.D8		PRJEB24450	SAMEA104473243
GCF_900602655.1	p9.D8	Pseudomonas viridiflava					p9.D8		PRJEB24450	SAMEA104473243
GCA_900587415.1	p25.C2	Pseudomonas viridiflava					p25.C2		PRJEB24450	SAMEA104472479
GCF_900587415.1	p25.C2	Pseudomonas viridiflava					p25.C2		PRJEB24450	SAMEA104472479
GCA_900588275.1	p26.D1	Pseudomonas viridiflava					p26.D1		PRJEB24450	SAMEA104472566
GCF_900588275.1	p26.D1	Pseudomonas viridiflava					p26.D1		PRJEB24450	SAMEA104472566
GCA_900583495.1	p1.H7	Pseudomonas viridiflava					p1.H7		PRJEB24450	SAMEA104472081
GCF_900583495.1	p1.H7	Pseudomonas viridiflava					p1.H7		PRJEB24450	SAMEA104472081
GCA_900602335.1	p9.B9	Pseudomonas viridiflava					p9.B9		PRJEB24450	SAMEA104473221
GCF_900602335.1	p9.B9	Pseudomonas viridiflava					p9.B9		PRJEB24450	SAMEA104473221
GCA_900601955.1	p8.F3	Pseudomonas viridiflava					p8.F3		PRJEB24450	SAMEA104473176
GCF_900601955.1	p8.F3	Pseudomonas viridiflava					p8.F3		PRJEB24450	SAMEA104473176
GCA_900584195.1	p20.H3	Pseudomonas viridiflava					p20.H3		PRJEB24450	SAMEA104472161
GCF_900584195.1	p20.H3	Pseudomonas viridiflava					p20.H3		PRJEB24450	SAMEA104472161
GCA_900581245.1	p12.B2	Pseudomonas viridiflava					p12.B2		PRJEB24450	SAMEA104471857
GCF_900581245.1	p12.B2	Pseudomonas viridiflava					p12.B2		PRJEB24450	SAMEA104471857
GCA_900583525.1	p20.A12	Pseudomonas viridiflava					p20.A12		PRJEB24450	SAMEA104472086
GCF_900583525.1	p20.A12	Pseudomonas viridiflava					p20.A12		PRJEB24450	SAMEA104472086
GCA_900586455.1	p24.B12	Pseudomonas viridiflava					p24.B12		PRJEB24450	SAMEA104472379
GCF_900586455.1	p24.B12	Pseudomonas viridiflava					p24.B12		PRJEB24450	SAMEA104472379
GCA_900590315.1	p3.E7	Pseudomonas viridiflava					p3.E7		PRJEB24450	SAMEA104472771
GCF_900590315.1	p3.E7	Pseudomonas viridiflava					p3.E7		PRJEB24450	SAMEA104472771
GCA_900599505.1	p5.F7	Pseudomonas viridiflava					p5.F7		PRJEB24450	SAMEA104472937
GCF_900599505.1	p5.F7	Pseudomonas viridiflava					p5.F7		PRJEB24450	SAMEA104472937
GCA_900585155.1	p21.H5	Pseudomonas viridiflava					p21.H5		PRJEB24450	SAMEA104472250
GCF_900585155.1	p21.H5	Pseudomonas viridiflava					p21.H5		PRJEB24450	SAMEA104472250
GCA_900583755.1	p20.C12	Pseudomonas viridiflava					p20.C12		PRJEB24450	SAMEA104472106
GCF_900583755.1	p20.C12	Pseudomonas viridiflava					p20.C12		PRJEB24450	SAMEA104472106
GCA_900601135.1	p7.F6	Pseudomonas viridiflava					p7.F6		PRJEB24450	SAMEA104473101
GCF_900601135.1	p7.F6	Pseudomonas viridiflava					p7.F6		PRJEB24450	SAMEA104473101
GCA_900587905.1	p25.H10	Pseudomonas viridiflava					p25.H10		PRJEB24450	SAMEA104472530
GCF_900587905.1	p25.H10	Pseudomonas viridiflava					p25.H10		PRJEB24450	SAMEA104472530
GCA_900581695.1	p12.F6	Pseudomonas viridiflava					p12.F6		PRJEB24450	SAMEA104471898
GCF_900581695.1	p12.F6	Pseudomonas viridiflava					p12.F6		PRJEB24450	SAMEA104471898
GCA_900598965.1	p5.A3	Pseudomonas viridiflava					p5.A3		PRJEB24450	SAMEA104472879
GCF_900598965.1	p5.A3	Pseudomonas viridiflava					p5.A3		PRJEB24450	SAMEA104472879
GCA_900599865.1	p6.B2	Pseudomonas viridiflava					p6.B2		PRJEB24450	SAMEA104472971
GCF_900599865.1	p6.B2	Pseudomonas viridiflava					p6.B2		PRJEB24450	SAMEA104472971
GCA_900581975.1	p13.C11	Pseudomonas viridiflava					p13.C11		PRJEB24450	SAMEA104471936
GCF_900581975.1	p13.C11	Pseudomonas viridiflava					p13.C11		PRJEB24450	SAMEA104471936
GCA_900601055.1	p7.E9	Pseudomonas viridiflava					p7.E9		PRJEB24450	SAMEA104473093
GCF_900601055.1	p7.E9	Pseudomonas viridiflava					p7.E9		PRJEB24450	SAMEA104473093
GCA_900581115.1	p11.H9	Pseudomonas viridiflava					p11.H9		PRJEB24450	SAMEA104471844
GCF_900581115.1	p11.H9	Pseudomonas viridiflava					p11.H9		PRJEB24450	SAMEA104471844
GCA_900585445.1	p22.C8	Pseudomonas viridiflava					p22.C8		PRJEB24450	SAMEA104472274
GCF_900585445.1	p22.C8	Pseudomonas viridiflava					p22.C8		PRJEB24450	SAMEA104472274
GCA_900602865.1	p9.G4	Pseudomonas viridiflava					p9.G4		PRJEB24450	SAMEA104473272
GCF_900602865.1	p9.G4	Pseudomonas viridiflava					p9.G4		PRJEB24450	SAMEA104473272
GCA_900600085.1	p6.C7	Pseudomonas viridiflava					p6.C7		PRJEB24450	SAMEA104472987
GCF_900600085.1	p6.C7	Pseudomonas viridiflava					p6.C7		PRJEB24450	SAMEA104472987
GCA_900584945.1	p21.G11	Pseudomonas viridiflava					p21.G11		PRJEB24450	SAMEA104472233
GCF_900584945.1	p21.G11	Pseudomonas viridiflava					p21.G11		PRJEB24450	SAMEA104472233
GCA_900602475.1	p9.C8	Pseudomonas viridiflava					p9.C8		PRJEB24450	SAMEA104473232
GCF_900602475.1	p9.C8	Pseudomonas viridiflava					p9.C8		PRJEB24450	SAMEA104473232
GCA_900583835.1	p20.D1	Pseudomonas viridiflava					p20.D1		PRJEB24450	SAMEA104472117
GCF_900583835.1	p20.D1	Pseudomonas viridiflava					p20.D1		PRJEB24450	SAMEA104472117
GCA_900599355.1	p5.D8	Pseudomonas viridiflava					p5.D8		PRJEB24450	SAMEA104472916
GCF_900599355.1	p5.D8	Pseudomonas viridiflava					p5.D8		PRJEB24450	SAMEA104472916
GCA_900602585.1	p9.D9	Pseudomonas viridiflava					p9.D9		PRJEB24450	SAMEA104473244
GCF_900602585.1	p9.D9	Pseudomonas viridiflava					p9.D9		PRJEB24450	SAMEA104473244
GCA_900584085.1	p20.F1	Pseudomonas viridiflava					p20.F1		PRJEB24450	SAMEA104472138
GCF_900584085.1	p20.F1	Pseudomonas viridiflava					p20.F1		PRJEB24450	SAMEA104472138
GCA_900583005.1	p1.D3	Pseudomonas viridiflava					p1.D3		PRJEB24450	SAMEA104472038
GCF_900583005.1	p1.D3	Pseudomonas viridiflava					p1.D3		PRJEB24450	SAMEA104472038
GCA_900583315.1	p1.G4	Pseudomonas viridiflava					p1.G4		PRJEB24450	SAMEA104472067
GCF_900583315.1	p1.G4	Pseudomonas viridiflava					p1.G4		PRJEB24450	SAMEA104472067
GCA_900585935.1	p23.C7	Pseudomonas viridiflava					p23.C7		PRJEB24450	SAMEA104472329
GCF_900585935.1	p23.C7	Pseudomonas viridiflava					p23.C7		PRJEB24450	SAMEA104472329
GCA_900600015.1	p6.D2	Pseudomonas viridiflava					p6.D2		PRJEB24450	SAMEA104472993
GCF_900600015.1	p6.D2	Pseudomonas viridiflava					p6.D2		PRJEB24450	SAMEA104472993
GCA_900588825.1	p27.B3	Pseudomonas viridiflava					p27.B3		PRJEB24450	SAMEA104472621
GCF_900588825.1	p27.B3	Pseudomonas viridiflava					p27.B3		PRJEB24450	SAMEA104472621
GCA_900588805.1	p27.B1	Pseudomonas viridiflava					p27.B1		PRJEB24450	SAMEA104472619
GCF_900588805.1	p27.B1	Pseudomonas viridiflava					p27.B1		PRJEB24450	SAMEA104472619
GCA_900586265.1	p23.H2	Pseudomonas viridiflava					p23.H2		PRJEB24450	SAMEA104472361
GCF_900586265.1	p23.H2	Pseudomonas viridiflava					p23.H2		PRJEB24450	SAMEA104472361
GCA_900598975.1	p5.A7	Pseudomonas viridiflava					p5.A7		PRJEB24450	SAMEA104472883
GCF_900598975.1	p5.A7	Pseudomonas viridiflava					p5.A7		PRJEB24450	SAMEA104472883
GCA_900599635.1	p5.H1	Pseudomonas viridiflava					p5.H1		PRJEB24450	SAMEA104472952
GCF_900599635.1	p5.H1	Pseudomonas viridiflava					p5.H1		PRJEB24450	SAMEA104472952
GCA_900582715.1	p1.B10	Pseudomonas viridiflava					p1.B10		PRJEB24450	SAMEA104472009
GCF_900582715.1	p1.B10	Pseudomonas viridiflava					p1.B10		PRJEB24450	SAMEA104472009
GCA_900582325.1	p5.E3	Pseudomonas viridiflava					p5.E3		PRJEB24450	SAMEA104472923
GCF_900582325.1	p5.E3	Pseudomonas viridiflava					p5.E3		PRJEB24450	SAMEA104472923
GCA_900576725.1	p11.B11	Pseudomonas viridiflava					p11.B11		PRJEB24450	SAMEA104471776
GCF_900576725.1	p11.B11	Pseudomonas viridiflava					p11.B11		PRJEB24450	SAMEA104471776
GCA_900581265.1	p12.C2	Pseudomonas viridiflava					p12.C2		PRJEB24450	SAMEA104471867
GCF_900581265.1	p12.C2	Pseudomonas viridiflava					p12.C2		PRJEB24450	SAMEA104471867
GCA_900599305.1	p5.D3	Pseudomonas viridiflava					p5.D3		PRJEB24450	SAMEA104472911
GCF_900599305.1	p5.D3	Pseudomonas viridiflava					p5.D3		PRJEB24450	SAMEA104472911
GCA_900600295.1	p6.E8	Pseudomonas viridiflava					p6.E8		PRJEB24450	SAMEA104473009
GCF_900600295.1	p6.E8	Pseudomonas viridiflava					p6.E8		PRJEB24450	SAMEA104473009
GCA_900600715.1	p7.B4	Pseudomonas viridiflava					p7.B4		PRJEB24450	SAMEA104473056
GCF_900600715.1	p7.B4	Pseudomonas viridiflava					p7.B4		PRJEB24450	SAMEA104473056
GCA_900602985.1	p9.H5	Pseudomonas viridiflava					p9.H5		PRJEB24450	SAMEA104473282
GCF_900602985.1	p9.H5	Pseudomonas viridiflava					p9.H5		PRJEB24450	SAMEA104473282
GCA_900581985.1	p13.C2	Pseudomonas viridiflava					p13.C2		PRJEB24450	SAMEA104471939
GCF_900581985.1	p13.C2	Pseudomonas viridiflava					p13.C2		PRJEB24450	SAMEA104471939
GCA_900580515.1	p11.C11	Pseudomonas viridiflava					p11.C11		PRJEB24450	SAMEA104471787
GCF_900580515.1	p11.C11	Pseudomonas viridiflava					p11.C11		PRJEB24450	SAMEA104471787
GCA_900581825.1	p12.H5	Pseudomonas viridiflava					p12.H5		PRJEB24450	SAMEA104471913
GCF_900581825.1	p12.H5	Pseudomonas viridiflava					p12.H5		PRJEB24450	SAMEA104471913
GCA_900583045.1	p1.D2	Pseudomonas viridiflava					p1.D2		PRJEB24450	SAMEA104472037
GCF_900583045.1	p1.D2	Pseudomonas viridiflava					p1.D2		PRJEB24450	SAMEA104472037
GCA_900600905.1	p7.D3	Pseudomonas viridiflava					p7.D3		PRJEB24450	SAMEA104473075
GCF_900600905.1	p7.D3	Pseudomonas viridiflava					p7.D3		PRJEB24450	SAMEA104473075
GCA_900590715.1	p4.B11	Pseudomonas viridiflava					p4.B11		PRJEB24450	SAMEA104472811
GCF_900590715.1	p4.B11	Pseudomonas viridiflava					p4.B11		PRJEB24450	SAMEA104472811
GCA_900600795.1	p7.C3	Pseudomonas viridiflava					p7.C3		PRJEB24450	SAMEA104473064
GCF_900600795.1	p7.C3	Pseudomonas viridiflava					p7.C3		PRJEB24450	SAMEA104473064
GCA_900602845.1	p9.F9	Pseudomonas viridiflava					p9.F9		PRJEB24450	SAMEA104473266
GCF_900602845.1	p9.F9	Pseudomonas viridiflava					p9.F9		PRJEB24450	SAMEA104473266
GCA_900585645.1	p22.H2	Pseudomonas viridiflava					p22.H2		PRJEB24450	SAMEA104472301
GCF_900585645.1	p22.H2	Pseudomonas viridiflava					p22.H2		PRJEB24450	SAMEA104472301
GCA_900576585.1	p11.A10	Pseudomonas viridiflava					p11.A10		PRJEB24450	SAMEA104471763
GCF_900576585.1	p11.A10	Pseudomonas viridiflava					p11.A10		PRJEB24450	SAMEA104471763
GCA_900600105.1	p6.D9	Pseudomonas viridiflava					p6.D9		PRJEB24450	SAMEA104473000
GCF_900600105.1	p6.D9	Pseudomonas viridiflava					p6.D9		PRJEB24450	SAMEA104473000
GCA_900588195.1	p26.C1	Pseudomonas viridiflava					p26.C1		PRJEB24450	SAMEA104472559
GCF_900588195.1	p26.C1	Pseudomonas viridiflava					p26.C1		PRJEB24450	SAMEA104472559
GCA_900582485.1	p13.G2	Pseudomonas viridiflava					p13.G2		PRJEB24450	SAMEA104471982
GCF_900582485.1	p13.G2	Pseudomonas viridiflava					p13.G2		PRJEB24450	SAMEA104471982
GCA_900584875.1	p21.F11	Pseudomonas viridiflava					p21.F11		PRJEB24450	SAMEA104472222
GCF_900584875.1	p21.F11	Pseudomonas viridiflava					p21.F11		PRJEB24450	SAMEA104472222
GCA_900586965.1	p24.G12	Pseudomonas viridiflava					p24.G12		PRJEB24450	SAMEA104472433
GCF_900586965.1	p24.G12	Pseudomonas viridiflava					p24.G12		PRJEB24450	SAMEA104472433
GCA_900602785.1	p9.F5	Pseudomonas viridiflava					p9.F5		PRJEB24450	SAMEA104473262
GCF_900602785.1	p9.F5	Pseudomonas viridiflava					p9.F5		PRJEB24450	SAMEA104473262
GCA_900580645.1	p11.D2	Pseudomonas viridiflava					p11.D2		PRJEB24450	SAMEA104471799
GCF_900580645.1	p11.D2	Pseudomonas viridiflava					p11.D2		PRJEB24450	SAMEA104471799
GCA_900590005.1	p3.B4	Pseudomonas viridiflava					p3.B4		PRJEB24450	SAMEA104472738
GCF_900590005.1	p3.B4	Pseudomonas viridiflava					p3.B4		PRJEB24450	SAMEA104472738
GCA_900582835.1	p1.B9	Pseudomonas viridiflava					p1.B9		PRJEB24450	SAMEA104472020
GCF_900582835.1	p1.B9	Pseudomonas viridiflava					p1.B9		PRJEB24450	SAMEA104472020
GCA_900580435.1	p11.B12	Pseudomonas viridiflava					p11.B12		PRJEB24450	SAMEA104471777
GCF_900580435.1	p11.B12	Pseudomonas viridiflava					p11.B12		PRJEB24450	SAMEA104471777
GCA_900591095.1	p4.F12	Pseudomonas viridiflava					p4.F12		PRJEB24450	SAMEA104472848
GCF_900591095.1	p4.F12	Pseudomonas viridiflava					p4.F12		PRJEB24450	SAMEA104472848
GCA_900583955.1	p20.F11	Pseudomonas viridiflava					p20.F11		PRJEB24450	SAMEA104472136
GCF_900583955.1	p20.F11	Pseudomonas viridiflava					p20.F11		PRJEB24450	SAMEA104472136
GCA_900600055.1	p6.C9	Pseudomonas viridiflava					p6.C9		PRJEB24450	SAMEA104472989
GCF_900600055.1	p6.C9	Pseudomonas viridiflava					p6.C9		PRJEB24450	SAMEA104472989
GCA_900584925.1	p21.F4	Pseudomonas viridiflava					p21.F4		PRJEB24450	SAMEA104472227
GCF_900584925.1	p21.F4	Pseudomonas viridiflava					p21.F4		PRJEB24450	SAMEA104472227
GCA_900583225.1	p1.F8	Pseudomonas viridiflava					p1.F8		PRJEB24450	SAMEA104472060
GCF_900583225.1	p1.F8	Pseudomonas viridiflava					p1.F8		PRJEB24450	SAMEA104472060
GCA_900583745.1	p20.C9	Pseudomonas viridiflava					p20.C9		PRJEB24450	SAMEA104472113
GCF_900583745.1	p20.C9	Pseudomonas viridiflava					p20.C9		PRJEB24450	SAMEA104472113
GCA_900602735.1	p9.F2	Pseudomonas viridiflava					p9.F2		PRJEB24450	SAMEA104473259
GCF_900602735.1	p9.F2	Pseudomonas viridiflava					p9.F2		PRJEB24450	SAMEA104473259
GCA_900581485.1	p12.E7	Pseudomonas viridiflava					p12.E7		PRJEB24450	SAMEA104471889
GCF_900581485.1	p12.E7	Pseudomonas viridiflava					p12.E7		PRJEB24450	SAMEA104471889
GCA_900588725.1	p26.H7	Pseudomonas viridiflava					p26.H7		PRJEB24450	SAMEA104472611
GCF_900588725.1	p26.H7	Pseudomonas viridiflava					p26.H7		PRJEB24450	SAMEA104472611
GCA_900590275.1	p3.D9	Pseudomonas viridiflava					p3.D9		PRJEB24450	SAMEA104472763
GCF_900590275.1	p3.D9	Pseudomonas viridiflava					p3.D9		PRJEB24450	SAMEA104472763
GCA_900600785.1	p7.C5	Pseudomonas viridiflava					p7.C5		PRJEB24450	SAMEA104473066
GCF_900600785.1	p7.C5	Pseudomonas viridiflava					p7.C5		PRJEB24450	SAMEA104473066
GCA_900580465.1	p11.C12	Pseudomonas viridiflava					p11.C12		PRJEB24450	SAMEA104471788
GCF_900580465.1	p11.C12	Pseudomonas viridiflava					p11.C12		PRJEB24450	SAMEA104471788
GCA_900584805.1	p21.E8	Pseudomonas viridiflava					p21.E8		PRJEB24450	SAMEA104472219
GCF_900584805.1	p21.E8	Pseudomonas viridiflava					p21.E8		PRJEB24450	SAMEA104472219
GCA_900584485.1	p21.B9	Pseudomonas viridiflava					p21.B9		PRJEB24450	SAMEA104472188
GCF_900584485.1	p21.B9	Pseudomonas viridiflava					p21.B9		PRJEB24450	SAMEA104472188
GCA_900589985.1	p3.B2	Pseudomonas viridiflava					p3.B2		PRJEB24450	SAMEA104472737
GCF_900589985.1	p3.B2	Pseudomonas viridiflava					p3.B2		PRJEB24450	SAMEA104472737
GCA_900591025.1	p4.E1	Pseudomonas viridiflava					p4.E1		PRJEB24450	SAMEA104472839
GCF_900591025.1	p4.E1	Pseudomonas viridiflava					p4.E1		PRJEB24450	SAMEA104472839
GCA_900581085.1	p12.A11	Pseudomonas viridiflava					p12.A11		PRJEB24450	SAMEA104471846
GCF_900581085.1	p12.A11	Pseudomonas viridiflava					p12.A11		PRJEB24450	SAMEA104471846
GCA_900584025.1	p20.F12	Pseudomonas viridiflava					p20.F12		PRJEB24450	SAMEA104472137
GCF_900584025.1	p20.F12	Pseudomonas viridiflava					p20.F12		PRJEB24450	SAMEA104472137
GCA_900587925.1	p25.G9	Pseudomonas viridiflava					p25.G9		PRJEB24450	SAMEA104472529
GCF_900587925.1	p25.G9	Pseudomonas viridiflava					p25.G9		PRJEB24450	SAMEA104472529
GCA_900584975.1	p21.F8	Pseudomonas viridiflava					p21.F8		PRJEB24450	SAMEA104472230
GCF_900584975.1	p21.F8	Pseudomonas viridiflava					p21.F8		PRJEB24450	SAMEA104472230
GCA_900589315.1	p2.C7	Pseudomonas viridiflava					p2.C7		PRJEB24450	SAMEA104472670
GCF_900589315.1	p2.C7	Pseudomonas viridiflava					p2.C7		PRJEB24450	SAMEA104472670
GCA_900584185.1	p20.H11	Pseudomonas viridiflava					p20.H11		PRJEB24450	SAMEA104472157
GCF_900584185.1	p20.H11	Pseudomonas viridiflava					p20.H11		PRJEB24450	SAMEA104472157
GCA_900586505.1	p24.C11	Pseudomonas viridiflava					p24.C11		PRJEB24450	SAMEA104472388
GCF_900586505.1	p24.C11	Pseudomonas viridiflava					p24.C11		PRJEB24450	SAMEA104472388
GCA_900586875.1	p24.F3	Pseudomonas viridiflava					p24.F3		PRJEB24450	SAMEA104472425
GCF_900586875.1	p24.F3	Pseudomonas viridiflava					p24.F3		PRJEB24450	SAMEA104472425
GCA_900583995.1	p20.E3	Pseudomonas viridiflava					p20.E3		PRJEB24450	SAMEA104472129
GCF_900583995.1	p20.E3	Pseudomonas viridiflava					p20.E3		PRJEB24450	SAMEA104472129
GCA_900582675.1	p1.A12	Pseudomonas viridiflava					p1.A12		PRJEB24450	SAMEA104472001
GCF_900582675.1	p1.A12	Pseudomonas viridiflava					p1.A12		PRJEB24450	SAMEA104472001
GCA_900582775.1	p1.B11	Pseudomonas viridiflava					p1.B11		PRJEB24450	SAMEA104472010
GCF_900582775.1	p1.B11	Pseudomonas viridiflava					p1.B11		PRJEB24450	SAMEA104472010
GCA_900601975.1	p8.G6	Pseudomonas viridiflava					p8.G6		PRJEB24450	SAMEA104473186
GCF_900601975.1	p8.G6	Pseudomonas viridiflava					p8.G6		PRJEB24450	SAMEA104473186
GCA_900601585.1	p8.C4	Pseudomonas viridiflava					p8.C4		PRJEB24450	SAMEA104473144
GCF_900601585.1	p8.C4	Pseudomonas viridiflava					p8.C4		PRJEB24450	SAMEA104473144
GCA_900599895.1	p6.B6	Pseudomonas viridiflava					p6.B6		PRJEB24450	SAMEA104472975
GCF_900599895.1	p6.B6	Pseudomonas viridiflava					p6.B6		PRJEB24450	SAMEA104472975
GCA_900588065.1	p26.A5	Pseudomonas viridiflava					p26.A5		PRJEB24450	SAMEA104472545
GCF_900588065.1	p26.A5	Pseudomonas viridiflava					p26.A5		PRJEB24450	SAMEA104472545
GCA_900589105.1	p2.A6	Pseudomonas viridiflava					p2.A6		PRJEB24450	SAMEA104472648
GCF_900589105.1	p2.A6	Pseudomonas viridiflava					p2.A6		PRJEB24450	SAMEA104472648
GCA_900600185.1	p6.E2	Pseudomonas viridiflava					p6.E2		PRJEB24450	SAMEA104473004
GCF_900600185.1	p6.E2	Pseudomonas viridiflava					p6.E2		PRJEB24450	SAMEA104473004
GCA_900581035.1	p11.G8	Pseudomonas viridiflava					p11.G8		PRJEB24450	SAMEA104471832
GCF_900581035.1	p11.G8	Pseudomonas viridiflava					p11.G8		PRJEB24450	SAMEA104471832
GCA_900585515.1	p22.F2	Pseudomonas viridiflava					p22.F2		PRJEB24450	SAMEA104472289
GCF_900585515.1	p22.F2	Pseudomonas viridiflava					p22.F2		PRJEB24450	SAMEA104472289
GCA_900581865.1	p13.A1	Pseudomonas viridiflava					p13.A1		PRJEB24450	SAMEA104471920
GCF_900581865.1	p13.A1	Pseudomonas viridiflava					p13.A1		PRJEB24450	SAMEA104471920
GCA_900601795.1	p8.E4	Pseudomonas viridiflava					p8.E4		PRJEB24450	SAMEA104473165
GCF_900601795.1	p8.E4	Pseudomonas viridiflava					p8.E4		PRJEB24450	SAMEA104473165
GCA_900584905.1	p21.F12	Pseudomonas viridiflava					p21.F12		PRJEB24450	SAMEA104472223
GCF_900584905.1	p21.F12	Pseudomonas viridiflava					p21.F12		PRJEB24450	SAMEA104472223
GCA_900583115.1	p1.E3	Pseudomonas viridiflava					p1.E3		PRJEB24450	SAMEA104472046
GCF_900583115.1	p1.E3	Pseudomonas viridiflava					p1.E3		PRJEB24450	SAMEA104472046
GCA_900586885.1	p24.F2	Pseudomonas viridiflava					p24.F2		PRJEB24450	SAMEA104472424
GCF_900586885.1	p24.F2	Pseudomonas viridiflava					p24.F2		PRJEB24450	SAMEA104472424
GCA_900580875.1	p11.F8	Pseudomonas viridiflava					p11.F8		PRJEB24450	SAMEA104471822
GCF_900580875.1	p11.F8	Pseudomonas viridiflava					p11.F8		PRJEB24450	SAMEA104471822
GCA_900591005.1	p4.D2	Pseudomonas viridiflava					p4.D2		PRJEB24450	SAMEA104472833
GCF_900591005.1	p4.D2	Pseudomonas viridiflava					p4.D2		PRJEB24450	SAMEA104472833
GCA_900602685.1	p9.F11	Pseudomonas viridiflava					p9.F11		PRJEB24450	SAMEA104473257
GCF_900602685.1	p9.F11	Pseudomonas viridiflava					p9.F11		PRJEB24450	SAMEA104473257
GCA_900602145.1	p9.A1	Pseudomonas viridiflava					p9.A1		PRJEB24450	SAMEA104473201
GCF_900602145.1	p9.A1	Pseudomonas viridiflava					p9.A1		PRJEB24450	SAMEA104473201
GCA_900585295.1	p22.B3	Pseudomonas viridiflava					p22.B3		PRJEB24450	SAMEA104472263
GCF_900585295.1	p22.B3	Pseudomonas viridiflava					p22.B3		PRJEB24450	SAMEA104472263
GCA_900582555.1	p13.H10	Pseudomonas viridiflava					p13.H10		PRJEB24450	SAMEA104471989
GCF_900582555.1	p13.H10	Pseudomonas viridiflava					p13.H10		PRJEB24450	SAMEA104471989
GCA_002723575.1	ASM272357v1	Pseudomonas viridiflava		ICMP 8820					PRJNA295884	SAMN04092610
GCF_002723575.1	ASM272357v1	Pseudomonas viridiflava		ICMP 8820					PRJNA295884	SAMN04092610
GCA_900602455.1	p9.C11	Pseudomonas viridiflava					p9.C11		PRJEB24450	SAMEA104473223
GCF_900602455.1	p9.C11	Pseudomonas viridiflava					p9.C11		PRJEB24450	SAMEA104473223
GCA_900576605.1	p11.A3	Pseudomonas viridiflava					p11.A3		PRJEB24450	SAMEA104471768
GCF_900576605.1	p11.A3	Pseudomonas viridiflava					p11.A3		PRJEB24450	SAMEA104471768
GCA_900602625.1	p9.E2	Pseudomonas viridiflava					p9.E2		PRJEB24450	SAMEA104473248
GCF_900602625.1	p9.E2	Pseudomonas viridiflava					p9.E2		PRJEB24450	SAMEA104473248
GCA_900589365.1	p2.D2	Pseudomonas viridiflava					p2.D2		PRJEB24450	SAMEA104472675
GCF_900589365.1	p2.D2	Pseudomonas viridiflava					p2.D2		PRJEB24450	SAMEA104472675
GCA_900582735.1	p1.A8	Pseudomonas viridiflava					p1.A8		PRJEB24450	SAMEA104472007
GCF_900582735.1	p1.A8	Pseudomonas viridiflava					p1.A8		PRJEB24450	SAMEA104472007
GCA_900602115.1	p8.H9	Pseudomonas viridiflava					p8.H9		PRJEB24450	SAMEA104473198
GCF_900602115.1	p8.H9	Pseudomonas viridiflava					p8.H9		PRJEB24450	SAMEA104473198
GCA_900576595.1	p11.A11	Pseudomonas viridiflava					p11.A11		PRJEB24450	SAMEA104471764
GCF_900576595.1	p11.A11	Pseudomonas viridiflava					p11.A11		PRJEB24450	SAMEA104471764
GCA_900585105.1	p21.G9	Pseudomonas viridiflava					p21.G9		PRJEB24450	SAMEA104472242
GCF_900585105.1	p21.G9	Pseudomonas viridiflava					p21.G9		PRJEB24450	SAMEA104472242
GCA_900586435.1	p24.B1	Pseudomonas viridiflava					p24.B1		PRJEB24450	SAMEA104472380
GCF_900586435.1	p24.B1	Pseudomonas viridiflava					p24.B1		PRJEB24450	SAMEA104472380
GCA_900582495.1	p13.G5	Pseudomonas viridiflava					p13.G5		PRJEB24450	SAMEA104471985
GCF_900582495.1	p13.G5	Pseudomonas viridiflava					p13.G5		PRJEB24450	SAMEA104471985
GCA_900583485.1	p20.A11	Pseudomonas viridiflava					p20.A11		PRJEB24450	SAMEA104472085
GCF_900583485.1	p20.A11	Pseudomonas viridiflava					p20.A11		PRJEB24450	SAMEA104472085
GCA_900583635.1	p20.B11	Pseudomonas viridiflava					p20.B11		PRJEB24450	SAMEA104472095
GCF_900583635.1	p20.B11	Pseudomonas viridiflava					p20.B11		PRJEB24450	SAMEA104472095
GCA_900583785.1	p20.C3	Pseudomonas viridiflava					p20.C3		PRJEB24450	SAMEA104472109
GCF_900583785.1	p20.C3	Pseudomonas viridiflava					p20.C3		PRJEB24450	SAMEA104472109
GCA_900584275.1	p20.H9	Pseudomonas viridiflava					p20.H9		PRJEB24450	SAMEA104472166
GCF_900584275.1	p20.H9	Pseudomonas viridiflava					p20.H9		PRJEB24450	SAMEA104472166
GCA_900585505.1	p22.F1	Pseudomonas viridiflava					p22.F1		PRJEB24450	SAMEA104472288
GCF_900585505.1	p22.F1	Pseudomonas viridiflava					p22.F1		PRJEB24450	SAMEA104472288
GCA_900581195.1	p12.B10	Pseudomonas viridiflava					p12.B10		PRJEB24450	SAMEA104471854
GCF_900581195.1	p12.B10	Pseudomonas viridiflava					p12.B10		PRJEB24450	SAMEA104471854
GCA_900600525.1	p7.A11	Pseudomonas viridiflava					p7.A11		PRJEB24450	SAMEA104473040
GCF_900600525.1	p7.A11	Pseudomonas viridiflava					p7.A11		PRJEB24450	SAMEA104473040
GCA_900582865.1	p1.C3	Pseudomonas viridiflava					p1.C3		PRJEB24450	SAMEA104472026
GCF_900582865.1	p1.C3	Pseudomonas viridiflava					p1.C3		PRJEB24450	SAMEA104472026
GCA_900582935.1	p1.C2	Pseudomonas viridiflava					p1.C2		PRJEB24450	SAMEA104472025
GCF_900582935.1	p1.C2	Pseudomonas viridiflava					p1.C2		PRJEB24450	SAMEA104472025
GCA_900600145.1	p6.D8	Pseudomonas viridiflava					p6.D8		PRJEB24450	SAMEA104472999
GCF_900600145.1	p6.D8	Pseudomonas viridiflava					p6.D8		PRJEB24450	SAMEA104472999
GCA_900584855.1	p21.E5	Pseudomonas viridiflava					p21.E5		PRJEB24450	SAMEA104472217
GCF_900584855.1	p21.E5	Pseudomonas viridiflava					p21.E5		PRJEB24450	SAMEA104472217
GCA_900586415.1	p24.B11	Pseudomonas viridiflava					p24.B11		PRJEB24450	SAMEA104472378
GCF_900586415.1	p24.B11	Pseudomonas viridiflava					p24.B11		PRJEB24450	SAMEA104472378
GCA_900601485.1	p8.B6	Pseudomonas viridiflava					p8.B6		PRJEB24450	SAMEA104473137
GCF_900601485.1	p8.B6	Pseudomonas viridiflava					p8.B6		PRJEB24450	SAMEA104473137
GCA_900582855.1	p1.B8	Pseudomonas viridiflava					p1.B8		PRJEB24450	SAMEA104472019
GCF_900582855.1	p1.B8	Pseudomonas viridiflava					p1.B8		PRJEB24450	SAMEA104472019
GCA_900599095.1	p5.B8	Pseudomonas viridiflava					p5.B8		PRJEB24450	SAMEA104472895
GCF_900599095.1	p5.B8	Pseudomonas viridiflava					p5.B8		PRJEB24450	SAMEA104472895
GCA_900600725.1	p7.B8	Pseudomonas viridiflava					p7.B8		PRJEB24450	SAMEA104473060
GCF_900600725.1	p7.B8	Pseudomonas viridiflava					p7.B8		PRJEB24450	SAMEA104473060
GCA_900599405.1	p5.E10	Pseudomonas viridiflava					p5.E10		PRJEB24450	SAMEA104472918
GCF_900599405.1	p5.E10	Pseudomonas viridiflava					p5.E10		PRJEB24450	SAMEA104472918
GCA_900601935.1	p8.F4	Pseudomonas viridiflava					p8.F4		PRJEB24450	SAMEA104473177
GCF_900601935.1	p8.F4	Pseudomonas viridiflava					p8.F4		PRJEB24450	SAMEA104473177
GCA_900588735.1	p26.H9	Pseudomonas viridiflava					p26.H9		PRJEB24450	SAMEA104472613
GCF_900588735.1	p26.H9	Pseudomonas viridiflava					p26.H9		PRJEB24450	SAMEA104472613
GCA_900580745.1	p11.E8	Pseudomonas viridiflava					p11.E8		PRJEB24450	SAMEA104471813
GCF_900580745.1	p11.E8	Pseudomonas viridiflava					p11.E8		PRJEB24450	SAMEA104471813
GCA_900583705.1	p20.C4	Pseudomonas viridiflava					p20.C4		PRJEB24450	SAMEA104472110
GCF_900583705.1	p20.C4	Pseudomonas viridiflava					p20.C4		PRJEB24450	SAMEA104472110
GCA_900586905.1	p24.E2	Pseudomonas viridiflava					p24.E2		PRJEB24450	SAMEA104472413
GCF_900586905.1	p24.E2	Pseudomonas viridiflava					p24.E2		PRJEB24450	SAMEA104472413
GCA_900585955.1	p23.D1	Pseudomonas viridiflava					p23.D1		PRJEB24450	SAMEA104472332
GCF_900585955.1	p23.D1	Pseudomonas viridiflava					p23.D1		PRJEB24450	SAMEA104472332
GCA_900584845.1	p21.F10	Pseudomonas viridiflava					p21.F10		PRJEB24450	SAMEA104472221
GCF_900584845.1	p21.F10	Pseudomonas viridiflava					p21.F10		PRJEB24450	SAMEA104472221
GCA_900584955.1	p21.G10	Pseudomonas viridiflava					p21.G10		PRJEB24450	SAMEA104472232
GCF_900584955.1	p21.G10	Pseudomonas viridiflava					p21.G10		PRJEB24450	SAMEA104472232
GCA_900585755.1	p23.B1	Pseudomonas viridiflava					p23.B1		PRJEB24450	SAMEA104472314
GCF_900585755.1	p23.B1	Pseudomonas viridiflava					p23.B1		PRJEB24450	SAMEA104472314
GCA_900600755.1	p7.B2	Pseudomonas viridiflava					p7.B2		PRJEB24450	SAMEA104473054
GCF_900600755.1	p7.B2	Pseudomonas viridiflava					p7.B2		PRJEB24450	SAMEA104473054
GCA_900584495.1	p21.B5	Pseudomonas viridiflava					p21.B5		PRJEB24450	SAMEA104472185
GCF_900584495.1	p21.B5	Pseudomonas viridiflava					p21.B5		PRJEB24450	SAMEA104472185
GCA_900580445.1	p11.B10	Pseudomonas viridiflava					p11.B10		PRJEB24450	SAMEA104471775
GCF_900580445.1	p11.B10	Pseudomonas viridiflava					p11.B10		PRJEB24450	SAMEA104471775
GCA_900582285.1	p13.E8	Pseudomonas viridiflava					p13.E8		PRJEB24450	SAMEA104471966
GCF_900582285.1	p13.E8	Pseudomonas viridiflava					p13.E8		PRJEB24450	SAMEA104471966
GCA_900582185.1	p13.D6	Pseudomonas viridiflava					p13.D6		PRJEB24450	SAMEA104471953
GCF_900582185.1	p13.D6	Pseudomonas viridiflava					p13.D6		PRJEB24450	SAMEA104471953
GCA_900589915.1	p3.A5	Pseudomonas viridiflava					p3.A5		PRJEB24450	SAMEA104472728
GCF_900589915.1	p3.A5	Pseudomonas viridiflava					p3.A5		PRJEB24450	SAMEA104472728
GCA_900590175.1	p3.C6	Pseudomonas viridiflava					p3.C6		PRJEB24450	SAMEA104472752
GCF_900590175.1	p3.C6	Pseudomonas viridiflava					p3.C6		PRJEB24450	SAMEA104472752
GCA_900582945.1	p1.D10	Pseudomonas viridiflava					p1.D10		PRJEB24450	SAMEA104472033
GCF_900582945.1	p1.D10	Pseudomonas viridiflava					p1.D10		PRJEB24450	SAMEA104472033
GCA_900581785.1	p13.A11	Pseudomonas viridiflava					p13.A11		PRJEB24450	SAMEA104471919
GCF_900581785.1	p13.A11	Pseudomonas viridiflava					p13.A11		PRJEB24450	SAMEA104471919
GCA_900601195.1	p7.G5	Pseudomonas viridiflava					p7.G5		PRJEB24450	SAMEA104473109
GCF_900601195.1	p7.G5	Pseudomonas viridiflava					p7.G5		PRJEB24450	SAMEA104473109
GCA_900586305.1	p24.A11	Pseudomonas viridiflava					p24.A11		PRJEB24450	SAMEA104472368
GCF_900586305.1	p24.A11	Pseudomonas viridiflava					p24.A11		PRJEB24450	SAMEA104472368
GCA_900583805.1	p20.D3	Pseudomonas viridiflava					p20.D3		PRJEB24450	SAMEA104472119
GCF_900583805.1	p20.D3	Pseudomonas viridiflava					p20.D3		PRJEB24450	SAMEA104472119
GCA_900589675.1	p2.G4	Pseudomonas viridiflava					p2.G4		PRJEB24450	SAMEA104472706
GCF_900589675.1	p2.G4	Pseudomonas viridiflava					p2.G4		PRJEB24450	SAMEA104472706
GCA_900599615.1	p5.G5	Pseudomonas viridiflava					p5.G5		PRJEB24450	SAMEA104472946
GCF_900599615.1	p5.G5	Pseudomonas viridiflava					p5.G5		PRJEB24450	SAMEA104472946
GCA_013522975.1	45C2	Pseudomonas viridiflava		45C2					PRJNA606080	SAMN14085449
GCF_013522975.1	45C2	Pseudomonas viridiflava		45C2					PRJNA606080	SAMN14085449
GCA_900591165.1	p4.F9	Pseudomonas viridiflava					p4.F9		PRJEB24450	SAMEA104472855
GCF_900591165.1	p4.F9	Pseudomonas viridiflava					p4.F9		PRJEB24450	SAMEA104472855
GCA_900582765.1	p1.B1	Pseudomonas viridiflava					p1.B1		PRJEB24450	SAMEA104472012
GCF_900582765.1	p1.B1	Pseudomonas viridiflava					p1.B1		PRJEB24450	SAMEA104472012
GCA_900589225.1	p2.B9	Pseudomonas viridiflava					p2.B9		PRJEB24450	SAMEA104472661
GCF_900589225.1	p2.B9	Pseudomonas viridiflava					p2.B9		PRJEB24450	SAMEA104472661
GCA_900600095.1	p6.C8	Pseudomonas viridiflava					p6.C8		PRJEB24450	SAMEA104472988
GCF_900600095.1	p6.C8	Pseudomonas viridiflava					p6.C8		PRJEB24450	SAMEA104472988
GCA_900582925.1	p1.C4	Pseudomonas viridiflava					p1.C4		PRJEB24450	SAMEA104472027
GCF_900582925.1	p1.C4	Pseudomonas viridiflava					p1.C4		PRJEB24450	SAMEA104472027
GCA_900587075.1	p24.H4	Pseudomonas viridiflava					p24.H4		PRJEB24450	SAMEA104472447
GCF_900587075.1	p24.H4	Pseudomonas viridiflava					p24.H4		PRJEB24450	SAMEA104472447
GCA_900584435.1	p21.B12	Pseudomonas viridiflava					p21.B12		PRJEB24450	SAMEA104472180
GCF_900584435.1	p21.B12	Pseudomonas viridiflava					p21.B12		PRJEB24450	SAMEA104472180
GCA_900584095.1	p20.G12	Pseudomonas viridiflava					p20.G12		PRJEB24450	SAMEA104472147
GCF_900584095.1	p20.G12	Pseudomonas viridiflava					p20.G12		PRJEB24450	SAMEA104472147
GCA_900573905.1	p11.A7	Pseudomonas viridiflava					p11.A7		PRJEB24450	SAMEA104471772
GCF_900573905.1	p11.A7	Pseudomonas viridiflava					p11.A7		PRJEB24450	SAMEA104471772
GCA_900581795.1	p13.A10	Pseudomonas viridiflava					p13.A10		PRJEB24450	SAMEA104471918
GCF_900581795.1	p13.A10	Pseudomonas viridiflava					p13.A10		PRJEB24450	SAMEA104471918
GCA_900600835.1	p7.C8	Pseudomonas viridiflava					p7.C8		PRJEB24450	SAMEA104473069
GCF_900600835.1	p7.C8	Pseudomonas viridiflava					p7.C8		PRJEB24450	SAMEA104473069
GCA_900582535.1	p13.H2	Pseudomonas viridiflava					p13.H2		PRJEB24450	SAMEA104471992
GCF_900582535.1	p13.H2	Pseudomonas viridiflava					p13.H2		PRJEB24450	SAMEA104471992
GCA_900600965.1	p7.D8	Pseudomonas viridiflava					p7.D8		PRJEB24450	SAMEA104473080
GCF_900600965.1	p7.D8	Pseudomonas viridiflava					p7.D8		PRJEB24450	SAMEA104473080
GCA_900581045.1	p11.H4	Pseudomonas viridiflava					p11.H4		PRJEB24450	SAMEA104471839
GCF_900581045.1	p11.H4	Pseudomonas viridiflava					p11.H4		PRJEB24450	SAMEA104471839
GCA_900589795.1	p2.H5	Pseudomonas viridiflava					p2.H5		PRJEB24450	SAMEA104472716
GCF_900589795.1	p2.H5	Pseudomonas viridiflava					p2.H5		PRJEB24450	SAMEA104472716
GCA_900582825.1	p1.B4	Pseudomonas viridiflava					p1.B4		PRJEB24450	SAMEA104472015
GCF_900582825.1	p1.B4	Pseudomonas viridiflava					p1.B4		PRJEB24450	SAMEA104472015
GCA_900584885.1	p21.F5	Pseudomonas viridiflava					p21.F5		PRJEB24450	SAMEA104472228
GCF_900584885.1	p21.F5	Pseudomonas viridiflava					p21.F5		PRJEB24450	SAMEA104472228
GCA_900601555.1	p8.C1	Pseudomonas viridiflava					p8.C1		PRJEB24450	SAMEA104473141
GCF_900601555.1	p8.C1	Pseudomonas viridiflava					p8.C1		PRJEB24450	SAMEA104473141
GCA_900600625.1	p7.B11	Pseudomonas viridiflava					p7.B11		PRJEB24450	SAMEA104473052
GCF_900600625.1	p7.B11	Pseudomonas viridiflava					p7.B11		PRJEB24450	SAMEA104473052
GCA_900582005.1	p13.C1	Pseudomonas viridiflava					p13.C1		PRJEB24450	SAMEA104471938
GCF_900582005.1	p13.C1	Pseudomonas viridiflava					p13.C1		PRJEB24450	SAMEA104471938
GCA_900589455.1	p2.D8	Pseudomonas viridiflava					p2.D8		PRJEB24450	SAMEA104472681
GCF_900589455.1	p2.D8	Pseudomonas viridiflava					p2.D8		PRJEB24450	SAMEA104472681
GCA_900590955.1	p4.D9	Pseudomonas viridiflava					p4.D9		PRJEB24450	SAMEA104472838
GCF_900590955.1	p4.D9	Pseudomonas viridiflava					p4.D9		PRJEB24450	SAMEA104472838
GCA_900599275.1	p5.D2	Pseudomonas viridiflava					p5.D2		PRJEB24450	SAMEA104472910
GCF_900599275.1	p5.D2	Pseudomonas viridiflava					p5.D2		PRJEB24450	SAMEA104472910
GCA_900600745.1	p7.C2	Pseudomonas viridiflava					p7.C2		PRJEB24450	SAMEA104473063
GCF_900600745.1	p7.C2	Pseudomonas viridiflava					p7.C2		PRJEB24450	SAMEA104473063
GCA_900600885.1	p7.D2	Pseudomonas viridiflava					p7.D2		PRJEB24450	SAMEA104473074
GCF_900600885.1	p7.D2	Pseudomonas viridiflava					p7.D2		PRJEB24450	SAMEA104473074
GCA_900601825.1	p8.E6	Pseudomonas viridiflava					p8.E6		PRJEB24450	SAMEA104473167
GCF_900601825.1	p8.E6	Pseudomonas viridiflava					p8.E6		PRJEB24450	SAMEA104473167
GCA_900585715.1	p22.H5	Pseudomonas viridiflava					p22.H5		PRJEB24450	SAMEA104472304
GCF_900585715.1	p22.H5	Pseudomonas viridiflava					p22.H5		PRJEB24450	SAMEA104472304
GCA_900584545.1	p21.C2	Pseudomonas viridiflava					p21.C2		PRJEB24450	SAMEA104472193
GCF_900584545.1	p21.C2	Pseudomonas viridiflava					p21.C2		PRJEB24450	SAMEA104472193
GCA_900582785.1	p1.A9	Pseudomonas viridiflava					p1.A9		PRJEB24450	SAMEA104472008
GCF_900582785.1	p1.A9	Pseudomonas viridiflava					p1.A9		PRJEB24450	SAMEA104472008
GCA_900591065.1	p4.E9	Pseudomonas viridiflava					p4.E9		PRJEB24450	SAMEA104472845
GCF_900591065.1	p4.E9	Pseudomonas viridiflava					p4.E9		PRJEB24450	SAMEA104472845
GCA_900582455.1	p13.G4	Pseudomonas viridiflava					p13.G4		PRJEB24450	SAMEA104471984
GCF_900582455.1	p13.G4	Pseudomonas viridiflava					p13.G4		PRJEB24450	SAMEA104471984
GCA_900587795.1	p25.F9	Pseudomonas viridiflava					p25.F9		PRJEB24450	SAMEA104472518
GCF_900587795.1	p25.F9	Pseudomonas viridiflava					p25.F9		PRJEB24450	SAMEA104472518
GCA_900586765.1	p24.E4	Pseudomonas viridiflava					p24.E4		PRJEB24450	SAMEA104472415
GCF_900586765.1	p24.E4	Pseudomonas viridiflava					p24.E4		PRJEB24450	SAMEA104472415
GCA_900589035.1	p27.G6	Pseudomonas viridiflava					p27.G6		PRJEB24450	SAMEA104472640
GCF_900589035.1	p27.G6	Pseudomonas viridiflava					p27.G6		PRJEB24450	SAMEA104472640
GCA_900584695.1	p21.D5	Pseudomonas viridiflava					p21.D5		PRJEB24450	SAMEA104472206
GCF_900584695.1	p21.D5	Pseudomonas viridiflava					p21.D5		PRJEB24450	SAMEA104472206
GCA_900584375.1	p21.A5	Pseudomonas viridiflava					p21.A5		PRJEB24450	SAMEA104472174
GCF_900584375.1	p21.A5	Pseudomonas viridiflava					p21.A5		PRJEB24450	SAMEA104472174
GCA_900584605.1	p21.C7	Pseudomonas viridiflava					p21.C7		PRJEB24450	SAMEA104472197
GCF_900584605.1	p21.C7	Pseudomonas viridiflava					p21.C7		PRJEB24450	SAMEA104472197
GCA_900586735.1	p24.E12	Pseudomonas viridiflava					p24.E12		PRJEB24450	SAMEA104472411
GCF_900586735.1	p24.E12	Pseudomonas viridiflava					p24.E12		PRJEB24450	SAMEA104472411
GCA_900589155.1	p2.A8	Pseudomonas viridiflava					p2.A8		PRJEB24450	SAMEA104472650
GCF_900589155.1	p2.A8	Pseudomonas viridiflava					p2.A8		PRJEB24450	SAMEA104472650
GCA_900590915.1	p4.D1	Pseudomonas viridiflava					p4.D1		PRJEB24450	SAMEA104472832
GCF_900590915.1	p4.D1	Pseudomonas viridiflava					p4.D1		PRJEB24450	SAMEA104472832
GCA_900600515.1	p7.A10	Pseudomonas viridiflava					p7.A10		PRJEB24450	SAMEA104473039
GCF_900600515.1	p7.A10	Pseudomonas viridiflava					p7.A10		PRJEB24450	SAMEA104473039
GCA_900588055.1	p26.A4	Pseudomonas viridiflava					p26.A4		PRJEB24450	SAMEA104472544
GCF_900588055.1	p26.A4	Pseudomonas viridiflava					p26.A4		PRJEB24450	SAMEA104472544
GCA_900602065.1	p8.G8	Pseudomonas viridiflava					p8.G8		PRJEB24450	SAMEA104473188
GCF_900602065.1	p8.G8	Pseudomonas viridiflava					p8.G8		PRJEB24450	SAMEA104473188
GCA_900588635.1	p26.G6	Pseudomonas viridiflava					p26.G6		PRJEB24450	SAMEA104472601
GCF_900588635.1	p26.G6	Pseudomonas viridiflava					p26.G6		PRJEB24450	SAMEA104472601
GCA_900582385.1	p13.F4	Pseudomonas viridiflava					p13.F4		PRJEB24450	SAMEA104471974
GCF_900582385.1	p13.F4	Pseudomonas viridiflava					p13.F4		PRJEB24450	SAMEA104471974
GCA_900581105.1	p11.H7	Pseudomonas viridiflava					p11.H7		PRJEB24450	SAMEA104471842
GCF_900581105.1	p11.H7	Pseudomonas viridiflava					p11.H7		PRJEB24450	SAMEA104471842
GCA_900584835.1	p21.E7	Pseudomonas viridiflava					p21.E7		PRJEB24450	SAMEA104472218
GCF_900584835.1	p21.E7	Pseudomonas viridiflava					p21.E7		PRJEB24450	SAMEA104472218
GCA_900599015.1	p5.B1	Pseudomonas viridiflava					p5.B1		PRJEB24450	SAMEA104472888
GCF_900599015.1	p5.B1	Pseudomonas viridiflava					p5.B1		PRJEB24450	SAMEA104472888
GCA_900587585.1	p25.D8	Pseudomonas viridiflava					p25.D8		PRJEB24450	SAMEA104472495
GCF_900587585.1	p25.D8	Pseudomonas viridiflava					p25.D8		PRJEB24450	SAMEA104472495
GCA_900585145.1	p21.H8	Pseudomonas viridiflava					p21.H8		PRJEB24450	SAMEA104472252
GCF_900585145.1	p21.H8	Pseudomonas viridiflava					p21.H8		PRJEB24450	SAMEA104472252
GCA_900590835.1	p4.C2	Pseudomonas viridiflava					p4.C2		PRJEB24450	SAMEA104472823
GCF_900590835.1	p4.C2	Pseudomonas viridiflava					p4.C2		PRJEB24450	SAMEA104472823
GCA_900583065.1	p1.E1	Pseudomonas viridiflava					p1.E1		PRJEB24450	SAMEA104472045
GCF_900583065.1	p1.E1	Pseudomonas viridiflava					p1.E1		PRJEB24450	SAMEA104472045
GCA_900599265.1	p5.D12	Pseudomonas viridiflava					p5.D12		PRJEB24450	SAMEA104472908
GCF_900599265.1	p5.D12	Pseudomonas viridiflava					p5.D12		PRJEB24450	SAMEA104472908
GCA_900588135.1	p26.B4	Pseudomonas viridiflava					p26.B4		PRJEB24450	SAMEA104472553
GCF_900588135.1	p26.B4	Pseudomonas viridiflava					p26.B4		PRJEB24450	SAMEA104472553
GCA_900587785.1	p25.G12	Pseudomonas viridiflava					p25.G12		PRJEB24450	SAMEA104472521
GCF_900587785.1	p25.G12	Pseudomonas viridiflava					p25.G12		PRJEB24450	SAMEA104472521
GCA_900583615.1	p20.B3	Pseudomonas viridiflava					p20.B3		PRJEB24450	SAMEA104472099
GCF_900583615.1	p20.B3	Pseudomonas viridiflava					p20.B3		PRJEB24450	SAMEA104472099
GCA_900581465.1	p12.D5	Pseudomonas viridiflava					p12.D5		PRJEB24450	SAMEA104471877
GCF_900581465.1	p12.D5	Pseudomonas viridiflava					p12.D5		PRJEB24450	SAMEA104471877
GCA_900600345.1	p6.F9	Pseudomonas viridiflava					p6.F9		PRJEB24450	SAMEA104473020
GCF_900600345.1	p6.F9	Pseudomonas viridiflava					p6.F9		PRJEB24450	SAMEA104473020
GCA_900583665.1	p20.C10	Pseudomonas viridiflava					p20.C10		PRJEB24450	SAMEA104472104
GCF_900583665.1	p20.C10	Pseudomonas viridiflava					p20.C10		PRJEB24450	SAMEA104472104
GCA_900602635.1	p9.E10	Pseudomonas viridiflava					p9.E10		PRJEB24450	SAMEA104473245
GCF_900602635.1	p9.E10	Pseudomonas viridiflava					p9.E10		PRJEB24450	SAMEA104473245
GCA_900584125.1	p20.G3	Pseudomonas viridiflava					p20.G3		PRJEB24450	SAMEA104472150
GCF_900584125.1	p20.G3	Pseudomonas viridiflava					p20.G3		PRJEB24450	SAMEA104472150
GCA_900587775.1	p25.F11	Pseudomonas viridiflava					p25.F11		PRJEB24450	SAMEA104472509
GCF_900587775.1	p25.F11	Pseudomonas viridiflava					p25.F11		PRJEB24450	SAMEA104472509
GCA_900601765.1	p8.E1	Pseudomonas viridiflava					p8.E1		PRJEB24450	SAMEA104473162
GCF_900601765.1	p8.E1	Pseudomonas viridiflava					p8.E1		PRJEB24450	SAMEA104473162
GCA_900586355.1	p24.A3	Pseudomonas viridiflava					p24.A3		PRJEB24450	SAMEA104472371
GCF_900586355.1	p24.A3	Pseudomonas viridiflava					p24.A3		PRJEB24450	SAMEA104472371
GCA_900587005.1	p24.G3	Pseudomonas viridiflava					p24.G3		PRJEB24450	SAMEA104472436
GCF_900587005.1	p24.G3	Pseudomonas viridiflava					p24.G3		PRJEB24450	SAMEA104472436
GCA_900581415.1	p12.D8	Pseudomonas viridiflava					p12.D8		PRJEB24450	SAMEA104471879
GCF_900581415.1	p12.D8	Pseudomonas viridiflava					p12.D8		PRJEB24450	SAMEA104471879
GCA_900581225.1	p12.B6	Pseudomonas viridiflava					p12.B6		PRJEB24450	SAMEA104471860
GCF_900581225.1	p12.B6	Pseudomonas viridiflava					p12.B6		PRJEB24450	SAMEA104471860
GCA_900582265.1	p13.E4	Pseudomonas viridiflava					p13.E4		PRJEB24450	SAMEA104471963
GCF_900582265.1	p13.E4	Pseudomonas viridiflava					p13.E4		PRJEB24450	SAMEA104471963
GCA_900581765.1	p12.H10	Pseudomonas viridiflava					p12.H10		PRJEB24450	SAMEA104471908
GCF_900581765.1	p12.H10	Pseudomonas viridiflava					p12.H10		PRJEB24450	SAMEA104471908
GCA_900580985.1	p11.H12	Pseudomonas viridiflava					p11.H12		PRJEB24450	SAMEA104471836
GCF_900580985.1	p11.H12	Pseudomonas viridiflava					p11.H12		PRJEB24450	SAMEA104471836
GCA_900602965.1	p9.H4	Pseudomonas viridiflava					p9.H4		PRJEB24450	SAMEA104473281
GCF_900602965.1	p9.H4	Pseudomonas viridiflava					p9.H4		PRJEB24450	SAMEA104473281
GCA_900590155.1	p3.C3	Pseudomonas viridiflava					p3.C3		PRJEB24450	SAMEA104472749
GCF_900590155.1	p3.C3	Pseudomonas viridiflava					p3.C3		PRJEB24450	SAMEA104472749
GCA_900599205.1	p5.C3	Pseudomonas viridiflava					p5.C3		PRJEB24450	SAMEA104472900
GCF_900599205.1	p5.C3	Pseudomonas viridiflava					p5.C3		PRJEB24450	SAMEA104472900
GCA_900584565.1	p21.C1	Pseudomonas viridiflava					p21.C1		PRJEB24450	SAMEA104472192
GCF_900584565.1	p21.C1	Pseudomonas viridiflava					p21.C1		PRJEB24450	SAMEA104472192
GCA_900599555.1	p5.F9	Pseudomonas viridiflava					p5.F9		PRJEB24450	SAMEA104472939
GCF_900599555.1	p5.F9	Pseudomonas viridiflava					p5.F9		PRJEB24450	SAMEA104472939
GCA_900600485.1	p6.G8	Pseudomonas viridiflava					p6.G8		PRJEB24450	SAMEA104473028
GCF_900600485.1	p6.G8	Pseudomonas viridiflava					p6.G8		PRJEB24450	SAMEA104473028
GCA_900585785.1	p23.B2	Pseudomonas viridiflava					p23.B2		PRJEB24450	SAMEA104472315
GCF_900585785.1	p23.B2	Pseudomonas viridiflava					p23.B2		PRJEB24450	SAMEA104472315
GCA_900600685.1	p7.B5	Pseudomonas viridiflava					p7.B5		PRJEB24450	SAMEA104473057
GCF_900600685.1	p7.B5	Pseudomonas viridiflava					p7.B5		PRJEB24450	SAMEA104473057
GCA_900599235.1	p5.D4	Pseudomonas viridiflava					p5.D4		PRJEB24450	SAMEA104472912
GCF_900599235.1	p5.D4	Pseudomonas viridiflava					p5.D4		PRJEB24450	SAMEA104472912
GCA_900599495.1	p5.E9	Pseudomonas viridiflava					p5.E9		PRJEB24450	SAMEA104472928
GCF_900599495.1	p5.E9	Pseudomonas viridiflava					p5.E9		PRJEB24450	SAMEA104472928
GCA_900585775.1	p23.B3	Pseudomonas viridiflava					p23.B3		PRJEB24450	SAMEA104472316
GCF_900585775.1	p23.B3	Pseudomonas viridiflava					p23.B3		PRJEB24450	SAMEA104472316
GCA_900601455.1	p8.A10	Pseudomonas viridiflava					p8.A10		PRJEB24450	SAMEA104473125
GCF_900601455.1	p8.A10	Pseudomonas viridiflava					p8.A10		PRJEB24450	SAMEA104473125
GCA_900589125.1	p2.B1	Pseudomonas viridiflava					p2.B1		PRJEB24450	SAMEA104472653
GCF_900589125.1	p2.B1	Pseudomonas viridiflava					p2.B1		PRJEB24450	SAMEA104472653
GCA_900585615.1	p22.G4	Pseudomonas viridiflava					p22.G4		PRJEB24450	SAMEA104472297
GCF_900585615.1	p22.G4	Pseudomonas viridiflava					p22.G4		PRJEB24450	SAMEA104472297
GCA_900599855.1	p6.B10	Pseudomonas viridiflava					p6.B10		PRJEB24450	SAMEA104472968
GCF_900599855.1	p6.B10	Pseudomonas viridiflava					p6.B10		PRJEB24450	SAMEA104472968
GCA_900581065.1	p12.A10	Pseudomonas viridiflava					p12.A10		PRJEB24450	SAMEA104471845
GCF_900581065.1	p12.A10	Pseudomonas viridiflava					p12.A10		PRJEB24450	SAMEA104471845
GCA_900600805.1	p7.C4	Pseudomonas viridiflava					p7.C4		PRJEB24450	SAMEA104473065
GCF_900600805.1	p7.C4	Pseudomonas viridiflava					p7.C4		PRJEB24450	SAMEA104473065
GCA_900584415.1	p21.A8	Pseudomonas viridiflava					p21.A8		PRJEB24450	SAMEA104472176
GCF_900584415.1	p21.A8	Pseudomonas viridiflava					p21.A8		PRJEB24450	SAMEA104472176
GCA_900587365.1	p25.C12	Pseudomonas viridiflava					p25.C12		PRJEB24450	SAMEA104472477
GCF_900587365.1	p25.C12	Pseudomonas viridiflava					p25.C12		PRJEB24450	SAMEA104472477
GCA_900581095.1	p11.H8	Pseudomonas viridiflava					p11.H8		PRJEB24450	SAMEA104471843
GCF_900581095.1	p11.H8	Pseudomonas viridiflava					p11.H8		PRJEB24450	SAMEA104471843
GCA_900585135.1	p21.H7	Pseudomonas viridiflava					p21.H7		PRJEB24450	SAMEA104472251
GCF_900585135.1	p21.H7	Pseudomonas viridiflava					p21.H7		PRJEB24450	SAMEA104472251
GCA_900584685.1	p21.D1	Pseudomonas viridiflava					p21.D1		PRJEB24450	SAMEA104472202
GCF_900584685.1	p21.D1	Pseudomonas viridiflava					p21.D1		PRJEB24450	SAMEA104472202
GCA_900587145.1	p24.H9	Pseudomonas viridiflava					p24.H9		PRJEB24450	SAMEA104472452
GCF_900587145.1	p24.H9	Pseudomonas viridiflava					p24.H9		PRJEB24450	SAMEA104472452
GCA_900600945.1	p7.D4	Pseudomonas viridiflava					p7.D4		PRJEB24450	SAMEA104473076
GCF_900600945.1	p7.D4	Pseudomonas viridiflava					p7.D4		PRJEB24450	SAMEA104473076
GCA_900589275.1	p2.C10	Pseudomonas viridiflava					p2.C10		PRJEB24450	SAMEA104472662
GCF_900589275.1	p2.C10	Pseudomonas viridiflava					p2.C10		PRJEB24450	SAMEA104472662
GCA_900601655.1	p8.C9	Pseudomonas viridiflava					p8.C9		PRJEB24450	SAMEA104473149
GCF_900601655.1	p8.C9	Pseudomonas viridiflava					p8.C9		PRJEB24450	SAMEA104473149
GCA_900581715.1	p12.H3	Pseudomonas viridiflava					p12.H3		PRJEB24450	SAMEA104471911
GCF_900581715.1	p12.H3	Pseudomonas viridiflava					p12.H3		PRJEB24450	SAMEA104471911
GCA_900582395.1	p13.E2	Pseudomonas viridiflava					p13.E2		PRJEB24450	SAMEA104471961
GCF_900582395.1	p13.E2	Pseudomonas viridiflava					p13.E2		PRJEB24450	SAMEA104471961
GCA_900598885.1	p5.A12	Pseudomonas viridiflava					p5.A12		PRJEB24450	SAMEA104472876
GCF_900598885.1	p5.A12	Pseudomonas viridiflava					p5.A12		PRJEB24450	SAMEA104472876
GCA_900585005.1	p21.F7	Pseudomonas viridiflava					p21.F7		PRJEB24450	SAMEA104472229
GCF_900585005.1	p21.F7	Pseudomonas viridiflava					p21.F7		PRJEB24450	SAMEA104472229
GCA_900601075.1	p7.E5	Pseudomonas viridiflava					p7.E5		PRJEB24450	SAMEA104473089
GCF_900601075.1	p7.E5	Pseudomonas viridiflava					p7.E5		PRJEB24450	SAMEA104473089
GCA_900586295.1	p23.H9	Pseudomonas viridiflava					p23.H9		PRJEB24450	SAMEA104472366
GCF_900586295.1	p23.H9	Pseudomonas viridiflava					p23.H9		PRJEB24450	SAMEA104472366
GCA_900585045.1	p21.G8	Pseudomonas viridiflava					p21.G8		PRJEB24450	SAMEA104472241
GCF_900585045.1	p21.G8	Pseudomonas viridiflava					p21.G8		PRJEB24450	SAMEA104472241
GCA_900586835.1	p24.F12	Pseudomonas viridiflava					p24.F12		PRJEB24450	SAMEA104472422
GCF_900586835.1	p24.F12	Pseudomonas viridiflava					p24.F12		PRJEB24450	SAMEA104472422
GCA_900589955.1	p3.B10	Pseudomonas viridiflava					p3.B10		PRJEB24450	SAMEA104472733
GCF_900589955.1	p3.B10	Pseudomonas viridiflava					p3.B10		PRJEB24450	SAMEA104472733
GCA_900587995.1	p25.H7	Pseudomonas viridiflava					p25.H7		PRJEB24450	SAMEA104472538
GCF_900587995.1	p25.H7	Pseudomonas viridiflava					p25.H7		PRJEB24450	SAMEA104472538
GCA_900583205.1	p1.E8	Pseudomonas viridiflava					p1.E8		PRJEB24450	SAMEA104472051
GCF_900583205.1	p1.E8	Pseudomonas viridiflava					p1.E8		PRJEB24450	SAMEA104472051
GCA_900586255.1	p23.H5	Pseudomonas viridiflava					p23.H5		PRJEB24450	SAMEA104472363
GCF_900586255.1	p23.H5	Pseudomonas viridiflava					p23.H5		PRJEB24450	SAMEA104472363
GCA_900587645.1	p25.E5	Pseudomonas viridiflava					p25.E5		PRJEB24450	SAMEA104472504
GCF_900587645.1	p25.E5	Pseudomonas viridiflava					p25.E5		PRJEB24450	SAMEA104472504
GCA_900601645.1	p8.D1	Pseudomonas viridiflava					p8.D1		PRJEB24450	SAMEA104473152
GCF_900601645.1	p8.D1	Pseudomonas viridiflava					p8.D1		PRJEB24450	SAMEA104473152
GCA_900583795.1	p20.D12	Pseudomonas viridiflava					p20.D12		PRJEB24450	SAMEA104472116
GCF_900583795.1	p20.D12	Pseudomonas viridiflava					p20.D12		PRJEB24450	SAMEA104472116
GCA_900601145.1	p7.F7	Pseudomonas viridiflava					p7.F7		PRJEB24450	SAMEA104473102
GCF_900601145.1	p7.F7	Pseudomonas viridiflava					p7.F7		PRJEB24450	SAMEA104473102
GCA_900589405.1	p2.D1	Pseudomonas viridiflava					p2.D1		PRJEB24450	SAMEA104472674
GCF_900589405.1	p2.D1	Pseudomonas viridiflava					p2.D1		PRJEB24450	SAMEA104472674
GCA_900587195.1	p25.A2	Pseudomonas viridiflava					p25.A2		PRJEB24450	SAMEA104472457
GCF_900587195.1	p25.A2	Pseudomonas viridiflava					p25.A2		PRJEB24450	SAMEA104472457
GCA_900585175.1	p22.A4	Pseudomonas viridiflava					p22.A4		PRJEB24450	SAMEA104472257
GCF_900585175.1	p22.A4	Pseudomonas viridiflava					p22.A4		PRJEB24450	SAMEA104472257
GCA_900588585.1	p26.G3	Pseudomonas viridiflava					p26.G3		PRJEB24450	SAMEA104472598
GCF_900588585.1	p26.G3	Pseudomonas viridiflava					p26.G3		PRJEB24450	SAMEA104472598
GCA_900584965.1	p21.G12	Pseudomonas viridiflava					p21.G12		PRJEB24450	SAMEA104472234
GCF_900584965.1	p21.G12	Pseudomonas viridiflava					p21.G12		PRJEB24450	SAMEA104472234
GCA_900602705.1	p9.E6	Pseudomonas viridiflava					p9.E6		PRJEB24450	SAMEA104473252
GCF_900602705.1	p9.E6	Pseudomonas viridiflava					p9.E6		PRJEB24450	SAMEA104473252
GCA_900587665.1	p25.E12	Pseudomonas viridiflava					p25.E12		PRJEB24450	SAMEA104472499
GCF_900587665.1	p25.E12	Pseudomonas viridiflava					p25.E12		PRJEB24450	SAMEA104472499
GCA_900590875.1	p4.C9	Pseudomonas viridiflava					p4.C9		PRJEB24450	SAMEA104472829
GCF_900590875.1	p4.C9	Pseudomonas viridiflava					p4.C9		PRJEB24450	SAMEA104472829
GCA_900581205.1	p12.B3	Pseudomonas viridiflava					p12.B3		PRJEB24450	SAMEA104471858
GCF_900581205.1	p12.B3	Pseudomonas viridiflava					p12.B3		PRJEB24450	SAMEA104471858
GCA_005233675.1	ASM523367v1	Pseudomonas viridiflava		CFBP13507					PRJNA459519	SAMN09062491
GCF_005233675.1	ASM523367v1	Pseudomonas viridiflava		CFBP13507					PRJNA459519	SAMN09062491
GCA_900592595.1	p4.G4	Pseudomonas viridiflava					p4.G4		PRJEB24450	SAMEA104472860
GCF_900592595.1	p4.G4	Pseudomonas viridiflava					p4.G4		PRJEB24450	SAMEA104472860
GCA_900586725.1	p24.E1	Pseudomonas viridiflava					p24.E1		PRJEB24450	SAMEA104472412
GCF_900586725.1	p24.E1	Pseudomonas viridiflava					p24.E1		PRJEB24450	SAMEA104472412
GCA_900602435.1	p9.C12	Pseudomonas viridiflava					p9.C12		PRJEB24450	SAMEA104473224
GCF_900602435.1	p9.C12	Pseudomonas viridiflava					p9.C12		PRJEB24450	SAMEA104473224
GCA_900584505.1	p21.B8	Pseudomonas viridiflava					p21.B8		PRJEB24450	SAMEA104472187
GCF_900584505.1	p21.B8	Pseudomonas viridiflava					p21.B8		PRJEB24450	SAMEA104472187
GCA_900602195.1	p9.B11	Pseudomonas viridiflava					p9.B11		PRJEB24450	SAMEA104473211
GCF_900602195.1	p9.B11	Pseudomonas viridiflava					p9.B11		PRJEB24450	SAMEA104473211
GCA_900581835.1	p12.H8	Pseudomonas viridiflava					p12.H8		PRJEB24450	SAMEA104471916
GCF_900581835.1	p12.H8	Pseudomonas viridiflava					p12.H8		PRJEB24450	SAMEA104471916
GCA_900581775.1	p12.H6	Pseudomonas viridiflava					p12.H6		PRJEB24450	SAMEA104471914
GCF_900581775.1	p12.H6	Pseudomonas viridiflava					p12.H6		PRJEB24450	SAMEA104471914
GCA_900588715.1	p26.H4	Pseudomonas viridiflava					p26.H4		PRJEB24450	SAMEA104472608
GCF_900588715.1	p26.H4	Pseudomonas viridiflava					p26.H4		PRJEB24450	SAMEA104472608
GCA_900601835.1	p8.E7	Pseudomonas viridiflava					p8.E7		PRJEB24450	SAMEA104473168
GCF_900601835.1	p8.E7	Pseudomonas viridiflava					p8.E7		PRJEB24450	SAMEA104473168
GCA_900602495.1	p9.D2	Pseudomonas viridiflava					p9.D2		PRJEB24450	SAMEA104473237
GCF_900602495.1	p9.D2	Pseudomonas viridiflava					p9.D2		PRJEB24450	SAMEA104473237
GCA_900599675.1	p5.G9	Pseudomonas viridiflava					p5.G9		PRJEB24450	SAMEA104472950
GCF_900599675.1	p5.G9	Pseudomonas viridiflava					p5.G9		PRJEB24450	SAMEA104472950
GCA_900590435.1	p3.G3	Pseudomonas viridiflava					p3.G3		PRJEB24450	SAMEA104472787
GCF_900590435.1	p3.G3	Pseudomonas viridiflava					p3.G3		PRJEB24450	SAMEA104472787
GCA_900601335.1	p7.H3	Pseudomonas viridiflava					p7.H3		PRJEB24450	SAMEA104473118
GCF_900601335.1	p7.H3	Pseudomonas viridiflava					p7.H3		PRJEB24450	SAMEA104473118
GCA_900588905.1	p27.D6	Pseudomonas viridiflava					p27.D6		PRJEB24450	SAMEA104472628
GCF_900588905.1	p27.D6	Pseudomonas viridiflava					p27.D6		PRJEB24450	SAMEA104472628
GCA_900586085.1	p23.E6	Pseudomonas viridiflava					p23.E6		PRJEB24450	SAMEA104472344
GCF_900586085.1	p23.E6	Pseudomonas viridiflava					p23.E6		PRJEB24450	SAMEA104472344
GCA_900588895.1	p27.B7	Pseudomonas viridiflava					p27.B7		PRJEB24450	SAMEA104472624
GCF_900588895.1	p27.B7	Pseudomonas viridiflava					p27.B7		PRJEB24450	SAMEA104472624
GCA_900580895.1	p11.G1	Pseudomonas viridiflava					p11.G1		PRJEB24450	SAMEA104471826
GCF_900580895.1	p11.G1	Pseudomonas viridiflava					p11.G1		PRJEB24450	SAMEA104471826
GCA_900580955.1	p11.G5	Pseudomonas viridiflava					p11.G5		PRJEB24450	SAMEA104471830
GCF_900580955.1	p11.G5	Pseudomonas viridiflava					p11.G5		PRJEB24450	SAMEA104471830
GCA_900587485.1	p25.C8	Pseudomonas viridiflava					p25.C8		PRJEB24450	SAMEA104472484
GCF_900587485.1	p25.C8	Pseudomonas viridiflava					p25.C8		PRJEB24450	SAMEA104472484
GCA_900601045.1	p7.E6	Pseudomonas viridiflava					p7.E6		PRJEB24450	SAMEA104473090
GCF_900601045.1	p7.E6	Pseudomonas viridiflava					p7.E6		PRJEB24450	SAMEA104473090
GCA_900582795.1	p1.C10	Pseudomonas viridiflava					p1.C10		PRJEB24450	SAMEA104472021
GCF_900582795.1	p1.C10	Pseudomonas viridiflava					p1.C10		PRJEB24450	SAMEA104472021
GCA_900601715.1	p8.D6	Pseudomonas viridiflava					p8.D6		PRJEB24450	SAMEA104473157
GCF_900601715.1	p8.D6	Pseudomonas viridiflava					p8.D6		PRJEB24450	SAMEA104473157
GCA_900602175.1	p9.B10	Pseudomonas viridiflava					p9.B10		PRJEB24450	SAMEA104473210
GCF_900602175.1	p9.B10	Pseudomonas viridiflava					p9.B10		PRJEB24450	SAMEA104473210
GCA_900599775.1	p6.A7	Pseudomonas viridiflava					p6.A7		PRJEB24450	SAMEA104472965
GCF_900599775.1	p6.A7	Pseudomonas viridiflava					p6.A7		PRJEB24450	SAMEA104472965
GCA_900583385.1	p1.G7	Pseudomonas viridiflava					p1.G7		PRJEB24450	SAMEA104472070
GCF_900583385.1	p1.G7	Pseudomonas viridiflava					p1.G7		PRJEB24450	SAMEA104472070
GCA_900600765.1	p7.B6	Pseudomonas viridiflava					p7.B6		PRJEB24450	SAMEA104473058
GCF_900600765.1	p7.B6	Pseudomonas viridiflava					p7.B6		PRJEB24450	SAMEA104473058
GCA_900582465.1	p13.G1	Pseudomonas viridiflava					p13.G1		PRJEB24450	SAMEA104471981
GCF_900582465.1	p13.G1	Pseudomonas viridiflava					p13.G1		PRJEB24450	SAMEA104471981
GCA_900581575.1	p12.F10	Pseudomonas viridiflava					p12.F10		PRJEB24450	SAMEA104471892
GCF_900581575.1	p12.F10	Pseudomonas viridiflava					p12.F10		PRJEB24450	SAMEA104471892
GCA_900581545.1	p12.F3	Pseudomonas viridiflava					p12.F3		PRJEB24450	SAMEA104471897
GCF_900581545.1	p12.F3	Pseudomonas viridiflava					p12.F3		PRJEB24450	SAMEA104471897
GCA_900586615.1	p24.D1	Pseudomonas viridiflava					p24.D1		PRJEB24450	SAMEA104472401
GCF_900586615.1	p24.D1	Pseudomonas viridiflava					p24.D1		PRJEB24450	SAMEA104472401
GCA_900585545.1	p22.F5	Pseudomonas viridiflava					p22.F5		PRJEB24450	SAMEA104472292
GCF_900585545.1	p22.F5	Pseudomonas viridiflava					p22.F5		PRJEB24450	SAMEA104472292
GCA_900588815.1	p27.A3	Pseudomonas viridiflava					p27.A3		PRJEB24450	SAMEA104472616
GCF_900588815.1	p27.A3	Pseudomonas viridiflava					p27.A3		PRJEB24450	SAMEA104472616
GCA_900590065.1	p3.C1	Pseudomonas viridiflava					p3.C1		PRJEB24450	SAMEA104472747
GCF_900590065.1	p3.C1	Pseudomonas viridiflava					p3.C1		PRJEB24450	SAMEA104472747
GCA_900590595.1	p3.G8	Pseudomonas viridiflava					p3.G8		PRJEB24450	SAMEA104472792
GCF_900590595.1	p3.G8	Pseudomonas viridiflava					p3.G8		PRJEB24450	SAMEA104472792
GCA_900582965.1	p1.C9	Pseudomonas viridiflava					p1.C9		PRJEB24450	SAMEA104472032
GCF_900582965.1	p1.C9	Pseudomonas viridiflava					p1.C9		PRJEB24450	SAMEA104472032
GCA_900600815.1	p7.D1	Pseudomonas viridiflava					p7.D1		PRJEB24450	SAMEA104473073
GCF_900600815.1	p7.D1	Pseudomonas viridiflava					p7.D1		PRJEB24450	SAMEA104473073
GCA_900586225.1	p23.H1	Pseudomonas viridiflava					p23.H1		PRJEB24450	SAMEA104472360
GCF_900586225.1	p23.H1	Pseudomonas viridiflava					p23.H1		PRJEB24450	SAMEA104472360
GCA_900599475.1	p5.F11	Pseudomonas viridiflava					p5.F11		PRJEB24450	SAMEA104472930
GCF_900599475.1	p5.F11	Pseudomonas viridiflava					p5.F11		PRJEB24450	SAMEA104472930
GCA_900599175.1	p5.C2	Pseudomonas viridiflava					p5.C2		PRJEB24450	SAMEA104472899
GCF_900599175.1	p5.C2	Pseudomonas viridiflava					p5.C2		PRJEB24450	SAMEA104472899
GCA_900602615.1	p9.E1	Pseudomonas viridiflava					p9.E1		PRJEB24450	SAMEA104473247
GCF_900602615.1	p9.E1	Pseudomonas viridiflava					p9.E1		PRJEB24450	SAMEA104473247
GCA_900589635.1	p2.F9	Pseudomonas viridiflava					p2.F9		PRJEB24450	SAMEA104472701
GCF_900589635.1	p2.F9	Pseudomonas viridiflava					p2.F9		PRJEB24450	SAMEA104472701
GCA_900584385.1	p21.A7	Pseudomonas viridiflava					p21.A7		PRJEB24450	SAMEA104472175
GCF_900584385.1	p21.A7	Pseudomonas viridiflava					p21.A7		PRJEB24450	SAMEA104472175
GCA_900582615.1	p13.H4	Pseudomonas viridiflava					p13.H4		PRJEB24450	SAMEA104471994
GCF_900582615.1	p13.H4	Pseudomonas viridiflava					p13.H4		PRJEB24450	SAMEA104471994
GCA_900600775.1	p7.B7	Pseudomonas viridiflava					p7.B7		PRJEB24450	SAMEA104473059
GCF_900600775.1	p7.B7	Pseudomonas viridiflava					p7.B7		PRJEB24450	SAMEA104473059
GCA_900602745.1	p9.E8	Pseudomonas viridiflava					p9.E8		PRJEB24450	SAMEA104473254
GCF_900602745.1	p9.E8	Pseudomonas viridiflava					p9.E8		PRJEB24450	SAMEA104473254
GCA_900589805.1	p2.H7	Pseudomonas viridiflava					p2.H7		PRJEB24450	SAMEA104472718
GCF_900589805.1	p2.H7	Pseudomonas viridiflava					p2.H7		PRJEB24450	SAMEA104472718
GCA_900599185.1	p5.C6	Pseudomonas viridiflava					p5.C6		PRJEB24450	SAMEA104472903
GCF_900599185.1	p5.C6	Pseudomonas viridiflava					p5.C6		PRJEB24450	SAMEA104472903
GCA_900602235.1	p9.A5	Pseudomonas viridiflava					p9.A5		PRJEB24450	SAMEA104473205
GCF_900602235.1	p9.A5	Pseudomonas viridiflava					p9.A5		PRJEB24450	SAMEA104473205
GCA_900589205.1	p2.B3	Pseudomonas viridiflava					p2.B3		PRJEB24450	SAMEA104472655
GCF_900589205.1	p2.B3	Pseudomonas viridiflava					p2.B3		PRJEB24450	SAMEA104472655
GCA_900585655.1	p22.H3	Pseudomonas viridiflava					p22.H3		PRJEB24450	SAMEA104472302
GCF_900585655.1	p22.H3	Pseudomonas viridiflava					p22.H3		PRJEB24450	SAMEA104472302
GCA_900584425.1	p21.B2	Pseudomonas viridiflava					p21.B2		PRJEB24450	SAMEA104472182
GCF_900584425.1	p21.B2	Pseudomonas viridiflava					p21.B2		PRJEB24450	SAMEA104472182
GCA_900602275.1	p9.B7	Pseudomonas viridiflava					p9.B7		PRJEB24450	SAMEA104473219
GCF_900602275.1	p9.B7	Pseudomonas viridiflava					p9.B7		PRJEB24450	SAMEA104473219
GCA_900590095.1	p3.C10	Pseudomonas viridiflava					p3.C10		PRJEB24450	SAMEA104472744
GCF_900590095.1	p3.C10	Pseudomonas viridiflava					p3.C10		PRJEB24450	SAMEA104472744
GCA_900602715.1	p9.F4	Pseudomonas viridiflava					p9.F4		PRJEB24450	SAMEA104473261
GCF_900602715.1	p9.F4	Pseudomonas viridiflava					p9.F4		PRJEB24450	SAMEA104473261
GCA_900590395.1	p3.F1	Pseudomonas viridiflava					p3.F1		PRJEB24450	SAMEA104472777
GCF_900590395.1	p3.F1	Pseudomonas viridiflava					p3.F1		PRJEB24450	SAMEA104472777
GCA_900601425.1	p8.A7	Pseudomonas viridiflava					p8.A7		PRJEB24450	SAMEA104473130
GCF_900601425.1	p8.A7	Pseudomonas viridiflava					p8.A7		PRJEB24450	SAMEA104473130
GCA_022936465.1	ASM2293646v1	Pseudomonas viridiflava		A2M176					PRJNA750090	SAMN26870984
GCF_022936465.1	ASM2293646v1	Pseudomonas viridiflava		A2M176					PRJNA750090	SAMN26870984
GCA_900586635.1	p24.D4	Pseudomonas viridiflava					p24.D4		PRJEB24450	SAMEA104472404
GCF_900586635.1	p24.D4	Pseudomonas viridiflava					p24.D4		PRJEB24450	SAMEA104472404
GCA_900590975.1	p4.D6	Pseudomonas viridiflava					p4.D6		PRJEB24450	SAMEA104472836
GCF_900590975.1	p4.D6	Pseudomonas viridiflava					p4.D6		PRJEB24450	SAMEA104472836
GCA_900587935.1	p25.G7	Pseudomonas viridiflava					p25.G7		PRJEB24450	SAMEA104472527
GCF_900587935.1	p25.G7	Pseudomonas viridiflava					p25.G7		PRJEB24450	SAMEA104472527
GCA_900590415.1	p3.F2	Pseudomonas viridiflava					p3.F2		PRJEB24450	SAMEA104472778
GCF_900590415.1	p3.F2	Pseudomonas viridiflava					p3.F2		PRJEB24450	SAMEA104472778
GCA_900589335.1	p2.C8	Pseudomonas viridiflava					p2.C8		PRJEB24450	SAMEA104472671
GCF_900589335.1	p2.C8	Pseudomonas viridiflava					p2.C8		PRJEB24450	SAMEA104472671
GCA_900586655.1	p24.D3	Pseudomonas viridiflava					p24.D3		PRJEB24450	SAMEA104472403
GCF_900586655.1	p24.D3	Pseudomonas viridiflava					p24.D3		PRJEB24450	SAMEA104472403
GCA_900581705.1	p12.G3	Pseudomonas viridiflava					p12.G3		PRJEB24450	SAMEA104471902
GCF_900581705.1	p12.G3	Pseudomonas viridiflava					p12.G3		PRJEB24450	SAMEA104471902
GCA_900585675.1	p23.A2	Pseudomonas viridiflava					p23.A2		PRJEB24450	SAMEA104472306
GCF_900585675.1	p23.A2	Pseudomonas viridiflava					p23.A2		PRJEB24450	SAMEA104472306
GCA_900581345.1	p12.C6	Pseudomonas viridiflava					p12.C6		PRJEB24450	SAMEA104471870
GCF_900581345.1	p12.C6	Pseudomonas viridiflava					p12.C6		PRJEB24450	SAMEA104471870
GCA_900600675.1	p7.A5	Pseudomonas viridiflava					p7.A5		PRJEB24450	SAMEA104473046
GCF_900600675.1	p7.A5	Pseudomonas viridiflava					p7.A5		PRJEB24450	SAMEA104473046
GCA_900582685.1	p1.A5	Pseudomonas viridiflava					p1.A5		PRJEB24450	SAMEA104472005
GCF_900582685.1	p1.A5	Pseudomonas viridiflava					p1.A5		PRJEB24450	SAMEA104472005
GCA_900599255.1	p5.D6	Pseudomonas viridiflava					p5.D6		PRJEB24450	SAMEA104472914
GCF_900599255.1	p5.D6	Pseudomonas viridiflava					p5.D6		PRJEB24450	SAMEA104472914
GCA_900587685.1	p25.F10	Pseudomonas viridiflava					p25.F10		PRJEB24450	SAMEA104472508
GCF_900587685.1	p25.F10	Pseudomonas viridiflava					p25.F10		PRJEB24450	SAMEA104472508
GCA_900580935.1	p11.G7	Pseudomonas viridiflava					p11.G7		PRJEB24450	SAMEA104471831
GCF_900580935.1	p11.G7	Pseudomonas viridiflava					p11.G7		PRJEB24450	SAMEA104471831
GCA_900598785.1	p4.G9	Pseudomonas viridiflava					p4.G9		PRJEB24450	SAMEA104472863
GCF_900598785.1	p4.G9	Pseudomonas viridiflava					p4.G9		PRJEB24450	SAMEA104472863
GCA_900582275.1	p13.E9	Pseudomonas viridiflava					p13.E9		PRJEB24450	SAMEA104471967
GCF_900582275.1	p13.E9	Pseudomonas viridiflava					p13.E9		PRJEB24450	SAMEA104471967
GCA_900602375.1	p9.C2	Pseudomonas viridiflava					p9.C2		PRJEB24450	SAMEA104473226
GCF_900602375.1	p9.C2	Pseudomonas viridiflava					p9.C2		PRJEB24450	SAMEA104473226
GCA_900601725.1	p8.D8	Pseudomonas viridiflava					p8.D8		PRJEB24450	SAMEA104473158
GCF_900601725.1	p8.D8	Pseudomonas viridiflava					p8.D8		PRJEB24450	SAMEA104473158
GCA_900580495.1	p11.B8	Pseudomonas viridiflava					p11.B8		PRJEB24450	SAMEA104471784
GCF_900580495.1	p11.B8	Pseudomonas viridiflava					p11.B8		PRJEB24450	SAMEA104471784
GCA_900600895.1	p7.D5	Pseudomonas viridiflava					p7.D5		PRJEB24450	SAMEA104473077
GCF_900600895.1	p7.D5	Pseudomonas viridiflava					p7.D5		PRJEB24450	SAMEA104473077
GCA_900576625.1	p11.A2	Pseudomonas viridiflava					p11.A2		PRJEB24450	SAMEA104471767
GCF_900576625.1	p11.A2	Pseudomonas viridiflava					p11.A2		PRJEB24450	SAMEA104471767
GCA_900582525.1	p13.H12	Pseudomonas viridiflava					p13.H12		PRJEB24450	SAMEA104471991
GCF_900582525.1	p13.H12	Pseudomonas viridiflava					p13.H12		PRJEB24450	SAMEA104471991
GCA_900582345.1	p13.F3	Pseudomonas viridiflava					p13.F3		PRJEB24450	SAMEA104471973
GCF_900582345.1	p13.F3	Pseudomonas viridiflava					p13.F3		PRJEB24450	SAMEA104471973
GCA_900585065.1	p21.H1	Pseudomonas viridiflava					p21.H1		PRJEB24450	SAMEA104472246
GCF_900585065.1	p21.H1	Pseudomonas viridiflava					p21.H1		PRJEB24450	SAMEA104472246
GCA_900602725.1	p9.E9	Pseudomonas viridiflava					p9.E9		PRJEB24450	SAMEA104473255
GCF_900602725.1	p9.E9	Pseudomonas viridiflava					p9.E9		PRJEB24450	SAMEA104473255
GCA_900590855.1	p4.C10	Pseudomonas viridiflava					p4.C10		PRJEB24450	SAMEA104472820
GCF_900590855.1	p4.C10	Pseudomonas viridiflava					p4.C10		PRJEB24450	SAMEA104472820
GCA_900588655.1	p26.G8	Pseudomonas viridiflava					p26.G8		PRJEB24450	SAMEA104472603
GCF_900588655.1	p26.G8	Pseudomonas viridiflava					p26.G8		PRJEB24450	SAMEA104472603
GCA_900581555.1	p12.F11	Pseudomonas viridiflava					p12.F11		PRJEB24450	SAMEA104471893
GCF_900581555.1	p12.F11	Pseudomonas viridiflava					p12.F11		PRJEB24450	SAMEA104471893
GCA_900602515.1	p9.D5	Pseudomonas viridiflava					p9.D5		PRJEB24450	SAMEA104473240
GCF_900602515.1	p9.D5	Pseudomonas viridiflava					p9.D5		PRJEB24450	SAMEA104473240
GCA_900602395.1	p9.C6	Pseudomonas viridiflava					p9.C6		PRJEB24450	SAMEA104473230
GCF_900602395.1	p9.C6	Pseudomonas viridiflava					p9.C6		PRJEB24450	SAMEA104473230
GCA_900602305.1	p9.B5	Pseudomonas viridiflava					p9.B5		PRJEB24450	SAMEA104473217
GCF_900602305.1	p9.B5	Pseudomonas viridiflava					p9.B5		PRJEB24450	SAMEA104473217
GCA_900588045.1	p26.A2	Pseudomonas viridiflava					p26.A2		PRJEB24450	SAMEA104472543
GCF_900588045.1	p26.A2	Pseudomonas viridiflava					p26.A2		PRJEB24450	SAMEA104472543
GCA_900590735.1	p4.B10	Pseudomonas viridiflava					p4.B10		PRJEB24450	SAMEA104472810
GCF_900590735.1	p4.B10	Pseudomonas viridiflava					p4.B10		PRJEB24450	SAMEA104472810
GCA_900586595.1	p24.C9	Pseudomonas viridiflava					p24.C9		PRJEB24450	SAMEA104472397
GCF_900586595.1	p24.C9	Pseudomonas viridiflava					p24.C9		PRJEB24450	SAMEA104472397
GCA_900583715.1	p20.C2	Pseudomonas viridiflava					p20.C2		PRJEB24450	SAMEA104472108
GCF_900583715.1	p20.C2	Pseudomonas viridiflava					p20.C2		PRJEB24450	SAMEA104472108
GCA_900581305.1	p12.C1	Pseudomonas viridiflava					p12.C1		PRJEB24450	SAMEA104471866
GCF_900581305.1	p12.C1	Pseudomonas viridiflava					p12.C1		PRJEB24450	SAMEA104471866
GCA_900601465.1	p8.A5	Pseudomonas viridiflava					p8.A5		PRJEB24450	SAMEA104473129
GCF_900601465.1	p8.A5	Pseudomonas viridiflava					p8.A5		PRJEB24450	SAMEA104473129
GCA_900601895.1	p8.G1	Pseudomonas viridiflava					p8.G1		PRJEB24450	SAMEA104473181
GCF_900601895.1	p8.G1	Pseudomonas viridiflava					p8.G1		PRJEB24450	SAMEA104473181
GCA_900600495.1	p6.G9	Pseudomonas viridiflava					p6.G9		PRJEB24450	SAMEA104473029
GCF_900600495.1	p6.G9	Pseudomonas viridiflava					p6.G9		PRJEB24450	SAMEA104473029
GCA_900585015.1	p21.G4	Pseudomonas viridiflava					p21.G4		PRJEB24450	SAMEA104472238
GCF_900585015.1	p21.G4	Pseudomonas viridiflava					p21.G4		PRJEB24450	SAMEA104472238
GCA_900590925.1	p4.C8	Pseudomonas viridiflava					p4.C8		PRJEB24450	SAMEA104472828
GCF_900590925.1	p4.C8	Pseudomonas viridiflava					p4.C8		PRJEB24450	SAMEA104472828
GCA_900589255.1	p2.C1	Pseudomonas viridiflava					p2.C1		PRJEB24450	SAMEA104472664
GCF_900589255.1	p2.C1	Pseudomonas viridiflava					p2.C1		PRJEB24450	SAMEA104472664
GCA_900587205.1	p25.A7	Pseudomonas viridiflava					p25.A7		PRJEB24450	SAMEA104472461
GCF_900587205.1	p25.A7	Pseudomonas viridiflava					p25.A7		PRJEB24450	SAMEA104472461
GCA_900587745.1	p25.F5	Pseudomonas viridiflava					p25.F5		PRJEB24450	SAMEA104472515
GCF_900587745.1	p25.F5	Pseudomonas viridiflava					p25.F5		PRJEB24450	SAMEA104472515
GCA_900582165.1	p13.D7	Pseudomonas viridiflava					p13.D7		PRJEB24450	SAMEA104471954
GCF_900582165.1	p13.D7	Pseudomonas viridiflava					p13.D7		PRJEB24450	SAMEA104471954
GCA_900599135.1	p5.B5	Pseudomonas viridiflava					p5.B5		PRJEB24450	SAMEA104472892
GCF_900599135.1	p5.B5	Pseudomonas viridiflava					p5.B5		PRJEB24450	SAMEA104472892
GCA_900599215.1	p5.D5	Pseudomonas viridiflava					p5.D5		PRJEB24450	SAMEA104472913
GCF_900599215.1	p5.D5	Pseudomonas viridiflava					p5.D5		PRJEB24450	SAMEA104472913
GCA_900602485.1	p9.D6	Pseudomonas viridiflava					p9.D6		PRJEB24450	SAMEA104473241
GCF_900602485.1	p9.D6	Pseudomonas viridiflava					p9.D6		PRJEB24450	SAMEA104473241
GCA_900584985.1	p21.G1	Pseudomonas viridiflava					p21.G1		PRJEB24450	SAMEA104472235
GCF_900584985.1	p21.G1	Pseudomonas viridiflava					p21.G1		PRJEB24450	SAMEA104472235
GCA_900581675.1	p12.F9	Pseudomonas viridiflava					p12.F9		PRJEB24450	SAMEA104471899
GCF_900581675.1	p12.F9	Pseudomonas viridiflava					p12.F9		PRJEB24450	SAMEA104471899
GCA_900584745.1	p21.E1	Pseudomonas viridiflava					p21.E1		PRJEB24450	SAMEA104472213
GCF_900584745.1	p21.E1	Pseudomonas viridiflava					p21.E1		PRJEB24450	SAMEA104472213
GCA_900587395.1	p25.C1	Pseudomonas viridiflava					p25.C1		PRJEB24450	SAMEA104472478
GCF_900587395.1	p25.C1	Pseudomonas viridiflava					p25.C1		PRJEB24450	SAMEA104472478
GCA_900587035.1	p24.H11	Pseudomonas viridiflava					p24.H11		PRJEB24450	SAMEA104472443
GCF_900587035.1	p24.H11	Pseudomonas viridiflava					p24.H11		PRJEB24450	SAMEA104472443
GCA_900581995.1	p13.B9	Pseudomonas viridiflava					p13.B9		PRJEB24450	SAMEA104471934
GCF_900581995.1	p13.B9	Pseudomonas viridiflava					p13.B9		PRJEB24450	SAMEA104471934
GCA_900584625.1	p21.C8	Pseudomonas viridiflava					p21.C8		PRJEB24450	SAMEA104472198
GCF_900584625.1	p21.C8	Pseudomonas viridiflava					p21.C8		PRJEB24450	SAMEA104472198
GCA_900585115.1	p21.H3	Pseudomonas viridiflava					p21.H3		PRJEB24450	SAMEA104472248
GCF_900585115.1	p21.H3	Pseudomonas viridiflava					p21.H3		PRJEB24450	SAMEA104472248
GCA_900585195.1	p22.A7	Pseudomonas viridiflava					p22.A7		PRJEB24450	SAMEA104472259
GCF_900585195.1	p22.A7	Pseudomonas viridiflava					p22.A7		PRJEB24450	SAMEA104472259
GCA_900585275.1	p22.B7	Pseudomonas viridiflava					p22.B7		PRJEB24450	SAMEA104472266
GCF_900585275.1	p22.B7	Pseudomonas viridiflava					p22.B7		PRJEB24450	SAMEA104472266
GCA_900585365.1	p22.C7	Pseudomonas viridiflava					p22.C7		PRJEB24450	SAMEA104472273
GCF_900585365.1	p22.C7	Pseudomonas viridiflava					p22.C7		PRJEB24450	SAMEA104472273
GCA_900585565.1	p22.F4	Pseudomonas viridiflava					p22.F4		PRJEB24450	SAMEA104472291
GCF_900585565.1	p22.F4	Pseudomonas viridiflava					p22.F4		PRJEB24450	SAMEA104472291
GCA_900585635.1	p22.G5	Pseudomonas viridiflava					p22.G5		PRJEB24450	SAMEA104472298
GCF_900585635.1	p22.G5	Pseudomonas viridiflava					p22.G5		PRJEB24450	SAMEA104472298
GCA_900585695.1	p22.H4	Pseudomonas viridiflava					p22.H4		PRJEB24450	SAMEA104472303
GCF_900585695.1	p22.H4	Pseudomonas viridiflava					p22.H4		PRJEB24450	SAMEA104472303
GCA_900588705.1	p26.H5	Pseudomonas viridiflava					p26.H5		PRJEB24450	SAMEA104472609
GCF_900588705.1	p26.H5	Pseudomonas viridiflava					p26.H5		PRJEB24450	SAMEA104472609
GCA_900589415.1	p2.D6	Pseudomonas viridiflava					p2.D6		PRJEB24450	SAMEA104472679
GCF_900589415.1	p2.D6	Pseudomonas viridiflava					p2.D6		PRJEB24450	SAMEA104472679
GCA_900590985.1	p4.D8	Pseudomonas viridiflava					p4.D8		PRJEB24450	SAMEA104472837
GCF_900590985.1	p4.D8	Pseudomonas viridiflava					p4.D8		PRJEB24450	SAMEA104472837
GCA_900591105.1	p4.E8	Pseudomonas viridiflava					p4.E8		PRJEB24450	SAMEA104472844
GCF_900591105.1	p4.E8	Pseudomonas viridiflava					p4.E8		PRJEB24450	SAMEA104472844
GCA_900600825.1	p7.D10	Pseudomonas viridiflava					p7.D10		PRJEB24450	SAMEA104473071
GCF_900600825.1	p7.D10	Pseudomonas viridiflava					p7.D10		PRJEB24450	SAMEA104473071
GCA_900601845.1	p8.E8	Pseudomonas viridiflava					p8.E8		PRJEB24450	SAMEA104473169
GCF_900601845.1	p8.E8	Pseudomonas viridiflava					p8.E8		PRJEB24450	SAMEA104473169
GCA_900584815.1	p21.E3	Pseudomonas viridiflava					p21.E3		PRJEB24450	SAMEA104472215
GCF_900584815.1	p21.E3	Pseudomonas viridiflava					p21.E3		PRJEB24450	SAMEA104472215
GCA_900587955.1	p25.H3	Pseudomonas viridiflava					p25.H3		PRJEB24450	SAMEA104472535
GCF_900587955.1	p25.H3	Pseudomonas viridiflava					p25.H3		PRJEB24450	SAMEA104472535
GCA_900585265.1	p22.A8	Pseudomonas viridiflava					p22.A8		PRJEB24450	SAMEA104472260
GCF_900585265.1	p22.A8	Pseudomonas viridiflava					p22.A8		PRJEB24450	SAMEA104472260
GCA_900602595.1	p9.E4	Pseudomonas viridiflava					p9.E4		PRJEB24450	SAMEA104473250
GCF_900602595.1	p9.E4	Pseudomonas viridiflava					p9.E4		PRJEB24450	SAMEA104473250
GCA_900599605.1	p5.G8	Pseudomonas viridiflava					p5.G8		PRJEB24450	SAMEA104472949
GCF_900599605.1	p5.G8	Pseudomonas viridiflava					p5.G8		PRJEB24450	SAMEA104472949
GCA_900602415.1	p9.C3	Pseudomonas viridiflava					p9.C3		PRJEB24450	SAMEA104473227
GCF_900602415.1	p9.C3	Pseudomonas viridiflava					p9.C3		PRJEB24450	SAMEA104473227
GCA_900583275.1	p1.F7	Pseudomonas viridiflava					p1.F7		PRJEB24450	SAMEA104472059
GCF_900583275.1	p1.F7	Pseudomonas viridiflava					p1.F7		PRJEB24450	SAMEA104472059
GCA_900583505.1	p20.A7	Pseudomonas viridiflava					p20.A7		PRJEB24450	SAMEA104472092
GCF_900583505.1	p20.A7	Pseudomonas viridiflava					p20.A7		PRJEB24450	SAMEA104472092
GCA_900584525.1	p21.B4	Pseudomonas viridiflava					p21.B4		PRJEB24450	SAMEA104472184
GCF_900584525.1	p21.B4	Pseudomonas viridiflava					p21.B4		PRJEB24450	SAMEA104472184
GCA_900586665.1	p24.D2	Pseudomonas viridiflava					p24.D2		PRJEB24450	SAMEA104472402
GCF_900586665.1	p24.D2	Pseudomonas viridiflava					p24.D2		PRJEB24450	SAMEA104472402
GCA_900585025.1	p21.G7	Pseudomonas viridiflava					p21.G7		PRJEB24450	SAMEA104472240
GCF_900585025.1	p21.G7	Pseudomonas viridiflava					p21.G7		PRJEB24450	SAMEA104472240
GCA_900582435.1	p13.F9	Pseudomonas viridiflava					p13.F9		PRJEB24450	SAMEA104471979
GCF_900582435.1	p13.F9	Pseudomonas viridiflava					p13.F9		PRJEB24450	SAMEA104471979
GCA_900584175.1	p20.G10	Pseudomonas viridiflava					p20.G10		PRJEB24450	SAMEA104472145
GCF_900584175.1	p20.G10	Pseudomonas viridiflava					p20.G10		PRJEB24450	SAMEA104472145
GCA_900581135.1	p12.A6	Pseudomonas viridiflava					p12.A6		PRJEB24450	SAMEA104471850
GCF_900581135.1	p12.A6	Pseudomonas viridiflava					p12.A6		PRJEB24450	SAMEA104471850
GCA_900586345.1	p24.A12	Pseudomonas viridiflava					p24.A12		PRJEB24450	SAMEA104472369
GCF_900586345.1	p24.A12	Pseudomonas viridiflava					p24.A12		PRJEB24450	SAMEA104472369
GCA_900602885.1	p9.G7	Pseudomonas viridiflava					p9.G7		PRJEB24450	SAMEA104473275
GCF_900602885.1	p9.G7	Pseudomonas viridiflava					p9.G7		PRJEB24450	SAMEA104473275
GCA_900587695.1	p25.E9	Pseudomonas viridiflava					p25.E9		PRJEB24450	SAMEA104472507
GCF_900587695.1	p25.E9	Pseudomonas viridiflava					p25.E9		PRJEB24450	SAMEA104472507
GCA_900583895.1	p20.E1	Pseudomonas viridiflava					p20.E1		PRJEB24450	SAMEA104472127
GCF_900583895.1	p20.E1	Pseudomonas viridiflava					p20.E1		PRJEB24450	SAMEA104472127
GCA_900584335.1	p21.A3	Pseudomonas viridiflava					p21.A3		PRJEB24450	SAMEA104472172
GCF_900584335.1	p21.A3	Pseudomonas viridiflava					p21.A3		PRJEB24450	SAMEA104472172
GCA_900585485.1	p22.E5	Pseudomonas viridiflava					p22.E5		PRJEB24450	SAMEA104472286
GCF_900585485.1	p22.E5	Pseudomonas viridiflava					p22.E5		PRJEB24450	SAMEA104472286
GCA_900585035.1	p21.G3	Pseudomonas viridiflava					p21.G3		PRJEB24450	SAMEA104472237
GCF_900585035.1	p21.G3	Pseudomonas viridiflava					p21.G3		PRJEB24450	SAMEA104472237
GCA_900581255.1	p12.C10	Pseudomonas viridiflava					p12.C10		PRJEB24450	SAMEA104471864
GCF_900581255.1	p12.C10	Pseudomonas viridiflava					p12.C10		PRJEB24450	SAMEA104471864
GCA_900600955.1	p7.D7	Pseudomonas viridiflava					p7.D7		PRJEB24450	SAMEA104473079
GCF_900600955.1	p7.D7	Pseudomonas viridiflava					p7.D7		PRJEB24450	SAMEA104473079
GCA_900599155.1	p5.C5	Pseudomonas viridiflava					p5.C5		PRJEB24450	SAMEA104472902
GCF_900599155.1	p5.C5	Pseudomonas viridiflava					p5.C5		PRJEB24450	SAMEA104472902
GCA_900600205.1	p6.F2	Pseudomonas viridiflava					p6.F2		PRJEB24450	SAMEA104473015
GCF_900600205.1	p6.F2	Pseudomonas viridiflava					p6.F2		PRJEB24450	SAMEA104473015
GCA_900588995.1	p27.G5	Pseudomonas viridiflava					p27.G5		PRJEB24450	SAMEA104472639
GCF_900588995.1	p27.G5	Pseudomonas viridiflava					p27.G5		PRJEB24450	SAMEA104472639
GCA_900588385.1	p26.E3	Pseudomonas viridiflava					p26.E3		PRJEB24450	SAMEA104472578
GCF_900588385.1	p26.E3	Pseudomonas viridiflava					p26.E3		PRJEB24450	SAMEA104472578
GCA_900584765.1	p21.E10	Pseudomonas viridiflava					p21.E10		PRJEB24450	SAMEA104472210
GCF_900584765.1	p21.E10	Pseudomonas viridiflava					p21.E10		PRJEB24450	SAMEA104472210
GCA_900590585.1	p3.G9	Pseudomonas viridiflava					p3.G9		PRJEB24450	SAMEA104472793
GCF_900590585.1	p3.G9	Pseudomonas viridiflava					p3.G9		PRJEB24450	SAMEA104472793
GCA_900585185.1	p22.A5	Pseudomonas viridiflava					p22.A5		PRJEB24450	SAMEA104472258
GCF_900585185.1	p22.A5	Pseudomonas viridiflava					p22.A5		PRJEB24450	SAMEA104472258
GCA_900589425.1	p2.D7	Pseudomonas viridiflava					p2.D7		PRJEB24450	SAMEA104472680
GCF_900589425.1	p2.D7	Pseudomonas viridiflava					p2.D7		PRJEB24450	SAMEA104472680
GCA_900600255.1	p6.E6	Pseudomonas viridiflava					p6.E6		PRJEB24450	SAMEA104473007
GCF_900600255.1	p6.E6	Pseudomonas viridiflava					p6.E6		PRJEB24450	SAMEA104473007
GCA_900584915.1	p21.F3	Pseudomonas viridiflava					p21.F3		PRJEB24450	SAMEA104472226
GCF_900584915.1	p21.F3	Pseudomonas viridiflava					p21.F3		PRJEB24450	SAMEA104472226
GCA_900588515.1	p26.F4	Pseudomonas viridiflava					p26.F4		PRJEB24450	SAMEA104472589
GCF_900588515.1	p26.F4	Pseudomonas viridiflava					p26.F4		PRJEB24450	SAMEA104472589
GCA_034044855.1	ASM3404485v1	Pseudomonas viridiflava		CFBP8985					PRJNA1041598	SAMN38288739
GCF_034044855.1	ASM3404485v1	Pseudomonas viridiflava		CFBP8985					PRJNA1041598	SAMN38288739
GCA_900587495.1	p25.C9	Pseudomonas viridiflava					p25.C9		PRJEB24450	SAMEA104472485
GCF_900587495.1	p25.C9	Pseudomonas viridiflava					p25.C9		PRJEB24450	SAMEA104472485
GCA_900590385.1	p3.F10	Pseudomonas viridiflava					p3.F10		PRJEB24450	SAMEA104472774
GCF_900590385.1	p3.F10	Pseudomonas viridiflava					p3.F10		PRJEB24450	SAMEA104472774
GCA_900585355.1	p22.C1	Pseudomonas viridiflava					p22.C1		PRJEB24450	SAMEA104472268
GCF_900585355.1	p22.C1	Pseudomonas viridiflava					p22.C1		PRJEB24450	SAMEA104472268
GCA_900584785.1	p21.D9	Pseudomonas viridiflava					p21.D9		PRJEB24450	SAMEA104472209
GCF_900584785.1	p21.D9	Pseudomonas viridiflava					p21.D9		PRJEB24450	SAMEA104472209
GCA_900600555.1	p7.A12	Pseudomonas viridiflava					p7.A12		PRJEB24450	SAMEA104473041
GCF_900600555.1	p7.A12	Pseudomonas viridiflava					p7.A12		PRJEB24450	SAMEA104473041
GCA_900583605.1	p20.B12	Pseudomonas viridiflava					p20.B12		PRJEB24450	SAMEA104472096
GCF_900583605.1	p20.B12	Pseudomonas viridiflava					p20.B12		PRJEB24450	SAMEA104472096
GCA_900585535.1	p22.E3	Pseudomonas viridiflava					p22.E3		PRJEB24450	SAMEA104472284
GCF_900585535.1	p22.E3	Pseudomonas viridiflava					p22.E3		PRJEB24450	SAMEA104472284
GCA_900583855.1	p20.E11	Pseudomonas viridiflava					p20.E11		PRJEB24450	SAMEA104472125
GCF_900583855.1	p20.E11	Pseudomonas viridiflava					p20.E11		PRJEB24450	SAMEA104472125
GCA_900583865.1	p20.E10	Pseudomonas viridiflava					p20.E10		PRJEB24450	SAMEA104472124
GCF_900583865.1	p20.E10	Pseudomonas viridiflava					p20.E10		PRJEB24450	SAMEA104472124
GCA_900580725.1	p11.E2	Pseudomonas viridiflava					p11.E2		PRJEB24450	SAMEA104471808
GCF_900580725.1	p11.E2	Pseudomonas viridiflava					p11.E2		PRJEB24450	SAMEA104471808
GCA_900584345.1	p21.A1	Pseudomonas viridiflava					p21.A1		PRJEB24450	SAMEA104472170
GCF_900584345.1	p21.A1	Pseudomonas viridiflava					p21.A1		PRJEB24450	SAMEA104472170
GCA_900586205.1	p23.G6	Pseudomonas viridiflava					p23.G6		PRJEB24450	SAMEA104472357
GCF_900586205.1	p23.G6	Pseudomonas viridiflava					p23.G6		PRJEB24450	SAMEA104472357
GCA_014838925.1	ASM1483892v1	Pseudomonas viridiflava		CFBP8802					PRJNA665156	SAMN16238274
GCF_014838925.1	ASM1483892v1	Pseudomonas viridiflava		CFBP8802					PRJNA665156	SAMN16238274
GCA_900589045.1	p27.H5	Pseudomonas viridiflava					p27.H5		PRJEB24450	SAMEA104472642
GCF_900589045.1	p27.H5	Pseudomonas viridiflava					p27.H5		PRJEB24450	SAMEA104472642
GCA_900588775.1	p26.H6	Pseudomonas viridiflava					p26.H6		PRJEB24450	SAMEA104472610
GCF_900588775.1	p26.H6	Pseudomonas viridiflava					p26.H6		PRJEB24450	SAMEA104472610
GCA_900587215.1	p25.A8	Pseudomonas viridiflava					p25.A8		PRJEB24450	SAMEA104472462
GCF_900587215.1	p25.A8	Pseudomonas viridiflava					p25.A8		PRJEB24450	SAMEA104472462
GCA_900588015.1	p25.H9	Pseudomonas viridiflava					p25.H9		PRJEB24450	SAMEA104472540
GCF_900588015.1	p25.H9	Pseudomonas viridiflava					p25.H9		PRJEB24450	SAMEA104472540
GCA_900598955.1	p5.B10	Pseudomonas viridiflava					p5.B10		PRJEB24450	SAMEA104472886
GCF_900598955.1	p5.B10	Pseudomonas viridiflava					p5.B10		PRJEB24450	SAMEA104472886
GCA_900602665.1	p9.E7	Pseudomonas viridiflava					p9.E7		PRJEB24450	SAMEA104473253
GCF_900602665.1	p9.E7	Pseudomonas viridiflava					p9.E7		PRJEB24450	SAMEA104473253
GCA_900591115.1	p4.F1	Pseudomonas viridiflava					p4.F1		PRJEB24450	SAMEA104472849
GCF_900591115.1	p4.F1	Pseudomonas viridiflava					p4.F1		PRJEB24450	SAMEA104472849
GCA_900599025.1	p5.B11	Pseudomonas viridiflava					p5.B11		PRJEB24450	SAMEA104472887
GCF_900599025.1	p5.B11	Pseudomonas viridiflava					p5.B11		PRJEB24450	SAMEA104472887
GCA_900584725.1	p21.D7	Pseudomonas viridiflava					p21.D7		PRJEB24450	SAMEA104472207
GCF_900584725.1	p21.D7	Pseudomonas viridiflava					p21.D7		PRJEB24450	SAMEA104472207
GCA_900587825.1	p25.G11	Pseudomonas viridiflava					p25.G11		PRJEB24450	SAMEA104472520
GCF_900587825.1	p25.G11	Pseudomonas viridiflava					p25.G11		PRJEB24450	SAMEA104472520
GCA_900584585.1	p21.C3	Pseudomonas viridiflava					p21.C3		PRJEB24450	SAMEA104472194
GCF_900584585.1	p21.C3	Pseudomonas viridiflava					p21.C3		PRJEB24450	SAMEA104472194
GCA_900587445.1	p25.D11	Pseudomonas viridiflava					p25.D11		PRJEB24450	SAMEA104472487
GCF_900587445.1	p25.D11	Pseudomonas viridiflava					p25.D11		PRJEB24450	SAMEA104472487
GCA_900599395.1	p5.E6	Pseudomonas viridiflava					p5.E6		PRJEB24450	SAMEA104472925
GCF_900599395.1	p5.E6	Pseudomonas viridiflava					p5.E6		PRJEB24450	SAMEA104472925
GCA_900584995.1	p21.G2	Pseudomonas viridiflava					p21.G2		PRJEB24450	SAMEA104472236
GCF_900584995.1	p21.G2	Pseudomonas viridiflava					p21.G2		PRJEB24450	SAMEA104472236
GCA_900583945.1	p20.E4	Pseudomonas viridiflava					p20.E4		PRJEB24450	SAMEA104472130
GCF_900583945.1	p20.E4	Pseudomonas viridiflava					p20.E4		PRJEB24450	SAMEA104472130
GCA_900601235.1	p7.G6	Pseudomonas viridiflava					p7.G6		PRJEB24450	SAMEA104473110
GCF_900601235.1	p7.G6	Pseudomonas viridiflava					p7.G6		PRJEB24450	SAMEA104473110
GCA_900600125.1	p6.D5	Pseudomonas viridiflava					p6.D5		PRJEB24450	SAMEA104472996
GCF_900600125.1	p6.D5	Pseudomonas viridiflava					p6.D5		PRJEB24450	SAMEA104472996
GCA_900588415.1	p26.E5	Pseudomonas viridiflava					p26.E5		PRJEB24450	SAMEA104472580
GCF_900588415.1	p26.E5	Pseudomonas viridiflava					p26.E5		PRJEB24450	SAMEA104472580
GCA_900588255.1	p26.C5	Pseudomonas viridiflava					p26.C5		PRJEB24450	SAMEA104472563
GCF_900588255.1	p26.C5	Pseudomonas viridiflava					p26.C5		PRJEB24450	SAMEA104472563
GCA_900599625.1	p5.G7	Pseudomonas viridiflava					p5.G7		PRJEB24450	SAMEA104472948
GCF_900599625.1	p5.G7	Pseudomonas viridiflava					p5.G7		PRJEB24450	SAMEA104472948
GCA_900583825.1	p20.D11	Pseudomonas viridiflava					p20.D11		PRJEB24450	SAMEA104472115
GCF_900583825.1	p20.D11	Pseudomonas viridiflava					p20.D11		PRJEB24450	SAMEA104472115
GCA_900585255.1	p22.B4	Pseudomonas viridiflava					p22.B4		PRJEB24450	SAMEA104472264
GCF_900585255.1	p22.B4	Pseudomonas viridiflava					p22.B4		PRJEB24450	SAMEA104472264
GCA_900584735.1	p21.E12	Pseudomonas viridiflava					p21.E12		PRJEB24450	SAMEA104472212
GCF_900584735.1	p21.E12	Pseudomonas viridiflava					p21.E12		PRJEB24450	SAMEA104472212
GCA_900598905.1	p5.A2	Pseudomonas viridiflava					p5.A2		PRJEB24450	SAMEA104472878
GCF_900598905.1	p5.A2	Pseudomonas viridiflava					p5.A2		PRJEB24450	SAMEA104472878
GCA_900584555.1	p21.C11	Pseudomonas viridiflava					p21.C11		PRJEB24450	SAMEA104472190
GCF_900584555.1	p21.C11	Pseudomonas viridiflava					p21.C11		PRJEB24450	SAMEA104472190
GCA_900586045.1	p23.E7	Pseudomonas viridiflava					p23.E7		PRJEB24450	SAMEA104472345
GCF_900586045.1	p23.E7	Pseudomonas viridiflava					p23.E7		PRJEB24450	SAMEA104472345
GCA_900585075.1	p21.H10	Pseudomonas viridiflava					p21.H10		PRJEB24450	SAMEA104472243
GCF_900585075.1	p21.H10	Pseudomonas viridiflava					p21.H10		PRJEB24450	SAMEA104472243
GCA_900587385.1	p25.C10	Pseudomonas viridiflava					p25.C10		PRJEB24450	SAMEA104472475
GCF_900587385.1	p25.C10	Pseudomonas viridiflava					p25.C10		PRJEB24450	SAMEA104472475
GCA_900590375.1	p3.F5	Pseudomonas viridiflava					p3.F5		PRJEB24450	SAMEA104472779
GCF_900590375.1	p3.F5	Pseudomonas viridiflava					p3.F5		PRJEB24450	SAMEA104472779
GCA_900584705.1	p21.D8	Pseudomonas viridiflava					p21.D8		PRJEB24450	SAMEA104472208
GCF_900584705.1	p21.D8	Pseudomonas viridiflava					p21.D8		PRJEB24450	SAMEA104472208
GCA_900585805.1	p23.A8	Pseudomonas viridiflava					p23.A8		PRJEB24450	SAMEA104472312
GCF_900585805.1	p23.A8	Pseudomonas viridiflava					p23.A8		PRJEB24450	SAMEA104472312
GCA_900586275.1	p23.H6	Pseudomonas viridiflava					p23.H6		PRJEB24450	SAMEA104472364
GCF_900586275.1	p23.H6	Pseudomonas viridiflava					p23.H6		PRJEB24450	SAMEA104472364
GCA_900587345.1	p25.B7	Pseudomonas viridiflava					p25.B7		PRJEB24450	SAMEA104472472
GCF_900587345.1	p25.B7	Pseudomonas viridiflava					p25.B7		PRJEB24450	SAMEA104472472
GCA_900588865.1	p27.B6	Pseudomonas viridiflava					p27.B6		PRJEB24450	SAMEA104472623
GCF_900588865.1	p27.B6	Pseudomonas viridiflava					p27.B6		PRJEB24450	SAMEA104472623
GCA_900589615.1	p2.F5	Pseudomonas viridiflava					p2.F5		PRJEB24450	SAMEA104472699
GCF_900589615.1	p2.F5	Pseudomonas viridiflava					p2.F5		PRJEB24450	SAMEA104472699
GCA_900599105.1	p5.C10	Pseudomonas viridiflava					p5.C10		PRJEB24450	SAMEA104472897
GCF_900599105.1	p5.C10	Pseudomonas viridiflava					p5.C10		PRJEB24450	SAMEA104472897
GCA_900590895.1	p4.C7	Pseudomonas viridiflava					p4.C7		PRJEB24450	SAMEA104472827
GCF_900590895.1	p4.C7	Pseudomonas viridiflava					p4.C7		PRJEB24450	SAMEA104472827
GCA_900587815.1	p25.G1	Pseudomonas viridiflava					p25.G1		PRJEB24450	SAMEA104472522
GCF_900587815.1	p25.G1	Pseudomonas viridiflava					p25.G1		PRJEB24450	SAMEA104472522
GCA_900601375.1	p8.A11	Pseudomonas viridiflava					p8.A11		PRJEB24450	SAMEA104473126
GCF_900601375.1	p8.A11	Pseudomonas viridiflava					p8.A11		PRJEB24450	SAMEA104473126
GCA_001716855.1	ASM171685v1	Pseudomonas viridiflava		CDRTc14					PRJNA329466	SAMN05413107
GCF_001716855.1	ASM171685v1	Pseudomonas viridiflava		CDRTc14					PRJNA329466	SAMN05413107
GCA_900586075.1	p23.E2	Pseudomonas viridiflava					p23.E2		PRJEB24450	SAMEA104472342
GCF_900586075.1	p23.E2	Pseudomonas viridiflava					p23.E2		PRJEB24450	SAMEA104472342
GCA_900586145.1	p23.G2	Pseudomonas viridiflava					p23.G2		PRJEB24450	SAMEA104472354
GCF_900586145.1	p23.G2	Pseudomonas viridiflava					p23.G2		PRJEB24450	SAMEA104472354
GCA_900583015.1	p1.D5	Pseudomonas viridiflava					p1.D5		PRJEB24450	SAMEA104472040
GCF_900583015.1	p1.D5	Pseudomonas viridiflava					p1.D5		PRJEB24450	SAMEA104472040
GCA_900588525.1	p26.F5	Pseudomonas viridiflava					p26.F5		PRJEB24450	SAMEA104472590
GCF_900588525.1	p26.F5	Pseudomonas viridiflava					p26.F5		PRJEB24450	SAMEA104472590
GCA_900587235.1	p25.A4	Pseudomonas viridiflava					p25.A4		PRJEB24450	SAMEA104472459
GCF_900587235.1	p25.A4	Pseudomonas viridiflava					p25.A4		PRJEB24450	SAMEA104472459
GCA_900582445.1	p13.E7	Pseudomonas viridiflava					p13.E7		PRJEB24450	SAMEA104471965
GCF_900582445.1	p13.E7	Pseudomonas viridiflava					p13.E7		PRJEB24450	SAMEA104471965
GCA_900587835.1	p25.F8	Pseudomonas viridiflava					p25.F8		PRJEB24450	SAMEA104472517
GCF_900587835.1	p25.F8	Pseudomonas viridiflava					p25.F8		PRJEB24450	SAMEA104472517
GCA_900591035.1	p4.E4	Pseudomonas viridiflava					p4.E4		PRJEB24450	SAMEA104472841
GCF_900591035.1	p4.E4	Pseudomonas viridiflava					p4.E4		PRJEB24450	SAMEA104472841
GCA_900584215.1	p20.G9	Pseudomonas viridiflava					p20.G9		PRJEB24450	SAMEA104472155
GCF_900584215.1	p20.G9	Pseudomonas viridiflava					p20.G9		PRJEB24450	SAMEA104472155
GCA_900598935.1	p5.A11	Pseudomonas viridiflava					p5.A11		PRJEB24450	SAMEA104472875
GCF_900598935.1	p5.A11	Pseudomonas viridiflava					p5.A11		PRJEB24450	SAMEA104472875
GCA_900584595.1	p21.C9	Pseudomonas viridiflava					p21.C9		PRJEB24450	SAMEA104472199
GCF_900584595.1	p21.C9	Pseudomonas viridiflava					p21.C9		PRJEB24450	SAMEA104472199
GCA_900584825.1	p21.E9	Pseudomonas viridiflava					p21.E9		PRJEB24450	SAMEA104472220
GCF_900584825.1	p21.E9	Pseudomonas viridiflava					p21.E9		PRJEB24450	SAMEA104472220
GCA_900587875.1	p25.G5	Pseudomonas viridiflava					p25.G5		PRJEB24450	SAMEA104472526
GCF_900587875.1	p25.G5	Pseudomonas viridiflava					p25.G5		PRJEB24450	SAMEA104472526
GCA_900584635.1	p21.D11	Pseudomonas viridiflava					p21.D11		PRJEB24450	SAMEA104472201
GCF_900584635.1	p21.D11	Pseudomonas viridiflava					p21.D11		PRJEB24450	SAMEA104472201
GCA_900585855.1	p23.B9	Pseudomonas viridiflava					p23.B9		PRJEB24450	SAMEA104472322
GCF_900585855.1	p23.B9	Pseudomonas viridiflava					p23.B9		PRJEB24450	SAMEA104472322
GCA_900588785.1	p27.A6	Pseudomonas viridiflava					p27.A6		PRJEB24450	SAMEA104472617
GCF_900588785.1	p27.A6	Pseudomonas viridiflava					p27.A6		PRJEB24450	SAMEA104472617
GCA_900584075.1	p20.F4	Pseudomonas viridiflava					p20.F4		PRJEB24450	SAMEA104472141
GCF_900584075.1	p20.F4	Pseudomonas viridiflava					p20.F4		PRJEB24450	SAMEA104472141
GCA_900586495.1	p24.C10	Pseudomonas viridiflava					p24.C10		PRJEB24450	SAMEA104472387
GCF_900586495.1	p24.C10	Pseudomonas viridiflava					p24.C10		PRJEB24450	SAMEA104472387
GCA_900586925.1	p24.F9	Pseudomonas viridiflava					p24.F9		PRJEB24450	SAMEA104472430
GCF_900586925.1	p24.F9	Pseudomonas viridiflava					p24.F9		PRJEB24450	SAMEA104472430
GCA_900583245.1	p1.F5	Pseudomonas viridiflava					p1.F5		PRJEB24450	SAMEA104472058
GCF_900583245.1	p1.F5	Pseudomonas viridiflava					p1.F5		PRJEB24450	SAMEA104472058
GCA_900586035.1	p23.D2	Pseudomonas viridiflava					p23.D2		PRJEB24450	SAMEA104472333
GCF_900586035.1	p23.D2	Pseudomonas viridiflava					p23.D2		PRJEB24450	SAMEA104472333
GCA_900588025.1	p26.A10	Pseudomonas viridiflava					p26.A10		PRJEB24450	SAMEA104472541
GCF_900588025.1	p26.A10	Pseudomonas viridiflava					p26.A10		PRJEB24450	SAMEA104472541
GCA_900582805.1	p1.B7	Pseudomonas viridiflava					p1.B7		PRJEB24450	SAMEA104472018
GCF_900582805.1	p1.B7	Pseudomonas viridiflava					p1.B7		PRJEB24450	SAMEA104472018
GCA_900581015.1	p11.H1	Pseudomonas viridiflava					p11.H1		PRJEB24450	SAMEA104471837
GCF_900581015.1	p11.H1	Pseudomonas viridiflava					p11.H1		PRJEB24450	SAMEA104471837
GCA_900585345.1	p22.C3	Pseudomonas viridiflava					p22.C3		PRJEB24450	SAMEA104472270
GCF_900585345.1	p22.C3	Pseudomonas viridiflava					p22.C3		PRJEB24450	SAMEA104472270
GCA_900585215.1	p22.A2	Pseudomonas viridiflava					p22.A2		PRJEB24450	SAMEA104472255
GCF_900585215.1	p22.A2	Pseudomonas viridiflava					p22.A2		PRJEB24450	SAMEA104472255
GCA_900599705.1	p5.H6	Pseudomonas viridiflava					p5.H6		PRJEB24450	SAMEA104472956
GCF_900599705.1	p5.H6	Pseudomonas viridiflava					p5.H6		PRJEB24450	SAMEA104472956
GCA_900589995.1	p3.B6	Pseudomonas viridiflava					p3.B6		PRJEB24450	SAMEA104472740
GCF_900589995.1	p3.B6	Pseudomonas viridiflava					p3.B6		PRJEB24450	SAMEA104472740
GCA_900589265.1	p2.C2	Pseudomonas viridiflava					p2.C2		PRJEB24450	SAMEA104472665
GCF_900589265.1	p2.C2	Pseudomonas viridiflava					p2.C2		PRJEB24450	SAMEA104472665
GCA_900589945.1	p3.A4	Pseudomonas viridiflava					p3.A4		PRJEB24450	SAMEA104472727
GCF_900589945.1	p3.A4	Pseudomonas viridiflava					p3.A4		PRJEB24450	SAMEA104472727
GCA_900585975.1	p23.D9	Pseudomonas viridiflava					p23.D9		PRJEB24450	SAMEA104472340
GCF_900585975.1	p23.D9	Pseudomonas viridiflava					p23.D9		PRJEB24450	SAMEA104472340
GCA_900601785.1	p8.E5	Pseudomonas viridiflava					p8.E5		PRJEB24450	SAMEA104473166
GCF_900601785.1	p8.E5	Pseudomonas viridiflava					p8.E5		PRJEB24450	SAMEA104473166
GCA_900588855.1	p27.B4	Pseudomonas viridiflava					p27.B4		PRJEB24450	SAMEA104472622
GCF_900588855.1	p27.B4	Pseudomonas viridiflava					p27.B4		PRJEB24450	SAMEA104472622
GCA_900591085.1	p4.F10	Pseudomonas viridiflava					p4.F10		PRJEB24450	SAMEA104472846
GCF_900591085.1	p4.F10	Pseudomonas viridiflava					p4.F10		PRJEB24450	SAMEA104472846
GCA_900583935.1	p20.E9	Pseudomonas viridiflava					p20.E9		PRJEB24450	SAMEA104472134
GCF_900583935.1	p20.E9	Pseudomonas viridiflava					p20.E9		PRJEB24450	SAMEA104472134
GCA_900580835.1	p11.F2	Pseudomonas viridiflava					p11.F2		PRJEB24450	SAMEA104471818
GCF_900580835.1	p11.F2	Pseudomonas viridiflava					p11.F2		PRJEB24450	SAMEA104471818
GCA_900591175.1	p4.F2	Pseudomonas viridiflava					p4.F2		PRJEB24450	SAMEA104472850
GCF_900591175.1	p4.F2	Pseudomonas viridiflava					p4.F2		PRJEB24450	SAMEA104472850
GCA_900586995.1	p24.G4	Pseudomonas viridiflava					p24.G4		PRJEB24450	SAMEA104472437
GCF_900586995.1	p24.G4	Pseudomonas viridiflava					p24.G4		PRJEB24450	SAMEA104472437
GCA_900587945.1	p25.H2	Pseudomonas viridiflava					p25.H2		PRJEB24450	SAMEA104472534
GCF_900587945.1	p25.H2	Pseudomonas viridiflava					p25.H2		PRJEB24450	SAMEA104472534
GCA_036349485.1	ASM3634948v1	Pseudomonas viridiflava		Pv91_302					PRJNA1070346	SAMN39642349
GCF_036349485.1	ASM3634948v1	Pseudomonas viridiflava		Pv91_302					PRJNA1070346	SAMN39642349
GCA_900601995.1	p8.G5	Pseudomonas viridiflava					p8.G5		PRJEB24450	SAMEA104473185
GCF_900601995.1	p8.G5	Pseudomonas viridiflava					p8.G5		PRJEB24450	SAMEA104473185
GCA_900589745.1	p2.H1	Pseudomonas viridiflava					p2.H1		PRJEB24450	SAMEA104472713
GCF_900589745.1	p2.H1	Pseudomonas viridiflava					p2.H1		PRJEB24450	SAMEA104472713
GCA_900600385.1	p6.G1	Pseudomonas viridiflava					p6.G1		PRJEB24450	SAMEA104473022
GCF_900600385.1	p6.G1	Pseudomonas viridiflava					p6.G1		PRJEB24450	SAMEA104473022
GCA_900602125.1	p8.H6	Pseudomonas viridiflava					p8.H6		PRJEB24450	SAMEA104473195
GCF_900602125.1	p8.H6	Pseudomonas viridiflava					p8.H6		PRJEB24450	SAMEA104473195
GCA_900583735.1	p20.C5	Pseudomonas viridiflava					p20.C5		PRJEB24450	SAMEA104472111
GCF_900583735.1	p20.C5	Pseudomonas viridiflava					p20.C5		PRJEB24450	SAMEA104472111
GCA_900586055.1	p23.E1	Pseudomonas viridiflava					p23.E1		PRJEB24450	SAMEA104472341
GCF_900586055.1	p23.E1	Pseudomonas viridiflava					p23.E1		PRJEB24450	SAMEA104472341
GCA_900600655.1	p7.B10	Pseudomonas viridiflava					p7.B10		PRJEB24450	SAMEA104473051
GCF_900600655.1	p7.B10	Pseudomonas viridiflava					p7.B10		PRJEB24450	SAMEA104473051
GCA_900599515.1	p5.F6	Pseudomonas viridiflava					p5.F6		PRJEB24450	SAMEA104472936
GCF_900599515.1	p5.F6	Pseudomonas viridiflava					p5.F6		PRJEB24450	SAMEA104472936
GCA_900598915.1	p4.H8	Pseudomonas viridiflava					p4.H8		PRJEB24450	SAMEA104472872
GCF_900598915.1	p4.H8	Pseudomonas viridiflava					p4.H8		PRJEB24450	SAMEA104472872
GCA_900602105.1	p8.H7	Pseudomonas viridiflava					p8.H7		PRJEB24450	SAMEA104473196
GCF_900602105.1	p8.H7	Pseudomonas viridiflava					p8.H7		PRJEB24450	SAMEA104473196
GCA_900582845.1	p1.B6	Pseudomonas viridiflava					p1.B6		PRJEB24450	SAMEA104472017
GCF_900582845.1	p1.B6	Pseudomonas viridiflava					p1.B6		PRJEB24450	SAMEA104472017
GCA_900589515.1	p2.E9	Pseudomonas viridiflava					p2.E9		PRJEB24450	SAMEA104472691
GCF_900589515.1	p2.E9	Pseudomonas viridiflava					p2.E9		PRJEB24450	SAMEA104472691
GCA_900589025.1	p2.A7	Pseudomonas viridiflava					p2.A7		PRJEB24450	SAMEA104472649
GCF_900589025.1	p2.A7	Pseudomonas viridiflava					p2.A7		PRJEB24450	SAMEA104472649
GCA_900584645.1	p21.D10	Pseudomonas viridiflava					p21.D10		PRJEB24450	SAMEA104472200
GCF_900584645.1	p21.D10	Pseudomonas viridiflava					p21.D10		PRJEB24450	SAMEA104472200
GCA_900587595.1	p25.E10	Pseudomonas viridiflava					p25.E10		PRJEB24450	SAMEA104472497
GCF_900587595.1	p25.E10	Pseudomonas viridiflava					p25.E10		PRJEB24450	SAMEA104472497
GCA_900601245.1	p7.G2	Pseudomonas viridiflava					p7.G2		PRJEB24450	SAMEA104473106
GCF_900601245.1	p7.G2	Pseudomonas viridiflava					p7.G2		PRJEB24450	SAMEA104473106
GCA_900583985.1	p20.F10	Pseudomonas viridiflava					p20.F10		PRJEB24450	SAMEA104472135
GCF_900583985.1	p20.F10	Pseudomonas viridiflava					p20.F10		PRJEB24450	SAMEA104472135
GCA_900591215.1	p4.G1	Pseudomonas viridiflava					p4.G1		PRJEB24450	SAMEA104472857
GCF_900591215.1	p4.G1	Pseudomonas viridiflava					p4.G1		PRJEB24450	SAMEA104472857
GCA_900598895.1	p4.H9	Pseudomonas viridiflava					p4.H9		PRJEB24450	SAMEA104472873
GCF_900598895.1	p4.H9	Pseudomonas viridiflava					p4.H9		PRJEB24450	SAMEA104472873
GCA_900583355.1	p1.G6	Pseudomonas viridiflava					p1.G6		PRJEB24450	SAMEA104472069
GCF_900583355.1	p1.G6	Pseudomonas viridiflava					p1.G6		PRJEB24450	SAMEA104472069
GCA_900587735.1	p25.F2	Pseudomonas viridiflava					p25.F2		PRJEB24450	SAMEA104472512
GCF_900587735.1	p25.F2	Pseudomonas viridiflava					p25.F2		PRJEB24450	SAMEA104472512
GCA_900590545.1	p3.H2	Pseudomonas viridiflava					p3.H2		PRJEB24450	SAMEA104472795
GCF_900590545.1	p3.H2	Pseudomonas viridiflava					p3.H2		PRJEB24450	SAMEA104472795
GCA_900583325.1	p1.G2	Pseudomonas viridiflava					p1.G2		PRJEB24450	SAMEA104472065
GCF_900583325.1	p1.G2	Pseudomonas viridiflava					p1.G2		PRJEB24450	SAMEA104472065
GCA_900589785.1	p2.H6	Pseudomonas viridiflava					p2.H6		PRJEB24450	SAMEA104472717
GCF_900589785.1	p2.H6	Pseudomonas viridiflava					p2.H6		PRJEB24450	SAMEA104472717
GCA_900586195.1	p23.F2	Pseudomonas viridiflava					p23.F2		PRJEB24450	SAMEA104472348
GCF_900586195.1	p23.F2	Pseudomonas viridiflava					p23.F2		PRJEB24450	SAMEA104472348
GCA_900588555.1	p26.F8	Pseudomonas viridiflava					p26.F8		PRJEB24450	SAMEA104472593
GCF_900588555.1	p26.F8	Pseudomonas viridiflava					p26.F8		PRJEB24450	SAMEA104472593
GCA_900587845.1	p25.G10	Pseudomonas viridiflava					p25.G10		PRJEB24450	SAMEA104472519
GCF_900587845.1	p25.G10	Pseudomonas viridiflava					p25.G10		PRJEB24450	SAMEA104472519
GCA_900587435.1	p25.C4	Pseudomonas viridiflava					p25.C4		PRJEB24450	SAMEA104472481
GCF_900587435.1	p25.C4	Pseudomonas viridiflava					p25.C4		PRJEB24450	SAMEA104472481
GCA_900601755.1	p8.D2	Pseudomonas viridiflava					p8.D2		PRJEB24450	SAMEA104473153
GCF_900601755.1	p8.D2	Pseudomonas viridiflava					p8.D2		PRJEB24450	SAMEA104473153
GCA_900587895.1	p25.G8	Pseudomonas viridiflava					p25.G8		PRJEB24450	SAMEA104472528
GCF_900587895.1	p25.G8	Pseudomonas viridiflava					p25.G8		PRJEB24450	SAMEA104472528
GCA_900585925.1	p23.C3	Pseudomonas viridiflava					p23.C3		PRJEB24450	SAMEA104472325
GCF_900585925.1	p23.C3	Pseudomonas viridiflava					p23.C3		PRJEB24450	SAMEA104472325
GCA_900581665.1	p12.G7	Pseudomonas viridiflava					p12.G7		PRJEB24450	SAMEA104471906
GCF_900581665.1	p12.G7	Pseudomonas viridiflava					p12.G7		PRJEB24450	SAMEA104471906
GCA_900587455.1	p25.C5	Pseudomonas viridiflava					p25.C5		PRJEB24450	SAMEA104472482
GCF_900587455.1	p25.C5	Pseudomonas viridiflava					p25.C5		PRJEB24450	SAMEA104472482
GCA_900602575.1	p9.D7	Pseudomonas viridiflava					p9.D7		PRJEB24450	SAMEA104473242
GCF_900602575.1	p9.D7	Pseudomonas viridiflava					p9.D7		PRJEB24450	SAMEA104473242
GCA_900599485.1	p5.F5	Pseudomonas viridiflava					p5.F5		PRJEB24450	SAMEA104472935
GCF_900599485.1	p5.F5	Pseudomonas viridiflava					p5.F5		PRJEB24450	SAMEA104472935
GCA_900586185.1	p23.F1	Pseudomonas viridiflava					p23.F1		PRJEB24450	SAMEA104472347
GCF_900586185.1	p23.F1	Pseudomonas viridiflava					p23.F1		PRJEB24450	SAMEA104472347
GCA_900583145.1	p1.E5	Pseudomonas viridiflava					p1.E5		PRJEB24450	SAMEA104472048
GCF_900583145.1	p1.E5	Pseudomonas viridiflava					p1.E5		PRJEB24450	SAMEA104472048
GCA_900581735.1	p12.H4	Pseudomonas viridiflava					p12.H4		PRJEB24450	SAMEA104471912
GCF_900581735.1	p12.H4	Pseudomonas viridiflava					p12.H4		PRJEB24450	SAMEA104471912
GCA_900587155.1	p25.A10	Pseudomonas viridiflava					p25.A10		PRJEB24450	SAMEA104472453
GCF_900587155.1	p25.A10	Pseudomonas viridiflava					p25.A10		PRJEB24450	SAMEA104472453
GCA_900590775.1	p4.B2	Pseudomonas viridiflava					p4.B2		PRJEB24450	SAMEA104472813
GCF_900590775.1	p4.B2	Pseudomonas viridiflava					p4.B2		PRJEB24450	SAMEA104472813
GCA_900583085.1	p1.D9	Pseudomonas viridiflava					p1.D9		PRJEB24450	SAMEA104472044
GCF_900583085.1	p1.D9	Pseudomonas viridiflava					p1.D9		PRJEB24450	SAMEA104472044
GCA_900600865.1	p7.C6	Pseudomonas viridiflava					p7.C6		PRJEB24450	SAMEA104473067
GCF_900600865.1	p7.C6	Pseudomonas viridiflava					p7.C6		PRJEB24450	SAMEA104473067
GCA_900599655.1	p5.H2	Pseudomonas viridiflava					p5.H2		PRJEB24450	SAMEA104472953
GCF_900599655.1	p5.H2	Pseudomonas viridiflava					p5.H2		PRJEB24450	SAMEA104472953
GCA_900601215.1	p7.G3	Pseudomonas viridiflava					p7.G3		PRJEB24450	SAMEA104473107
GCF_900601215.1	p7.G3	Pseudomonas viridiflava					p7.G3		PRJEB24450	SAMEA104473107
GCA_900602815.1	p9.G2	Pseudomonas viridiflava					p9.G2		PRJEB24450	SAMEA104473270
GCF_900602815.1	p9.G2	Pseudomonas viridiflava					p9.G2		PRJEB24450	SAMEA104473270
GCA_900601085.1	p7.F5	Pseudomonas viridiflava					p7.F5		PRJEB24450	SAMEA104473100
GCF_900601085.1	p7.F5	Pseudomonas viridiflava					p7.F5		PRJEB24450	SAMEA104473100
GCA_900602095.1	p9.A10	Pseudomonas viridiflava					p9.A10		PRJEB24450	SAMEA104473199
GCF_900602095.1	p9.A10	Pseudomonas viridiflava					p9.A10		PRJEB24450	SAMEA104473199
GCA_900581385.1	p12.D2	Pseudomonas viridiflava					p12.D2		PRJEB24450	SAMEA104471876
GCF_900581385.1	p12.D2	Pseudomonas viridiflava					p12.D2		PRJEB24450	SAMEA104471876
GCA_900588165.1	p26.B5	Pseudomonas viridiflava					p26.B5		PRJEB24450	SAMEA104472554
GCF_900588165.1	p26.B5	Pseudomonas viridiflava					p26.B5		PRJEB24450	SAMEA104472554
GCA_900587255.1	p25.A3	Pseudomonas viridiflava					p25.A3		PRJEB24450	SAMEA104472458
GCF_900587255.1	p25.A3	Pseudomonas viridiflava					p25.A3		PRJEB24450	SAMEA104472458
GCA_900580975.1	p11.H5	Pseudomonas viridiflava					p11.H5		PRJEB24450	SAMEA104471840
GCF_900580975.1	p11.H5	Pseudomonas viridiflava					p11.H5		PRJEB24450	SAMEA104471840
GCA_900601685.1	p8.D5	Pseudomonas viridiflava					p8.D5		PRJEB24450	SAMEA104473156
GCF_900601685.1	p8.D5	Pseudomonas viridiflava					p8.D5		PRJEB24450	SAMEA104473156
GCA_900582995.1	p1.D4	Pseudomonas viridiflava					p1.D4		PRJEB24450	SAMEA104472039
GCF_900582995.1	p1.D4	Pseudomonas viridiflava					p1.D4		PRJEB24450	SAMEA104472039
GCA_900586605.1	p24.D11	Pseudomonas viridiflava					p24.D11		PRJEB24450	SAMEA104472399
GCF_900586605.1	p24.D11	Pseudomonas viridiflava					p24.D11		PRJEB24450	SAMEA104472399
GCA_900599285.1	p5.C9	Pseudomonas viridiflava					p5.C9		PRJEB24450	SAMEA104472906
GCF_900599285.1	p5.C9	Pseudomonas viridiflava					p5.C9		PRJEB24450	SAMEA104472906
GCA_900581505.1	p12.E5	Pseudomonas viridiflava					p12.E5		PRJEB24450	SAMEA104471887
GCF_900581505.1	p12.E5	Pseudomonas viridiflava					p12.E5		PRJEB24450	SAMEA104471887
GCA_900602005.1	p8.H2	Pseudomonas viridiflava					p8.H2		PRJEB24450	SAMEA104473191
GCF_900602005.1	p8.H2	Pseudomonas viridiflava					p8.H2		PRJEB24450	SAMEA104473191
GCA_900588145.1	p26.B2	Pseudomonas viridiflava					p26.B2		PRJEB24450	SAMEA104472551
GCF_900588145.1	p26.B2	Pseudomonas viridiflava					p26.B2		PRJEB24450	SAMEA104472551
GCA_900581725.1	p12.H2	Pseudomonas viridiflava					p12.H2		PRJEB24450	SAMEA104471910
GCF_900581725.1	p12.H2	Pseudomonas viridiflava					p12.H2		PRJEB24450	SAMEA104471910
GCA_900590515.1	p3.G6	Pseudomonas viridiflava					p3.G6		PRJEB24450	SAMEA104472790
GCF_900590515.1	p3.G6	Pseudomonas viridiflava					p3.G6		PRJEB24450	SAMEA104472790
GCA_900601095.1	p7.F9	Pseudomonas viridiflava					p7.F9		PRJEB24450	SAMEA104473103
GCF_900601095.1	p7.F9	Pseudomonas viridiflava					p7.F9		PRJEB24450	SAMEA104473103
GCA_900584445.1	p21.B1	Pseudomonas viridiflava					p21.B1		PRJEB24450	SAMEA104472181
GCF_900584445.1	p21.B1	Pseudomonas viridiflava					p21.B1		PRJEB24450	SAMEA104472181
GCA_900581455.1	p12.E2	Pseudomonas viridiflava					p12.E2		PRJEB24450	SAMEA104471884
GCF_900581455.1	p12.E2	Pseudomonas viridiflava					p12.E2		PRJEB24450	SAMEA104471884
GCA_900587505.1	p25.D12	Pseudomonas viridiflava					p25.D12		PRJEB24450	SAMEA104472488
GCF_900587505.1	p25.D12	Pseudomonas viridiflava					p25.D12		PRJEB24450	SAMEA104472488
GCA_900587755.1	p25.F3	Pseudomonas viridiflava					p25.F3		PRJEB24450	SAMEA104472513
GCF_900587755.1	p25.F3	Pseudomonas viridiflava					p25.F3		PRJEB24450	SAMEA104472513
GCA_900600195.1	p6.D7	Pseudomonas viridiflava					p6.D7		PRJEB24450	SAMEA104472998
GCF_900600195.1	p6.D7	Pseudomonas viridiflava					p6.D7		PRJEB24450	SAMEA104472998
GCA_900602875.1	p9.G6	Pseudomonas viridiflava					p9.G6		PRJEB24450	SAMEA104473274
GCF_900602875.1	p9.G6	Pseudomonas viridiflava					p9.G6		PRJEB24450	SAMEA104473274
GCA_900590145.1	p3.C2	Pseudomonas viridiflava					p3.C2		PRJEB24450	SAMEA104472748
GCF_900590145.1	p3.C2	Pseudomonas viridiflava					p3.C2		PRJEB24450	SAMEA104472748
GCA_900590605.1	p3.H9	Pseudomonas viridiflava					p3.H9		PRJEB24450	SAMEA104472800
GCF_900590605.1	p3.H9	Pseudomonas viridiflava					p3.H9		PRJEB24450	SAMEA104472800
GCA_900582255.1	p13.E6	Pseudomonas viridiflava					p13.E6		PRJEB24450	SAMEA104471964
GCF_900582255.1	p13.E6	Pseudomonas viridiflava					p13.E6		PRJEB24450	SAMEA104471964
GCA_900582405.1	p13.F7	Pseudomonas viridiflava					p13.F7		PRJEB24450	SAMEA104471977
GCF_900582405.1	p13.F7	Pseudomonas viridiflava					p13.F7		PRJEB24450	SAMEA104471977
GCA_900601925.1	p8.F1	Pseudomonas viridiflava					p8.F1		PRJEB24450	SAMEA104473174
GCF_900601925.1	p8.F1	Pseudomonas viridiflava					p8.F1		PRJEB24450	SAMEA104473174
GCA_900585745.1	p23.A6	Pseudomonas viridiflava					p23.A6		PRJEB24450	SAMEA104472310
GCF_900585745.1	p23.A6	Pseudomonas viridiflava					p23.A6		PRJEB24450	SAMEA104472310
GCA_900581755.1	p12.H1	Pseudomonas viridiflava					p12.H1		PRJEB24450	SAMEA104471909
GCF_900581755.1	p12.H1	Pseudomonas viridiflava					p12.H1		PRJEB24450	SAMEA104471909
GCA_900586945.1	p24.G11	Pseudomonas viridiflava					p24.G11		PRJEB24450	SAMEA104472432
GCF_900586945.1	p24.G11	Pseudomonas viridiflava					p24.G11		PRJEB24450	SAMEA104472432
GCA_900587805.1	p25.F7	Pseudomonas viridiflava					p25.F7		PRJEB24450	SAMEA104472516
GCF_900587805.1	p25.F7	Pseudomonas viridiflava					p25.F7		PRJEB24450	SAMEA104472516
GCA_900587375.1	p25.B9	Pseudomonas viridiflava					p25.B9		PRJEB24450	SAMEA104472474
GCF_900587375.1	p25.B9	Pseudomonas viridiflava					p25.B9		PRJEB24450	SAMEA104472474
GCA_900586125.1	p23.F6	Pseudomonas viridiflava					p23.F6		PRJEB24450	SAMEA104472351
GCF_900586125.1	p23.F6	Pseudomonas viridiflava					p23.F6		PRJEB24450	SAMEA104472351
GCA_900580605.1	p11.C4	Pseudomonas viridiflava					p11.C4		PRJEB24450	SAMEA104471792
GCF_900580605.1	p11.C4	Pseudomonas viridiflava					p11.C4		PRJEB24450	SAMEA104471792
GCA_900589165.1	p2.B2	Pseudomonas viridiflava					p2.B2		PRJEB24450	SAMEA104472654
GCF_900589165.1	p2.B2	Pseudomonas viridiflava					p2.B2		PRJEB24450	SAMEA104472654
GCA_900600035.1	p6.D11	Pseudomonas viridiflava					p6.D11		PRJEB24450	SAMEA104472991
GCF_900600035.1	p6.D11	Pseudomonas viridiflava					p6.D11		PRJEB24450	SAMEA104472991
GCA_900584355.1	p21.A12	Pseudomonas viridiflava					p21.A12		PRJEB24450	SAMEA104472169
GCF_900584355.1	p21.A12	Pseudomonas viridiflava					p21.A12		PRJEB24450	SAMEA104472169
GCA_900583365.1	p1.H3	Pseudomonas viridiflava					p1.H3		PRJEB24450	SAMEA104472077
GCF_900583365.1	p1.H3	Pseudomonas viridiflava					p1.H3		PRJEB24450	SAMEA104472077
GCA_900588625.1	p26.G5	Pseudomonas viridiflava					p26.G5		PRJEB24450	SAMEA104472600
GCF_900588625.1	p26.G5	Pseudomonas viridiflava					p26.G5		PRJEB24450	SAMEA104472600
GCA_900602775.1	p9.G3	Pseudomonas viridiflava					p9.G3		PRJEB24450	SAMEA104473271
GCF_900602775.1	p9.G3	Pseudomonas viridiflava					p9.G3		PRJEB24450	SAMEA104473271
GCA_900585945.1	p23.C2	Pseudomonas viridiflava					p23.C2		PRJEB24450	SAMEA104472324
GCF_900585945.1	p23.C2	Pseudomonas viridiflava					p23.C2		PRJEB24450	SAMEA104472324
GCA_900585475.1	p22.E2	Pseudomonas viridiflava					p22.E2		PRJEB24450	SAMEA104472283
GCF_900585475.1	p22.E2	Pseudomonas viridiflava					p22.E2		PRJEB24450	SAMEA104472283
GCA_900584235.1	p20.H2	Pseudomonas viridiflava					p20.H2		PRJEB24450	SAMEA104472160
GCF_900584235.1	p20.H2	Pseudomonas viridiflava					p20.H2		PRJEB24450	SAMEA104472160
GCA_900586525.1	p24.C2	Pseudomonas viridiflava					p24.C2		PRJEB24450	SAMEA104472391
GCF_900586525.1	p24.C2	Pseudomonas viridiflava					p24.C2		PRJEB24450	SAMEA104472391
GCA_900576635.1	p11.A12	Pseudomonas viridiflava					p11.A12		PRJEB24450	SAMEA104471765
GCF_900576635.1	p11.A12	Pseudomonas viridiflava					p11.A12		PRJEB24450	SAMEA104471765
GCA_900590125.1	p3.C9	Pseudomonas viridiflava					p3.C9		PRJEB24450	SAMEA104472754
GCF_900590125.1	p3.C9	Pseudomonas viridiflava					p3.C9		PRJEB24450	SAMEA104472754
GCA_900602565.1	p9.E5	Pseudomonas viridiflava					p9.E5		PRJEB24450	SAMEA104473251
GCF_900602565.1	p9.E5	Pseudomonas viridiflava					p9.E5		PRJEB24450	SAMEA104473251
GCA_900600355.1	p6.G2	Pseudomonas viridiflava					p6.G2		PRJEB24450	SAMEA104473023
GCF_900600355.1	p6.G2	Pseudomonas viridiflava					p6.G2		PRJEB24450	SAMEA104473023
GCA_900589825.1	p2.H8	Pseudomonas viridiflava					p2.H8		PRJEB24450	SAMEA104472719
GCF_900589825.1	p2.H8	Pseudomonas viridiflava					p2.H8		PRJEB24450	SAMEA104472719
GCA_900587165.1	p25.A11	Pseudomonas viridiflava					p25.A11		PRJEB24450	SAMEA104472454
GCF_900587165.1	p25.A11	Pseudomonas viridiflava					p25.A11		PRJEB24450	SAMEA104472454
GCA_900601985.1	p8.G4	Pseudomonas viridiflava					p8.G4		PRJEB24450	SAMEA104473184
GCF_900601985.1	p8.G4	Pseudomonas viridiflava					p8.G4		PRJEB24450	SAMEA104473184
GCA_900583435.1	p1.H9	Pseudomonas viridiflava					p1.H9		PRJEB24450	SAMEA104472083
GCF_900583435.1	p1.H9	Pseudomonas viridiflava					p1.H9		PRJEB24450	SAMEA104472083
GCA_900582565.1	p13.H11	Pseudomonas viridiflava					p13.H11		PRJEB24450	SAMEA104471990
GCF_900582565.1	p13.H11	Pseudomonas viridiflava					p13.H11		PRJEB24450	SAMEA104471990
GCA_900602015.1	p8.H1	Pseudomonas viridiflava					p8.H1		PRJEB24450	SAMEA104473190
GCF_900602015.1	p8.H1	Pseudomonas viridiflava					p8.H1		PRJEB24450	SAMEA104473190
GCA_900582815.1	p1.B5	Pseudomonas viridiflava					p1.B5		PRJEB24450	SAMEA104472016
GCF_900582815.1	p1.B5	Pseudomonas viridiflava					p1.B5		PRJEB24450	SAMEA104472016
GCA_900581145.1	p12.A5	Pseudomonas viridiflava					p12.A5		PRJEB24450	SAMEA104471849
GCF_900581145.1	p12.A5	Pseudomonas viridiflava					p12.A5		PRJEB24450	SAMEA104471849
GCA_900584155.1	p20.G4	Pseudomonas viridiflava					p20.G4		PRJEB24450	SAMEA104472151
GCF_900584155.1	p20.G4	Pseudomonas viridiflava					p20.G4		PRJEB24450	SAMEA104472151
GCA_900599525.1	p5.G1	Pseudomonas viridiflava					p5.G1		PRJEB24450	SAMEA104472942
GCF_900599525.1	p5.G1	Pseudomonas viridiflava					p5.G1		PRJEB24450	SAMEA104472942
GCA_900586425.1	p24.B9	Pseudomonas viridiflava					p24.B9		PRJEB24450	SAMEA104472386
GCF_900586425.1	p24.B9	Pseudomonas viridiflava					p24.B9		PRJEB24450	SAMEA104472386
GCA_900585555.1	p22.G2	Pseudomonas viridiflava					p22.G2		PRJEB24450	SAMEA104472295
GCF_900585555.1	p22.G2	Pseudomonas viridiflava					p22.G2		PRJEB24450	SAMEA104472295
GCA_900588185.1	p26.C2	Pseudomonas viridiflava					p26.C2		PRJEB24450	SAMEA104472560
GCF_900588185.1	p26.C2	Pseudomonas viridiflava					p26.C2		PRJEB24450	SAMEA104472560
GCA_900585285.1	p22.B2	Pseudomonas viridiflava					p22.B2		PRJEB24450	SAMEA104472262
GCF_900585285.1	p22.B2	Pseudomonas viridiflava					p22.B2		PRJEB24450	SAMEA104472262
GCA_900581585.1	p12.F1	Pseudomonas viridiflava					p12.F1		PRJEB24450	SAMEA104471895
GCF_900581585.1	p12.F1	Pseudomonas viridiflava					p12.F1		PRJEB24450	SAMEA104471895
GCA_900587535.1	p25.D5	Pseudomonas viridiflava					p25.D5		PRJEB24450	SAMEA104472493
GCF_900587535.1	p25.D5	Pseudomonas viridiflava					p25.D5		PRJEB24450	SAMEA104472493
GCA_900583515.1	p20.A2	Pseudomonas viridiflava					p20.A2		PRJEB24450	SAMEA104472088
GCF_900583515.1	p20.A2	Pseudomonas viridiflava					p20.A2		PRJEB24450	SAMEA104472088
GCA_900585525.1	p22.E4	Pseudomonas viridiflava					p22.E4		PRJEB24450	SAMEA104472285
GCF_900585525.1	p22.E4	Pseudomonas viridiflava					p22.E4		PRJEB24450	SAMEA104472285
GCA_900588795.1	p27.A2	Pseudomonas viridiflava					p27.A2		PRJEB24450	SAMEA104472615
GCF_900588795.1	p27.A2	Pseudomonas viridiflava					p27.A2		PRJEB24450	SAMEA104472615
GCA_900599695.1	p5.H4	Pseudomonas viridiflava					p5.H4		PRJEB24450	SAMEA104472954
GCF_900599695.1	p5.H4	Pseudomonas viridiflava					p5.H4		PRJEB24450	SAMEA104472954
GCA_900588955.1	p27.F3	Pseudomonas viridiflava					p27.F3		PRJEB24450	SAMEA104472634
GCF_900588955.1	p27.F3	Pseudomonas viridiflava					p27.F3		PRJEB24450	SAMEA104472634
GCA_900589015.1	p27.F6	Pseudomonas viridiflava					p27.F6		PRJEB24450	SAMEA104472637
GCF_900589015.1	p27.F6	Pseudomonas viridiflava					p27.F6		PRJEB24450	SAMEA104472637
GCA_900590625.1	p4.A11	Pseudomonas viridiflava					p4.A11		PRJEB24450	SAMEA104472802
GCF_900590625.1	p4.A11	Pseudomonas viridiflava					p4.A11		PRJEB24450	SAMEA104472802
GCA_900583815.1	p20.D2	Pseudomonas viridiflava					p20.D2		PRJEB24450	SAMEA104472118
GCF_900583815.1	p20.D2	Pseudomonas viridiflava					p20.D2		PRJEB24450	SAMEA104472118
GCA_900587105.1	p24.H2	Pseudomonas viridiflava					p24.H2		PRJEB24450	SAMEA104472445
GCF_900587105.1	p24.H2	Pseudomonas viridiflava					p24.H2		PRJEB24450	SAMEA104472445
GCA_900600845.1	p7.C7	Pseudomonas viridiflava					p7.C7		PRJEB24450	SAMEA104473068
GCF_900600845.1	p7.C7	Pseudomonas viridiflava					p7.C7		PRJEB24450	SAMEA104473068
GCA_900588375.1	p26.E2	Pseudomonas viridiflava					p26.E2		PRJEB24450	SAMEA104472577
GCF_900588375.1	p26.E2	Pseudomonas viridiflava					p26.E2		PRJEB24450	SAMEA104472577
GCA_900587565.1	p25.D9	Pseudomonas viridiflava					p25.D9		PRJEB24450	SAMEA104472496
GCF_900587565.1	p25.D9	Pseudomonas viridiflava					p25.D9		PRJEB24450	SAMEA104472496
GCA_900587675.1	p25.E1	Pseudomonas viridiflava					p25.E1		PRJEB24450	SAMEA104472500
GCF_900587675.1	p25.E1	Pseudomonas viridiflava					p25.E1		PRJEB24450	SAMEA104472500
GCA_900586175.1	p23.F9	Pseudomonas viridiflava					p23.F9		PRJEB24450	SAMEA104472352
GCF_900586175.1	p23.F9	Pseudomonas viridiflava					p23.F9		PRJEB24450	SAMEA104472352
GCA_900584775.1	p21.E2	Pseudomonas viridiflava					p21.E2		PRJEB24450	SAMEA104472214
GCF_900584775.1	p21.E2	Pseudomonas viridiflava					p21.E2		PRJEB24450	SAMEA104472214
GCA_014839005.1	ASM1483900v1	Pseudomonas viridiflava		CFBP8799					PRJNA665156	SAMN16237943
GCF_014839005.1	ASM1483900v1	Pseudomonas viridiflava		CFBP8799					PRJNA665156	SAMN16237943
GCA_900587275.1	p25.B11	Pseudomonas viridiflava					p25.B11		PRJEB24450	SAMEA104472465
GCF_900587275.1	p25.B11	Pseudomonas viridiflava					p25.B11		PRJEB24450	SAMEA104472465
GCA_900584065.1	p20.F9	Pseudomonas viridiflava					p20.F9		PRJEB24450	SAMEA104472144
GCF_900584065.1	p20.F9	Pseudomonas viridiflava					p20.F9		PRJEB24450	SAMEA104472144
GCA_003702045.1	ASM370204v1	Pseudomonas viridiflava		ICMP 19473					PRJNA292453	SAMN03976365
GCF_003702045.1	ASM370204v1	Pseudomonas viridiflava		ICMP 19473					PRJNA292453	SAMN03976365
GCA_900585835.1	p23.B5	Pseudomonas viridiflava					p23.B5		PRJEB24450	SAMEA104472318
GCF_900585835.1	p23.B5	Pseudomonas viridiflava					p23.B5		PRJEB24450	SAMEA104472318
GCA_900582075.1	p13.C7	Pseudomonas viridiflava					p13.C7		PRJEB24450	SAMEA104471943
GCF_900582075.1	p13.C7	Pseudomonas viridiflava					p13.C7		PRJEB24450	SAMEA104471943
GCA_900601115.1	p7.F10	Pseudomonas viridiflava					p7.F10		PRJEB24450	SAMEA104473094
GCF_900601115.1	p7.F10	Pseudomonas viridiflava					p7.F10		PRJEB24450	SAMEA104473094
GCA_900583725.1	p20.D10	Pseudomonas viridiflava					p20.D10		PRJEB24450	SAMEA104472114
GCF_900583725.1	p20.D10	Pseudomonas viridiflava					p20.D10		PRJEB24450	SAMEA104472114
GCA_900599345.1	p5.E11	Pseudomonas viridiflava					p5.E11		PRJEB24450	SAMEA104472919
GCF_900599345.1	p5.E11	Pseudomonas viridiflava					p5.E11		PRJEB24450	SAMEA104472919
GCA_900586815.1	p24.F11	Pseudomonas viridiflava					p24.F11		PRJEB24450	SAMEA104472421
GCF_900586815.1	p24.F11	Pseudomonas viridiflava					p24.F11		PRJEB24450	SAMEA104472421
GCA_900587635.1	p25.E7	Pseudomonas viridiflava					p25.E7		PRJEB24450	SAMEA104472505
GCF_900587635.1	p25.E7	Pseudomonas viridiflava					p25.E7		PRJEB24450	SAMEA104472505
GCA_900589075.1	p2.A1	Pseudomonas viridiflava					p2.A1		PRJEB24450	SAMEA104472645
GCF_900589075.1	p2.A1	Pseudomonas viridiflava					p2.A1		PRJEB24450	SAMEA104472645
GCA_900587045.1	p24.G9	Pseudomonas viridiflava					p24.G9		PRJEB24450	SAMEA104472441
GCF_900587045.1	p24.G9	Pseudomonas viridiflava					p24.G9		PRJEB24450	SAMEA104472441
GCA_900589835.1	p3.A11	Pseudomonas viridiflava					p3.A11		PRJEB24450	SAMEA104472722
GCF_900589835.1	p3.A11	Pseudomonas viridiflava					p3.A11		PRJEB24450	SAMEA104472722
GCA_036349235.1	ASM3634923v1	Pseudomonas viridiflava		Pv02_1					PRJNA1070346	SAMN39642358
GCF_036349235.1	ASM3634923v1	Pseudomonas viridiflava		Pv02_1					PRJNA1070346	SAMN39642358
GCA_900583445.1	p1.H4	Pseudomonas viridiflava					p1.H4		PRJEB24450	SAMEA104472078
GCF_900583445.1	p1.H4	Pseudomonas viridiflava					p1.H4		PRJEB24450	SAMEA104472078
GCA_900590075.1	p3.C12	Pseudomonas viridiflava					p3.C12		PRJEB24450	SAMEA104472746
GCF_900590075.1	p3.C12	Pseudomonas viridiflava					p3.C12		PRJEB24450	SAMEA104472746
GCA_900585875.1	p23.B7	Pseudomonas viridiflava					p23.B7		PRJEB24450	SAMEA104472320
GCF_900585875.1	p23.B7	Pseudomonas viridiflava					p23.B7		PRJEB24450	SAMEA104472320
GCA_900590185.1	p3.D10	Pseudomonas viridiflava					p3.D10		PRJEB24450	SAMEA104472755
GCF_900590185.1	p3.D10	Pseudomonas viridiflava					p3.D10		PRJEB24450	SAMEA104472755
GCA_900587355.1	p25.B8	Pseudomonas viridiflava					p25.B8		PRJEB24450	SAMEA104472473
GCF_900587355.1	p25.B8	Pseudomonas viridiflava					p25.B8		PRJEB24450	SAMEA104472473
GCA_900591145.1	p4.F3	Pseudomonas viridiflava					p4.F3		PRJEB24450	SAMEA104472851
GCF_900591145.1	p4.F3	Pseudomonas viridiflava					p4.F3		PRJEB24450	SAMEA104472851
GCA_900591155.1	p4.F5	Pseudomonas viridiflava					p4.F5		PRJEB24450	SAMEA104472853
GCF_900591155.1	p4.F5	Pseudomonas viridiflava					p4.F5		PRJEB24450	SAMEA104472853
GCA_900583215.1	p1.F4	Pseudomonas viridiflava					p1.F4		PRJEB24450	SAMEA104472057
GCF_900583215.1	p1.F4	Pseudomonas viridiflava					p1.F4		PRJEB24450	SAMEA104472057
GCA_900587115.1	p24.H3	Pseudomonas viridiflava					p24.H3		PRJEB24450	SAMEA104472446
GCF_900587115.1	p24.H3	Pseudomonas viridiflava					p24.H3		PRJEB24450	SAMEA104472446
GCA_900601295.1	p7.H10	Pseudomonas viridiflava					p7.H10		PRJEB24450	SAMEA104473114
GCF_900601295.1	p7.H10	Pseudomonas viridiflava					p7.H10		PRJEB24450	SAMEA104473114
GCA_900584325.1	p20.H8	Pseudomonas viridiflava					p20.H8		PRJEB24450	SAMEA104472165
GCF_900584325.1	p20.H8	Pseudomonas viridiflava					p20.H8		PRJEB24450	SAMEA104472165
GCA_900588645.1	p26.G7	Pseudomonas viridiflava					p26.G7		PRJEB24450	SAMEA104472602
GCF_900588645.1	p26.G7	Pseudomonas viridiflava					p26.G7		PRJEB24450	SAMEA104472602
GCA_900585575.1	p22.F3	Pseudomonas viridiflava					p22.F3		PRJEB24450	SAMEA104472290
GCF_900585575.1	p22.F3	Pseudomonas viridiflava					p22.F3		PRJEB24450	SAMEA104472290
GCA_900587225.1	p25.A9	Pseudomonas viridiflava					p25.A9		PRJEB24450	SAMEA104472463
GCF_900587225.1	p25.A9	Pseudomonas viridiflava					p25.A9		PRJEB24450	SAMEA104472463
GCA_900581335.1	p12.C8	Pseudomonas viridiflava					p12.C8		PRJEB24450	SAMEA104471872
GCF_900581335.1	p12.C8	Pseudomonas viridiflava					p12.C8		PRJEB24450	SAMEA104471872
GCA_900584655.1	p21.D3	Pseudomonas viridiflava					p21.D3		PRJEB24450	SAMEA104472204
GCF_900584655.1	p21.D3	Pseudomonas viridiflava					p21.D3		PRJEB24450	SAMEA104472204
GCA_900585315.1	p22.C5	Pseudomonas viridiflava					p22.C5		PRJEB24450	SAMEA104472272
GCF_900585315.1	p22.C5	Pseudomonas viridiflava					p22.C5		PRJEB24450	SAMEA104472272
GCA_900587525.1	p25.D3	Pseudomonas viridiflava					p25.D3		PRJEB24450	SAMEA104472491
GCF_900587525.1	p25.D3	Pseudomonas viridiflava					p25.D3		PRJEB24450	SAMEA104472491
GCA_900587885.1	p25.G3	Pseudomonas viridiflava					p25.G3		PRJEB24450	SAMEA104472524
GCF_900587885.1	p25.G3	Pseudomonas viridiflava					p25.G3		PRJEB24450	SAMEA104472524
GCA_900588085.1	p26.A8	Pseudomonas viridiflava					p26.A8		PRJEB24450	SAMEA104472547
GCF_900588085.1	p26.A8	Pseudomonas viridiflava					p26.A8		PRJEB24450	SAMEA104472547
GCA_900589495.1	p2.E8	Pseudomonas viridiflava					p2.E8		PRJEB24450	SAMEA104472690
GCF_900589495.1	p2.E8	Pseudomonas viridiflava					p2.E8		PRJEB24450	SAMEA104472690
GCA_900600245.1	p6.E7	Pseudomonas viridiflava					p6.E7		PRJEB24450	SAMEA104473008
GCF_900600245.1	p6.E7	Pseudomonas viridiflava					p6.E7		PRJEB24450	SAMEA104473008
GCA_900586005.1	p23.D3	Pseudomonas viridiflava					p23.D3		PRJEB24450	SAMEA104472334
GCF_900586005.1	p23.D3	Pseudomonas viridiflava					p23.D3		PRJEB24450	SAMEA104472334
GCA_900587625.1	p25.E2	Pseudomonas viridiflava					p25.E2		PRJEB24450	SAMEA104472501
GCF_900587625.1	p25.E2	Pseudomonas viridiflava					p25.E2		PRJEB24450	SAMEA104472501
GCA_900588175.1	p26.B6	Pseudomonas viridiflava					p26.B6		PRJEB24450	SAMEA104472555
GCF_900588175.1	p26.B6	Pseudomonas viridiflava					p26.B6		PRJEB24450	SAMEA104472555
GCA_900589525.1	p2.E6	Pseudomonas viridiflava					p2.E6		PRJEB24450	SAMEA104472688
GCF_900589525.1	p2.E6	Pseudomonas viridiflava					p2.E6		PRJEB24450	SAMEA104472688
GCA_900600135.1	p6.D6	Pseudomonas viridiflava					p6.D6		PRJEB24450	SAMEA104472997
GCF_900600135.1	p6.D6	Pseudomonas viridiflava					p6.D6		PRJEB24450	SAMEA104472997
GCA_900585245.1	p22.B5	Pseudomonas viridiflava					p22.B5		PRJEB24450	SAMEA104472265
GCF_900585245.1	p22.B5	Pseudomonas viridiflava					p22.B5		PRJEB24450	SAMEA104472265
GCA_900589115.1	p2.A2	Pseudomonas viridiflava					p2.A2		PRJEB24450	SAMEA104472646
GCF_900589115.1	p2.A2	Pseudomonas viridiflava					p2.A2		PRJEB24450	SAMEA104472646
GCA_900601185.1	p7.G11	Pseudomonas viridiflava					p7.G11		PRJEB24450	SAMEA104473104
GCF_900601185.1	p7.G11	Pseudomonas viridiflava					p7.G11		PRJEB24450	SAMEA104473104
GCA_900585795.1	p23.A9	Pseudomonas viridiflava					p23.A9		PRJEB24450	SAMEA104472313
GCF_900585795.1	p23.A9	Pseudomonas viridiflava					p23.A9		PRJEB24450	SAMEA104472313
GCA_900587425.1	p25.C3	Pseudomonas viridiflava					p25.C3		PRJEB24450	SAMEA104472480
GCF_900587425.1	p25.C3	Pseudomonas viridiflava					p25.C3		PRJEB24450	SAMEA104472480
GCA_900588605.1	p26.G4	Pseudomonas viridiflava					p26.G4		PRJEB24450	SAMEA104472599
GCF_900588605.1	p26.G4	Pseudomonas viridiflava					p26.G4		PRJEB24450	SAMEA104472599
GCA_900576615.1	p11.A1	Pseudomonas viridiflava					p11.A1		PRJEB24450	SAMEA104471766
GCF_900576615.1	p11.A1	Pseudomonas viridiflava					p11.A1		PRJEB24450	SAMEA104471766
GCA_900580715.1	p11.D8	Pseudomonas viridiflava					p11.D8		PRJEB24450	SAMEA104471803
GCF_900580715.1	p11.D8	Pseudomonas viridiflava					p11.D8		PRJEB24450	SAMEA104471803
GCA_900591045.1	p4.E6	Pseudomonas viridiflava					p4.E6		PRJEB24450	SAMEA104472843
GCF_900591045.1	p4.E6	Pseudomonas viridiflava					p4.E6		PRJEB24450	SAMEA104472843
GCA_900586365.1	p24.A1	Pseudomonas viridiflava					p24.A1		PRJEB24450	SAMEA104472370
GCF_900586365.1	p24.A1	Pseudomonas viridiflava					p24.A1		PRJEB24450	SAMEA104472370
GCA_900599795.1	p6.A1	Pseudomonas viridiflava					p6.A1		PRJEB24450	SAMEA104472962
GCF_900599795.1	p6.A1	Pseudomonas viridiflava					p6.A1		PRJEB24450	SAMEA104472962
GCA_900601325.1	p7.H11	Pseudomonas viridiflava					p7.H11		PRJEB24450	SAMEA104473115
GCF_900601325.1	p7.H11	Pseudomonas viridiflava					p7.H11		PRJEB24450	SAMEA104473115
GCA_900587465.1	p25.C7	Pseudomonas viridiflava					p25.C7		PRJEB24450	SAMEA104472483
GCF_900587465.1	p25.C7	Pseudomonas viridiflava					p25.C7		PRJEB24450	SAMEA104472483
GCA_900582095.1	p13.D10	Pseudomonas viridiflava					p13.D10		PRJEB24450	SAMEA104471946
GCF_900582095.1	p13.D10	Pseudomonas viridiflava					p13.D10		PRJEB24450	SAMEA104471946
GCA_900584165.1	p20.G2	Pseudomonas viridiflava					p20.G2		PRJEB24450	SAMEA104472149
GCF_900584165.1	p20.G2	Pseudomonas viridiflava					p20.G2		PRJEB24450	SAMEA104472149
GCA_900589575.1	p2.F2	Pseudomonas viridiflava					p2.F2		PRJEB24450	SAMEA104472696
GCF_900589575.1	p2.F2	Pseudomonas viridiflava					p2.F2		PRJEB24450	SAMEA104472696
GCA_900589925.1	p3.A9	Pseudomonas viridiflava					p3.A9		PRJEB24450	SAMEA104472732
GCF_900589925.1	p3.A9	Pseudomonas viridiflava					p3.A9		PRJEB24450	SAMEA104472732
GCA_900588225.1	p26.C3	Pseudomonas viridiflava					p26.C3		PRJEB24450	SAMEA104472561
GCF_900588225.1	p26.C3	Pseudomonas viridiflava					p26.C3		PRJEB24450	SAMEA104472561
GCA_900587085.1	p24.H5	Pseudomonas viridiflava					p24.H5		PRJEB24450	SAMEA104472448
GCF_900587085.1	p24.H5	Pseudomonas viridiflava					p24.H5		PRJEB24450	SAMEA104472448
GCA_900586895.1	p24.F4	Pseudomonas viridiflava					p24.F4		PRJEB24450	SAMEA104472426
GCF_900586895.1	p24.F4	Pseudomonas viridiflava					p24.F4		PRJEB24450	SAMEA104472426
GCA_900602555.1	p9.D3	Pseudomonas viridiflava					p9.D3		PRJEB24450	SAMEA104473238
GCF_900602555.1	p9.D3	Pseudomonas viridiflava					p9.D3		PRJEB24450	SAMEA104473238
GCA_900590015.1	p3.B5	Pseudomonas viridiflava					p3.B5		PRJEB24450	SAMEA104472739
GCF_900590015.1	p3.B5	Pseudomonas viridiflava					p3.B5		PRJEB24450	SAMEA104472739
GCA_900580635.1	p11.D9	Pseudomonas viridiflava					p11.D9		PRJEB24450	SAMEA104471804
GCF_900580635.1	p11.D9	Pseudomonas viridiflava					p11.D9		PRJEB24450	SAMEA104471804
GCA_900585985.1	p23.D6	Pseudomonas viridiflava					p23.D6		PRJEB24450	SAMEA104472337
GCF_900585985.1	p23.D6	Pseudomonas viridiflava					p23.D6		PRJEB24450	SAMEA104472337
GCA_900586395.1	p24.B10	Pseudomonas viridiflava					p24.B10		PRJEB24450	SAMEA104472377
GCF_900586395.1	p24.B10	Pseudomonas viridiflava					p24.B10		PRJEB24450	SAMEA104472377
GCA_900602855.1	p9.F7	Pseudomonas viridiflava					p9.F7		PRJEB24450	SAMEA104473264
GCF_900602855.1	p9.F7	Pseudomonas viridiflava					p9.F7		PRJEB24450	SAMEA104473264
GCA_900587575.1	p25.D7	Pseudomonas viridiflava					p25.D7		PRJEB24450	SAMEA104472494
GCF_900587575.1	p25.D7	Pseudomonas viridiflava					p25.D7		PRJEB24450	SAMEA104472494
GCA_900583925.1	p20.E7	Pseudomonas viridiflava					p20.E7		PRJEB24450	SAMEA104472132
GCF_900583925.1	p20.E7	Pseudomonas viridiflava					p20.E7		PRJEB24450	SAMEA104472132
GCA_900590825.1	p4.B8	Pseudomonas viridiflava					p4.B8		PRJEB24450	SAMEA104472818
GCF_900590825.1	p4.B8	Pseudomonas viridiflava					p4.B8		PRJEB24450	SAMEA104472818
GCA_900586105.1	p23.G1	Pseudomonas viridiflava					p23.G1		PRJEB24450	SAMEA104472353
GCF_900586105.1	p23.G1	Pseudomonas viridiflava					p23.G1		PRJEB24450	SAMEA104472353
GCA_900588575.1	p26.G10	Pseudomonas viridiflava					p26.G10		PRJEB24450	SAMEA104472595
GCF_900588575.1	p26.G10	Pseudomonas viridiflava					p26.G10		PRJEB24450	SAMEA104472595
GCA_900588745.1	p27.A7	Pseudomonas viridiflava					p27.A7		PRJEB24450	SAMEA104472618
GCF_900588745.1	p27.A7	Pseudomonas viridiflava					p27.A7		PRJEB24450	SAMEA104472618
GCA_900585885.1	p23.C9	Pseudomonas viridiflava					p23.C9		PRJEB24450	SAMEA104472331
GCF_900585885.1	p23.C9	Pseudomonas viridiflava					p23.C9		PRJEB24450	SAMEA104472331
GCA_900585965.1	p23.D5	Pseudomonas viridiflava					p23.D5		PRJEB24450	SAMEA104472336
GCF_900585965.1	p23.D5	Pseudomonas viridiflava					p23.D5		PRJEB24450	SAMEA104472336
GCA_900589605.1	p2.F3	Pseudomonas viridiflava					p2.F3		PRJEB24450	SAMEA104472697
GCF_900589605.1	p2.F3	Pseudomonas viridiflava					p2.F3		PRJEB24450	SAMEA104472697
GCA_900583625.1	p20.A8	Pseudomonas viridiflava					p20.A8		PRJEB24450	SAMEA104472093
GCF_900583625.1	p20.A8	Pseudomonas viridiflava					p20.A8		PRJEB24450	SAMEA104472093
GCA_900586215.1	p23.G9	Pseudomonas viridiflava					p23.G9		PRJEB24450	SAMEA104472359
GCF_900586215.1	p23.G9	Pseudomonas viridiflava					p23.G9		PRJEB24450	SAMEA104472359
GCA_900582065.1	p13.C6	Pseudomonas viridiflava					p13.C6		PRJEB24450	SAMEA104471942
GCF_900582065.1	p13.C6	Pseudomonas viridiflava					p13.C6		PRJEB24450	SAMEA104471942
GCA_900601775.1	p8.E2	Pseudomonas viridiflava					p8.E2		PRJEB24450	SAMEA104473163
GCF_900601775.1	p8.E2	Pseudomonas viridiflava					p8.E2		PRJEB24450	SAMEA104473163
GCA_900581445.1	p12.D9	Pseudomonas viridiflava					p12.D9		PRJEB24450	SAMEA104471880
GCF_900581445.1	p12.D9	Pseudomonas viridiflava					p12.D9		PRJEB24450	SAMEA104471880
GCA_900581365.1	p12.C7	Pseudomonas viridiflava					p12.C7		PRJEB24450	SAMEA104471871
GCF_900581365.1	p12.C7	Pseudomonas viridiflava					p12.C7		PRJEB24450	SAMEA104471871
GCA_900587065.1	p24.G8	Pseudomonas viridiflava					p24.G8		PRJEB24450	SAMEA104472440
GCF_900587065.1	p24.G8	Pseudomonas viridiflava					p24.G8		PRJEB24450	SAMEA104472440
GCA_900587655.1	p25.E4	Pseudomonas viridiflava					p25.E4		PRJEB24450	SAMEA104472503
GCF_900587655.1	p25.E4	Pseudomonas viridiflava					p25.E4		PRJEB24450	SAMEA104472503
GCA_900583965.1	p20.E8	Pseudomonas viridiflava					p20.E8		PRJEB24450	SAMEA104472133
GCF_900583965.1	p20.E8	Pseudomonas viridiflava					p20.E8		PRJEB24450	SAMEA104472133
GCA_900588755.1	p27.A1	Pseudomonas viridiflava					p27.A1		PRJEB24450	SAMEA104472614
GCF_900588755.1	p27.A1	Pseudomonas viridiflava					p27.A1		PRJEB24450	SAMEA104472614
GCA_900583135.1	p1.E7	Pseudomonas viridiflava					p1.E7		PRJEB24450	SAMEA104472050
GCF_900583135.1	p1.E7	Pseudomonas viridiflava					p1.E7		PRJEB24450	SAMEA104472050
GCA_900598795.1	p4.H1	Pseudomonas viridiflava					p4.H1		PRJEB24450	SAMEA104472866
GCF_900598795.1	p4.H1	Pseudomonas viridiflava					p4.H1		PRJEB24450	SAMEA104472866
GCA_900587765.1	p25.F4	Pseudomonas viridiflava					p25.F4		PRJEB24450	SAMEA104472514
GCF_900587765.1	p25.F4	Pseudomonas viridiflava					p25.F4		PRJEB24450	SAMEA104472514
GCA_900600985.1	p7.E8	Pseudomonas viridiflava					p7.E8		PRJEB24450	SAMEA104473092
GCF_900600985.1	p7.E8	Pseudomonas viridiflava					p7.E8		PRJEB24450	SAMEA104473092
GCA_034045335.1	ASM3404533v1	Pseudomonas viridiflava		CFBP8983					PRJNA1041598	SAMN38288737
GCF_034045335.1	ASM3404533v1	Pseudomonas viridiflava		CFBP8983					PRJNA1041598	SAMN38288737
GCA_900599585.1	p5.G12	Pseudomonas viridiflava					p5.G12		PRJEB24450	SAMEA104472941
GCF_900599585.1	p5.G12	Pseudomonas viridiflava					p5.G12		PRJEB24450	SAMEA104472941
GCA_900602445.1	p9.C5	Pseudomonas viridiflava					p9.C5		PRJEB24450	SAMEA104473229
GCF_900602445.1	p9.C5	Pseudomonas viridiflava					p9.C5		PRJEB24450	SAMEA104473229
GCA_900589695.1	p2.G6	Pseudomonas viridiflava					p2.G6		PRJEB24450	SAMEA104472708
GCF_900589695.1	p2.G6	Pseudomonas viridiflava					p2.G6		PRJEB24450	SAMEA104472708
GCA_900587615.1	p25.E3	Pseudomonas viridiflava					p25.E3		PRJEB24450	SAMEA104472502
GCF_900587615.1	p25.E3	Pseudomonas viridiflava					p25.E3		PRJEB24450	SAMEA104472502
GCA_900587605.1	p25.E11	Pseudomonas viridiflava					p25.E11		PRJEB24450	SAMEA104472498
GCF_900587605.1	p25.E11	Pseudomonas viridiflava					p25.E11		PRJEB24450	SAMEA104472498
GCA_900589485.1	p2.E3	Pseudomonas viridiflava					p2.E3		PRJEB24450	SAMEA104472686
GCF_900589485.1	p2.E3	Pseudomonas viridiflava					p2.E3		PRJEB24450	SAMEA104472686
GCA_900589325.1	p2.C5	Pseudomonas viridiflava					p2.C5		PRJEB24450	SAMEA104472668
GCF_900589325.1	p2.C5	Pseudomonas viridiflava					p2.C5		PRJEB24450	SAMEA104472668
GCA_900601435.1	p8.A1	Pseudomonas viridiflava					p8.A1		PRJEB24450	SAMEA104473127
GCF_900601435.1	p8.A1	Pseudomonas viridiflava					p8.A1		PRJEB24450	SAMEA104473127
GCA_900585765.1	p23.A7	Pseudomonas viridiflava					p23.A7		PRJEB24450	SAMEA104472311
GCF_900585765.1	p23.A7	Pseudomonas viridiflava					p23.A7		PRJEB24450	SAMEA104472311
GCA_900587725.1	p25.F1	Pseudomonas viridiflava					p25.F1		PRJEB24450	SAMEA104472511
GCF_900587725.1	p25.F1	Pseudomonas viridiflava					p25.F1		PRJEB24450	SAMEA104472511
GCA_900590235.1	p3.D6	Pseudomonas viridiflava					p3.D6		PRJEB24450	SAMEA104472761
GCF_900590235.1	p3.D6	Pseudomonas viridiflava					p3.D6		PRJEB24450	SAMEA104472761
GCA_036349395.1	ASM3634939v1	Pseudomonas viridiflava		Pv01_01					PRJNA1070346	SAMN39642356
GCF_036349395.1	ASM3634939v1	Pseudomonas viridiflava		Pv01_01					PRJNA1070346	SAMN39642356
GCA_900587475.1	p25.D10	Pseudomonas viridiflava					p25.D10		PRJEB24450	SAMEA104472486
GCF_900587475.1	p25.D10	Pseudomonas viridiflava					p25.D10		PRJEB24450	SAMEA104472486
GCA_900580615.1	p11.C9	Pseudomonas viridiflava					p11.C9		PRJEB24450	SAMEA104471797
GCF_900580615.1	p11.C9	Pseudomonas viridiflava					p11.C9		PRJEB24450	SAMEA104471797
GCA_900602805.1	p9.F8	Pseudomonas viridiflava					p9.F8		PRJEB24450	SAMEA104473265
GCF_900602805.1	p9.F8	Pseudomonas viridiflava					p9.F8		PRJEB24450	SAMEA104473265
GCA_900602835.1	p9.G10	Pseudomonas viridiflava					p9.G10		PRJEB24450	SAMEA104473267
GCF_900602835.1	p9.G10	Pseudomonas viridiflava					p9.G10		PRJEB24450	SAMEA104473267
GCA_900590025.1	p3.B8	Pseudomonas viridiflava					p3.B8		PRJEB24450	SAMEA104472742
GCF_900590025.1	p3.B8	Pseudomonas viridiflava					p3.B8		PRJEB24450	SAMEA104472742
GCA_900599365.1	p5.E1	Pseudomonas viridiflava					p5.E1		PRJEB24450	SAMEA104472921
GCF_900599365.1	p5.E1	Pseudomonas viridiflava					p5.E1		PRJEB24450	SAMEA104472921
GCA_900587335.1	p25.B5	Pseudomonas viridiflava					p25.B5		PRJEB24450	SAMEA104472471
GCF_900587335.1	p25.B5	Pseudomonas viridiflava					p25.B5		PRJEB24450	SAMEA104472471
GCA_900588545.1	p26.F2	Pseudomonas viridiflava					p26.F2		PRJEB24450	SAMEA104472587
GCF_900588545.1	p26.F2	Pseudomonas viridiflava					p26.F2		PRJEB24450	SAMEA104472587
GCA_036349615.1	ASM3634961v1	Pseudomonas viridiflava		Pv99_2					PRJNA1070346	SAMN39642354
GCF_036349615.1	ASM3634961v1	Pseudomonas viridiflava		Pv99_2					PRJNA1070346	SAMN39642354
GCA_036349575.1	ASM3634957v1	Pseudomonas viridiflava		Pv91_320					PRJNA1070346	SAMN39642350
GCF_036349575.1	ASM3634957v1	Pseudomonas viridiflava		Pv91_320					PRJNA1070346	SAMN39642350
GCA_900584365.1	p21.A2	Pseudomonas viridiflava					p21.A2		PRJEB24450	SAMEA104472171
GCF_900584365.1	p21.A2	Pseudomonas viridiflava					p21.A2		PRJEB24450	SAMEA104472171
GCA_900587965.1	p25.H1	Pseudomonas viridiflava					p25.H1		PRJEB24450	SAMEA104472533
GCF_900587965.1	p25.H1	Pseudomonas viridiflava					p25.H1		PRJEB24450	SAMEA104472533
GCA_900582955.1	p1.C8	Pseudomonas viridiflava					p1.C8		PRJEB24450	SAMEA104472031
GCF_900582955.1	p1.C8	Pseudomonas viridiflava					p1.C8		PRJEB24450	SAMEA104472031
GCA_900587135.1	p24.H8	Pseudomonas viridiflava					p24.H8		PRJEB24450	SAMEA104472451
GCF_900587135.1	p24.H8	Pseudomonas viridiflava					p24.H8		PRJEB24450	SAMEA104472451
GCA_900586375.1	p24.A7	Pseudomonas viridiflava					p24.A7		PRJEB24450	SAMEA104472374
GCF_900586375.1	p24.A7	Pseudomonas viridiflava					p24.A7		PRJEB24450	SAMEA104472374
GCA_900589475.1	p2.E2	Pseudomonas viridiflava					p2.E2		PRJEB24450	SAMEA104472685
GCF_900589475.1	p2.E2	Pseudomonas viridiflava					p2.E2		PRJEB24450	SAMEA104472685
GCA_900581055.1	p11.H6	Pseudomonas viridiflava					p11.H6		PRJEB24450	SAMEA104471841
GCF_900581055.1	p11.H6	Pseudomonas viridiflava					p11.H6		PRJEB24450	SAMEA104471841
GCA_900588935.1	p27.E6	Pseudomonas viridiflava					p27.E6		PRJEB24450	SAMEA104472632
GCF_900588935.1	p27.E6	Pseudomonas viridiflava					p27.E6		PRJEB24450	SAMEA104472632
GCA_900588215.1	p26.C4	Pseudomonas viridiflava					p26.C4		PRJEB24450	SAMEA104472562
GCF_900588215.1	p26.C4	Pseudomonas viridiflava					p26.C4		PRJEB24450	SAMEA104472562
GCA_900585915.1	p23.C5	Pseudomonas viridiflava					p23.C5		PRJEB24450	SAMEA104472327
GCF_900585915.1	p23.C5	Pseudomonas viridiflava					p23.C5		PRJEB24450	SAMEA104472327
GCA_900585895.1	p23.C4	Pseudomonas viridiflava					p23.C4		PRJEB24450	SAMEA104472326
GCF_900585895.1	p23.C4	Pseudomonas viridiflava					p23.C4		PRJEB24450	SAMEA104472326
GCA_900585865.1	p23.B6	Pseudomonas viridiflava					p23.B6		PRJEB24450	SAMEA104472319
GCF_900585865.1	p23.B6	Pseudomonas viridiflava					p23.B6		PRJEB24450	SAMEA104472319
GCA_900583095.1	p1.D8	Pseudomonas viridiflava					p1.D8		PRJEB24450	SAMEA104472043
GCF_900583095.1	p1.D8	Pseudomonas viridiflava					p1.D8		PRJEB24450	SAMEA104472043
GCA_900586695.1	p24.D9	Pseudomonas viridiflava					p24.D9		PRJEB24450	SAMEA104472408
GCF_900586695.1	p24.D9	Pseudomonas viridiflava					p24.D9		PRJEB24450	SAMEA104472408
GCA_900599535.1	p5.G11	Pseudomonas viridiflava					p5.G11		PRJEB24450	SAMEA104472940
GCF_900599535.1	p5.G11	Pseudomonas viridiflava					p5.G11		PRJEB24450	SAMEA104472940
GCA_900586115.1	p23.F5	Pseudomonas viridiflava					p23.F5		PRJEB24450	SAMEA104472350
GCF_900586115.1	p23.F5	Pseudomonas viridiflava					p23.F5		PRJEB24450	SAMEA104472350
GCA_900589845.1	p3.A10	Pseudomonas viridiflava					p3.A10		PRJEB24450	SAMEA104472721
GCF_900589845.1	p3.A10	Pseudomonas viridiflava					p3.A10		PRJEB24450	SAMEA104472721
GCA_900583265.1	p1.F9	Pseudomonas viridiflava					p1.F9		PRJEB24450	SAMEA104472061
GCF_900583265.1	p1.F9	Pseudomonas viridiflava					p1.F9		PRJEB24450	SAMEA104472061
GCA_900586715.1	p24.E10	Pseudomonas viridiflava					p24.E10		PRJEB24450	SAMEA104472409
GCF_900586715.1	p24.E10	Pseudomonas viridiflava					p24.E10		PRJEB24450	SAMEA104472409
GCA_900600925.1	p7.D6	Pseudomonas viridiflava					p7.D6		PRJEB24450	SAMEA104473078
GCF_900600925.1	p7.D6	Pseudomonas viridiflava					p7.D6		PRJEB24450	SAMEA104473078
GCA_900581635.1	p12.G4	Pseudomonas viridiflava					p12.G4		PRJEB24450	SAMEA104471903
GCF_900581635.1	p12.G4	Pseudomonas viridiflava					p12.G4		PRJEB24450	SAMEA104471903
GCA_900598985.1	p5.A8	Pseudomonas viridiflava					p5.A8		PRJEB24450	SAMEA104472884
GCF_900598985.1	p5.A8	Pseudomonas viridiflava					p5.A8		PRJEB24450	SAMEA104472884
GCA_900586785.1	p24.E8	Pseudomonas viridiflava					p24.E8		PRJEB24450	SAMEA104472418
GCF_900586785.1	p24.E8	Pseudomonas viridiflava					p24.E8		PRJEB24450	SAMEA104472418
GCA_036349445.1	ASM3634944v1	Pseudomonas viridiflava		Pv99_3					PRJNA1070346	SAMN39642355
GCF_036349445.1	ASM3634944v1	Pseudomonas viridiflava		Pv99_3					PRJNA1070346	SAMN39642355
GCA_900584005.1	p20.E2	Pseudomonas viridiflava					p20.E2		PRJEB24450	SAMEA104472128
GCF_900584005.1	p20.E2	Pseudomonas viridiflava					p20.E2		PRJEB24450	SAMEA104472128
GCA_900588265.1	p26.C7	Pseudomonas viridiflava					p26.C7		PRJEB24450	SAMEA104472564
GCF_900588265.1	p26.C7	Pseudomonas viridiflava					p26.C7		PRJEB24450	SAMEA104472564
GCA_900581355.1	p12.D1	Pseudomonas viridiflava					p12.D1		PRJEB24450	SAMEA104471875
GCF_900581355.1	p12.D1	Pseudomonas viridiflava					p12.D1		PRJEB24450	SAMEA104471875
GCA_900586975.1	p24.G2	Pseudomonas viridiflava					p24.G2		PRJEB24450	SAMEA104472435
GCF_900586975.1	p24.G2	Pseudomonas viridiflava					p24.G2		PRJEB24450	SAMEA104472435
GCA_900587295.1	p25.B3	Pseudomonas viridiflava					p25.B3		PRJEB24450	SAMEA104472469
GCF_900587295.1	p25.B3	Pseudomonas viridiflava					p25.B3		PRJEB24450	SAMEA104472469
GCA_900586465.1	p24.B5	Pseudomonas viridiflava					p24.B5		PRJEB24450	SAMEA104472383
GCF_900586465.1	p24.B5	Pseudomonas viridiflava					p24.B5		PRJEB24450	SAMEA104472383
GCA_900588125.1	p26.B10	Pseudomonas viridiflava					p26.B10		PRJEB24450	SAMEA104472549
GCF_900588125.1	p26.B10	Pseudomonas viridiflava					p26.B10		PRJEB24450	SAMEA104472549
GCA_900588425.1	p26.E6	Pseudomonas viridiflava					p26.E6		PRJEB24450	SAMEA104472581
GCF_900588425.1	p26.E6	Pseudomonas viridiflava					p26.E6		PRJEB24450	SAMEA104472581
GCA_900584665.1	p21.D2	Pseudomonas viridiflava					p21.D2		PRJEB24450	SAMEA104472203
GCF_900584665.1	p21.D2	Pseudomonas viridiflava					p21.D2		PRJEB24450	SAMEA104472203
GCA_900588505.1	p26.F3	Pseudomonas viridiflava					p26.F3		PRJEB24450	SAMEA104472588
GCF_900588505.1	p26.F3	Pseudomonas viridiflava					p26.F3		PRJEB24450	SAMEA104472588
GCA_900584675.1	p21.B3	Pseudomonas viridiflava					p21.B3		PRJEB24450	SAMEA104472183
GCF_900584675.1	p21.B3	Pseudomonas viridiflava					p21.B3		PRJEB24450	SAMEA104472183
GCA_900588305.1	p26.D4	Pseudomonas viridiflava					p26.D4		PRJEB24450	SAMEA104472569
GCF_900588305.1	p26.D4	Pseudomonas viridiflava					p26.D4		PRJEB24450	SAMEA104472569
GCA_900588075.1	p26.A7	Pseudomonas viridiflava					p26.A7		PRJEB24450	SAMEA104472546
GCF_900588075.1	p26.A7	Pseudomonas viridiflava					p26.A7		PRJEB24450	SAMEA104472546
GCA_900580755.1	p11.E9	Pseudomonas viridiflava					p11.E9		PRJEB24450	SAMEA104471814
GCF_900580755.1	p11.E9	Pseudomonas viridiflava					p11.E9		PRJEB24450	SAMEA104471814
GCA_900583915.1	p20.D8	Pseudomonas viridiflava					p20.D8		PRJEB24450	SAMEA104472123
GCF_900583915.1	p20.D8	Pseudomonas viridiflava					p20.D8		PRJEB24450	SAMEA104472123
GCA_900586585.1	p24.C8	Pseudomonas viridiflava					p24.C8		PRJEB24450	SAMEA104472396
GCF_900586585.1	p24.C8	Pseudomonas viridiflava					p24.C8		PRJEB24450	SAMEA104472396
GCA_900584015.1	p20.F8	Pseudomonas viridiflava					p20.F8		PRJEB24450	SAMEA104472143
GCF_900584015.1	p20.F8	Pseudomonas viridiflava					p20.F8		PRJEB24450	SAMEA104472143
GCA_900584205.1	p20.G8	Pseudomonas viridiflava					p20.G8		PRJEB24450	SAMEA104472154
GCF_900584205.1	p20.G8	Pseudomonas viridiflava					p20.G8		PRJEB24450	SAMEA104472154
GCA_900588115.1	p26.A9	Pseudomonas viridiflava					p26.A9		PRJEB24450	SAMEA104472548
GCF_900588115.1	p26.A9	Pseudomonas viridiflava					p26.A9		PRJEB24450	SAMEA104472548
GCA_900586335.1	p24.A8	Pseudomonas viridiflava					p24.A8		PRJEB24450	SAMEA104472375
GCF_900586335.1	p24.A8	Pseudomonas viridiflava					p24.A8		PRJEB24450	SAMEA104472375
GCA_900583655.1	p20.B8	Pseudomonas viridiflava					p20.B8		PRJEB24450	SAMEA104472103
GCF_900583655.1	p20.B8	Pseudomonas viridiflava					p20.B8		PRJEB24450	SAMEA104472103
GCA_900586915.1	p24.F8	Pseudomonas viridiflava					p24.F8		PRJEB24450	SAMEA104472429
GCF_900586915.1	p24.F8	Pseudomonas viridiflava					p24.F8		PRJEB24450	SAMEA104472429
GCA_036349435.1	ASM3634943v1	Pseudomonas viridiflava		Pv03_2					PRJNA1070346	SAMN39642359
GCF_036349435.1	ASM3634943v1	Pseudomonas viridiflava		Pv03_2					PRJNA1070346	SAMN39642359
GCA_900576675.1	p11.A9	Pseudomonas viridiflava					p11.A9		PRJEB24450	SAMEA104471774
GCF_900576675.1	p11.A9	Pseudomonas viridiflava					p11.A9		PRJEB24450	SAMEA104471774
GCA_900587865.1	p25.G2	Pseudomonas viridiflava					p25.G2		PRJEB24450	SAMEA104472523
GCF_900587865.1	p25.G2	Pseudomonas viridiflava					p25.G2		PRJEB24450	SAMEA104472523
GCA_900598995.1	p5.A9	Pseudomonas viridiflava					p5.A9		PRJEB24450	SAMEA104472885
GCF_900598995.1	p5.A9	Pseudomonas viridiflava					p5.A9		PRJEB24450	SAMEA104472885
GCA_900588335.1	p26.D5	Pseudomonas viridiflava					p26.D5		PRJEB24450	SAMEA104472570
GCF_900588335.1	p26.D5	Pseudomonas viridiflava					p26.D5		PRJEB24450	SAMEA104472570
GCA_900586405.1	p24.B8	Pseudomonas viridiflava					p24.B8		PRJEB24450	SAMEA104472385
GCF_900586405.1	p24.B8	Pseudomonas viridiflava					p24.B8		PRJEB24450	SAMEA104472385
GCA_900590455.1	p3.E6	Pseudomonas viridiflava					p3.E6		PRJEB24450	SAMEA104472770
GCF_900590455.1	p3.E6	Pseudomonas viridiflava					p3.E6		PRJEB24450	SAMEA104472770
GCA_900586805.1	p24.E9	Pseudomonas viridiflava					p24.E9		PRJEB24450	SAMEA104472419
GCF_900586805.1	p24.E9	Pseudomonas viridiflava					p24.E9		PRJEB24450	SAMEA104472419
GCA_900586095.1	p23.E9	Pseudomonas viridiflava					p23.E9		PRJEB24450	SAMEA104472346
GCF_900586095.1	p23.E9	Pseudomonas viridiflava					p23.E9		PRJEB24450	SAMEA104472346
GCA_900587855.1	p25.G4	Pseudomonas viridiflava					p25.G4		PRJEB24450	SAMEA104472525
GCF_900587855.1	p25.G4	Pseudomonas viridiflava					p25.G4		PRJEB24450	SAMEA104472525
GCA_900590805.1	p4.C3	Pseudomonas viridiflava					p4.C3		PRJEB24450	SAMEA104472824
GCF_900590805.1	p4.C3	Pseudomonas viridiflava					p4.C3		PRJEB24450	SAMEA104472824
GCA_900588035.1	p26.A1	Pseudomonas viridiflava					p26.A1		PRJEB24450	SAMEA104472542
GCF_900588035.1	p26.A1	Pseudomonas viridiflava					p26.A1		PRJEB24450	SAMEA104472542
GCA_900588985.1	p27.F5	Pseudomonas viridiflava					p27.F5		PRJEB24450	SAMEA104472636
GCF_900588985.1	p27.F5	Pseudomonas viridiflava					p27.F5		PRJEB24450	SAMEA104472636
GCA_900580735.1	p11.E7	Pseudomonas viridiflava					p11.E7		PRJEB24450	SAMEA104471812
GCF_900580735.1	p11.E7	Pseudomonas viridiflava					p11.E7		PRJEB24450	SAMEA104471812
GCA_900581845.1	p13.A2	Pseudomonas viridiflava					p13.A2		PRJEB24450	SAMEA104471921
GCF_900581845.1	p13.A2	Pseudomonas viridiflava					p13.A2		PRJEB24450	SAMEA104471921
GCA_900585375.1	p22.C2	Pseudomonas viridiflava					p22.C2		PRJEB24450	SAMEA104472269
GCF_900585375.1	p22.C2	Pseudomonas viridiflava					p22.C2		PRJEB24450	SAMEA104472269
GCA_900584045.1	p20.F2	Pseudomonas viridiflava					p20.F2		PRJEB24450	SAMEA104472139
GCF_900584045.1	p20.F2	Pseudomonas viridiflava					p20.F2		PRJEB24450	SAMEA104472139
GCA_900583595.1	p20.B2	Pseudomonas viridiflava					p20.B2		PRJEB24450	SAMEA104472098
GCF_900583595.1	p20.B2	Pseudomonas viridiflava					p20.B2		PRJEB24450	SAMEA104472098
GCA_900582595.1	p13.H5	Pseudomonas viridiflava					p13.H5		PRJEB24450	SAMEA104471995
GCF_900582595.1	p13.H5	Pseudomonas viridiflava					p13.H5		PRJEB24450	SAMEA104471995
GCA_034044745.1	ASM3404474v1	Pseudomonas viridiflava		CFBP8991					PRJNA1041598	SAMN38288745
GCF_034044745.1	ASM3404474v1	Pseudomonas viridiflava		CFBP8991					PRJNA1041598	SAMN38288745
GCA_900584285.1	p20.H7	Pseudomonas viridiflava					p20.H7		PRJEB24450	SAMEA104472164
GCF_900584285.1	p20.H7	Pseudomonas viridiflava					p20.H7		PRJEB24450	SAMEA104472164
GCA_900581275.1	p12.C3	Pseudomonas viridiflava					p12.C3		PRJEB24450	SAMEA104471868
GCF_900581275.1	p12.C3	Pseudomonas viridiflava					p12.C3		PRJEB24450	SAMEA104471868
GCA_900581645.1	p12.G1	Pseudomonas viridiflava					p12.G1		PRJEB24450	SAMEA104471900
GCF_900581645.1	p12.G1	Pseudomonas viridiflava					p12.G1		PRJEB24450	SAMEA104471900
GCA_900583675.1	p20.B7	Pseudomonas viridiflava					p20.B7		PRJEB24450	SAMEA104472102
GCF_900583675.1	p20.B7	Pseudomonas viridiflava					p20.B7		PRJEB24450	SAMEA104472102
GCA_900583025.1	p1.D6	Pseudomonas viridiflava					p1.D6		PRJEB24450	SAMEA104472041
GCF_900583025.1	p1.D6	Pseudomonas viridiflava					p1.D6		PRJEB24450	SAMEA104472041
GCA_036349965.1	ASM3634996v1	Pseudomonas viridiflava		Pv83_2					PRJNA1070346	SAMN39642347
GCF_036349965.1	ASM3634996v1	Pseudomonas viridiflava		Pv83_2					PRJNA1070346	SAMN39642347
GCA_900583975.1	p20.E5	Pseudomonas viridiflava					p20.E5		PRJEB24450	SAMEA104472131
GCF_900583975.1	p20.E5	Pseudomonas viridiflava					p20.E5		PRJEB24450	SAMEA104472131
GCA_900599055.1	p5.B9	Pseudomonas viridiflava					p5.B9		PRJEB24450	SAMEA104472896
GCF_900599055.1	p5.B9	Pseudomonas viridiflava					p5.B9		PRJEB24450	SAMEA104472896
GCA_900590285.1	p3.E9	Pseudomonas viridiflava					p3.E9		PRJEB24450	SAMEA104472773
GCF_900590285.1	p3.E9	Pseudomonas viridiflava					p3.E9		PRJEB24450	SAMEA104472773
GCA_900585095.1	p21.H2	Pseudomonas viridiflava					p21.H2		PRJEB24450	SAMEA104472247
GCF_900585095.1	p21.H2	Pseudomonas viridiflava					p21.H2		PRJEB24450	SAMEA104472247
GCA_900589705.1	p2.G8	Pseudomonas viridiflava					p2.G8		PRJEB24450	SAMEA104472710
GCF_900589705.1	p2.G8	Pseudomonas viridiflava					p2.G8		PRJEB24450	SAMEA104472710
GCA_900583535.1	p20.A5	Pseudomonas viridiflava					p20.A5		PRJEB24450	SAMEA104472091
GCF_900583535.1	p20.A5	Pseudomonas viridiflava					p20.A5		PRJEB24450	SAMEA104472091
GCA_900589685.1	p2.G7	Pseudomonas viridiflava					p2.G7		PRJEB24450	SAMEA104472709
GCF_900589685.1	p2.G7	Pseudomonas viridiflava					p2.G7		PRJEB24450	SAMEA104472709
GCA_900599665.1	p5.H11	Pseudomonas viridiflava					p5.H11		PRJEB24450	SAMEA104472951
GCF_900599665.1	p5.H11	Pseudomonas viridiflava					p5.H11		PRJEB24450	SAMEA104472951
GCA_036349475.1	ASM3634947v1	Pseudomonas viridiflava		20GA0264					PRJNA1070346	SAMN39642361
GCF_036349475.1	ASM3634947v1	Pseudomonas viridiflava		20GA0264					PRJNA1070346	SAMN39642361
GCA_036349535.1	ASM3634953v1	Pseudomonas viridiflava		Pv98_4					PRJNA1070346	SAMN39642353
GCF_036349535.1	ASM3634953v1	Pseudomonas viridiflava		Pv98_4					PRJNA1070346	SAMN39642353
GCA_900588915.1	p27.E1	Pseudomonas viridiflava					p27.E1		PRJEB24450	SAMEA104472629
GCF_900588915.1	p27.E1	Pseudomonas viridiflava					p27.E1		PRJEB24450	SAMEA104472629
GCA_000834695.1	ASM83469v1	Pseudomonas viridiflava		LMCA8					PRJNA270634	SAMN03267840
GCF_000834695.1	ASM83469v1	Pseudomonas viridiflava		LMCA8					PRJNA270634	SAMN03267840
GCA_900590765.1	p4.B1	Pseudomonas viridiflava					p4.B1		PRJEB24450	SAMEA104472812
GCF_900590765.1	p4.B1	Pseudomonas viridiflava					p4.B1		PRJEB24450	SAMEA104472812
GCA_034808185.1	ASM3480818v1	Pseudomonas viridiflava		FSL S12-0173					PRJNA1003870	SAMN37350783
GCF_034808185.1	ASM3480818v1	Pseudomonas viridiflava		FSL S12-0173					PRJNA1003870	SAMN37350783
GCA_900582175.1	p13.D9	Pseudomonas viridiflava					p13.D9		PRJEB24450	SAMEA104471956
GCF_900582175.1	p13.D9	Pseudomonas viridiflava					p13.D9		PRJEB24450	SAMEA104471956
GCA_036349265.1	ASM3634926v1	Pseudomonas viridiflava		Pv01_02					PRJNA1070346	SAMN39642357
GCF_036349265.1	ASM3634926v1	Pseudomonas viridiflava		Pv01_02					PRJNA1070346	SAMN39642357
GCA_900589905.1	p3.A8	Pseudomonas viridiflava					p3.A8		PRJEB24450	SAMEA104472731
GCF_900589905.1	p3.A8	Pseudomonas viridiflava					p3.A8		PRJEB24450	SAMEA104472731
GCA_900584895.1	p21.F2	Pseudomonas viridiflava					p21.F2		PRJEB24450	SAMEA104472225
GCF_900584895.1	p21.F2	Pseudomonas viridiflava					p21.F2		PRJEB24450	SAMEA104472225
GCA_900601965.1	p8.F2	Pseudomonas viridiflava					p8.F2		PRJEB24450	SAMEA104473175
GCF_900601965.1	p8.F2	Pseudomonas viridiflava					p8.F2		PRJEB24450	SAMEA104473175
GCA_900586675.1	p24.D8	Pseudomonas viridiflava					p24.D8		PRJEB24450	SAMEA104472407
GCF_900586675.1	p24.D8	Pseudomonas viridiflava					p24.D8		PRJEB24450	SAMEA104472407
GCA_900586485.1	p24.B7	Pseudomonas viridiflava					p24.B7		PRJEB24450	SAMEA104472384
GCF_900586485.1	p24.B7	Pseudomonas viridiflava					p24.B7		PRJEB24450	SAMEA104472384
GCA_900584465.1	p21.B10	Pseudomonas viridiflava					p21.B10		PRJEB24450	SAMEA104472178
GCF_900584465.1	p21.B10	Pseudomonas viridiflava					p21.B10		PRJEB24450	SAMEA104472178
GCA_900584715.1	p21.D4	Pseudomonas viridiflava					p21.D4		PRJEB24450	SAMEA104472205
GCF_900584715.1	p21.D4	Pseudomonas viridiflava					p21.D4		PRJEB24450	SAMEA104472205
GCA_900599595.1	p5.G4	Pseudomonas viridiflava					p5.G4		PRJEB24450	SAMEA104472945
GCF_900599595.1	p5.G4	Pseudomonas viridiflava					p5.G4		PRJEB24450	SAMEA104472945
GCA_900588405.1	p26.E4	Pseudomonas viridiflava					p26.E4		PRJEB24450	SAMEA104472579
GCF_900588405.1	p26.E4	Pseudomonas viridiflava					p26.E4		PRJEB24450	SAMEA104472579
GCA_900589975.1	p3.B12	Pseudomonas viridiflava					p3.B12		PRJEB24450	SAMEA104472735
GCF_900589975.1	p3.B12	Pseudomonas viridiflava					p3.B12		PRJEB24450	SAMEA104472735
GCA_900590255.1	p3.E10	Pseudomonas viridiflava					p3.E10		PRJEB24450	SAMEA104472764
GCF_900590255.1	p3.E10	Pseudomonas viridiflava					p3.E10		PRJEB24450	SAMEA104472764
GCA_900581565.1	p12.B1	Pseudomonas viridiflava					p12.B1		PRJEB24450	SAMEA104471856
GCF_900581565.1	p12.B1	Pseudomonas viridiflava					p12.B1		PRJEB24450	SAMEA104471856
GCA_900590655.1	p4.A1	Pseudomonas viridiflava					p4.A1		PRJEB24450	SAMEA104472803
GCF_900590655.1	p4.A1	Pseudomonas viridiflava					p4.A1		PRJEB24450	SAMEA104472803
GCA_900584305.1	p20.H5	Pseudomonas viridiflava					p20.H5		PRJEB24450	SAMEA104472163
GCF_900584305.1	p20.H5	Pseudomonas viridiflava					p20.H5		PRJEB24450	SAMEA104472163
GCA_900586865.1	p24.F5	Pseudomonas viridiflava					p24.F5		PRJEB24450	SAMEA104472427
GCF_900586865.1	p24.F5	Pseudomonas viridiflava					p24.F5		PRJEB24450	SAMEA104472427
GCA_900583775.1	p20.C7	Pseudomonas viridiflava					p20.C7		PRJEB24450	SAMEA104472112
GCF_900583775.1	p20.C7	Pseudomonas viridiflava					p20.C7		PRJEB24450	SAMEA104472112
GCA_900584135.1	p20.G7	Pseudomonas viridiflava					p20.G7		PRJEB24450	SAMEA104472153
GCF_900584135.1	p20.G7	Pseudomonas viridiflava					p20.G7		PRJEB24450	SAMEA104472153
GCA_900586325.1	p24.A9	Pseudomonas viridiflava					p24.A9		PRJEB24450	SAMEA104472376
GCF_900586325.1	p24.A9	Pseudomonas viridiflava					p24.A9		PRJEB24450	SAMEA104472376
GCA_900583875.1	p20.D7	Pseudomonas viridiflava					p20.D7		PRJEB24450	SAMEA104472122
GCF_900583875.1	p20.D7	Pseudomonas viridiflava					p20.D7		PRJEB24450	SAMEA104472122
GCA_900588665.1	p26.H2	Pseudomonas viridiflava					p26.H2		PRJEB24450	SAMEA104472606
GCF_900588665.1	p26.H2	Pseudomonas viridiflava					p26.H2		PRJEB24450	SAMEA104472606
GCA_900602025.1	p8.G7	Pseudomonas viridiflava					p8.G7		PRJEB24450	SAMEA104473187
GCF_900602025.1	p8.G7	Pseudomonas viridiflava					p8.G7		PRJEB24450	SAMEA104473187
GCA_900587705.1	p25.E8	Pseudomonas viridiflava					p25.E8		PRJEB24450	SAMEA104472506
GCF_900587705.1	p25.E8	Pseudomonas viridiflava					p25.E8		PRJEB24450	SAMEA104472506
GCA_900588445.1	p26.E7	Pseudomonas viridiflava					p26.E7		PRJEB24450	SAMEA104472582
GCF_900588445.1	p26.E7	Pseudomonas viridiflava					p26.E7		PRJEB24450	SAMEA104472582
GCA_900590675.1	p4.A2	Pseudomonas viridiflava					p4.A2		PRJEB24450	SAMEA104472804
GCF_900590675.1	p4.A2	Pseudomonas viridiflava					p4.A2		PRJEB24450	SAMEA104472804
GCA_900586985.1	p24.G5	Pseudomonas viridiflava					p24.G5		PRJEB24450	SAMEA104472438
GCF_900586985.1	p24.G5	Pseudomonas viridiflava					p24.G5		PRJEB24450	SAMEA104472438
GCA_900587265.1	p25.B10	Pseudomonas viridiflava					p25.B10		PRJEB24450	SAMEA104472464
GCF_900587265.1	p25.B10	Pseudomonas viridiflava					p25.B10		PRJEB24450	SAMEA104472464
GCA_900580785.1	p11.E6	Pseudomonas viridiflava					p11.E6		PRJEB24450	SAMEA104471811
GCF_900580785.1	p11.E6	Pseudomonas viridiflava					p11.E6		PRJEB24450	SAMEA104471811
GCA_900583695.1	p20.B5	Pseudomonas viridiflava					p20.B5		PRJEB24450	SAMEA104472101
GCF_900583695.1	p20.B5	Pseudomonas viridiflava					p20.B5		PRJEB24450	SAMEA104472101
GCA_900581075.1	p12.A1	Pseudomonas viridiflava					p12.A1		PRJEB24450	SAMEA104471847
GCF_900581075.1	p12.A1	Pseudomonas viridiflava					p12.A1		PRJEB24450	SAMEA104471847
GCA_900585845.1	p23.B8	Pseudomonas viridiflava					p23.B8		PRJEB24450	SAMEA104472321
GCF_900585845.1	p23.B8	Pseudomonas viridiflava					p23.B8		PRJEB24450	SAMEA104472321
GCA_900583845.1	p20.D5	Pseudomonas viridiflava					p20.D5		PRJEB24450	SAMEA104472121
GCF_900583845.1	p20.D5	Pseudomonas viridiflava					p20.D5		PRJEB24450	SAMEA104472121
GCA_900585995.1	p23.D4	Pseudomonas viridiflava					p23.D4		PRJEB24450	SAMEA104472335
GCF_900585995.1	p23.D4	Pseudomonas viridiflava					p23.D4		PRJEB24450	SAMEA104472335
GCA_900581215.1	p12.B5	Pseudomonas viridiflava					p12.B5		PRJEB24450	SAMEA104471859
GCF_900581215.1	p12.B5	Pseudomonas viridiflava					p12.B5		PRJEB24450	SAMEA104471859
GCA_002406485.1	ASM240648v1	Pseudomonas viridiflava		CH409					PRJNA407797	SAMN07664227
GCF_002406485.1	ASM240648v1	Pseudomonas viridiflava		CH409					PRJNA407797	SAMN07664227
GCA_900586315.1	p24.A5	Pseudomonas viridiflava					p24.A5		PRJEB24450	SAMEA104472373
GCF_900586315.1	p24.A5	Pseudomonas viridiflava					p24.A5		PRJEB24450	SAMEA104472373
GCA_900588435.1	p26.E10	Pseudomonas viridiflava					p26.E10		PRJEB24450	SAMEA104472575
GCF_900588435.1	p26.E10	Pseudomonas viridiflava					p26.E10		PRJEB24450	SAMEA104472575
GCA_900583195.1	p1.F10	Pseudomonas viridiflava					p1.F10		PRJEB24450	SAMEA104472052
GCF_900583195.1	p1.F10	Pseudomonas viridiflava					p1.F10		PRJEB24450	SAMEA104472052
GCA_900581885.1	p13.A8	Pseudomonas viridiflava					p13.A8		PRJEB24450	SAMEA104471924
GCF_900581885.1	p13.A8	Pseudomonas viridiflava					p13.A8		PRJEB24450	SAMEA104471924
GCA_900598925.1	p5.A10	Pseudomonas viridiflava					p5.A10		PRJEB24450	SAMEA104472874
GCF_900598925.1	p5.A10	Pseudomonas viridiflava					p5.A10		PRJEB24450	SAMEA104472874
GCA_900590635.1	p4.A5	Pseudomonas viridiflava					p4.A5		PRJEB24450	SAMEA104472805
GCF_900590635.1	p4.A5	Pseudomonas viridiflava					p4.A5		PRJEB24450	SAMEA104472805
GCA_900586625.1	p24.D5	Pseudomonas viridiflava					p24.D5		PRJEB24450	SAMEA104472405
GCF_900586625.1	p24.D5	Pseudomonas viridiflava					p24.D5		PRJEB24450	SAMEA104472405
GCA_900582875.1	p1.C6	Pseudomonas viridiflava					p1.C6		PRJEB24450	SAMEA104472029
GCF_900582875.1	p1.C6	Pseudomonas viridiflava					p1.C6		PRJEB24450	SAMEA104472029
GCA_900584055.1	p20.F5	Pseudomonas viridiflava					p20.F5		PRJEB24450	SAMEA104472142
GCF_900584055.1	p20.F5	Pseudomonas viridiflava					p20.F5		PRJEB24450	SAMEA104472142
GCA_900584115.1	p20.G5	Pseudomonas viridiflava					p20.G5		PRJEB24450	SAMEA104472152
GCF_900584115.1	p20.G5	Pseudomonas viridiflava					p20.G5		PRJEB24450	SAMEA104472152
GCA_900581155.1	p12.A8	Pseudomonas viridiflava					p12.A8		PRJEB24450	SAMEA104471852
GCF_900581155.1	p12.A8	Pseudomonas viridiflava					p12.A8		PRJEB24450	SAMEA104471852
GCA_036349835.1	ASM3634983v1	Pseudomonas viridiflava		Pv95_6					PRJNA1070346	SAMN39642351
GCF_036349835.1	ASM3634983v1	Pseudomonas viridiflava		Pv95_6					PRJNA1070346	SAMN39642351
GCA_900587095.1	p24.H7	Pseudomonas viridiflava					p24.H7		PRJEB24450	SAMEA104472450
GCF_900587095.1	p24.H7	Pseudomonas viridiflava					p24.H7		PRJEB24450	SAMEA104472450
GCA_900581285.1	p12.B8	Pseudomonas viridiflava					p12.B8		PRJEB24450	SAMEA104471862
GCF_900581285.1	p12.B8	Pseudomonas viridiflava					p12.B8		PRJEB24450	SAMEA104471862
GCA_900583075.1	p1.D7	Pseudomonas viridiflava					p1.D7		PRJEB24450	SAMEA104472042
GCF_900583075.1	p1.D7	Pseudomonas viridiflava					p1.D7		PRJEB24450	SAMEA104472042
GCA_900586565.1	p24.C7	Pseudomonas viridiflava					p24.C7		PRJEB24450	SAMEA104472395
GCF_900586565.1	p24.C7	Pseudomonas viridiflava					p24.C7		PRJEB24450	SAMEA104472395
GCA_900582985.1	p1.C7	Pseudomonas viridiflava					p1.C7		PRJEB24450	SAMEA104472030
GCF_900582985.1	p1.C7	Pseudomonas viridiflava					p1.C7		PRJEB24450	SAMEA104472030
GCA_900588205.1	p26.B7	Pseudomonas viridiflava					p26.B7		PRJEB24450	SAMEA104472556
GCF_900588205.1	p26.B7	Pseudomonas viridiflava					p26.B7		PRJEB24450	SAMEA104472556
GCA_900581925.1	p13.B7	Pseudomonas viridiflava					p13.B7		PRJEB24450	SAMEA104471932
GCF_900581925.1	p13.B7	Pseudomonas viridiflava					p13.B7		PRJEB24450	SAMEA104471932
GCA_900587015.1	p24.G7	Pseudomonas viridiflava					p24.G7		PRJEB24450	SAMEA104472439
GCF_900587015.1	p24.G7	Pseudomonas viridiflava					p24.G7		PRJEB24450	SAMEA104472439
GCA_900588455.1	p26.F10	Pseudomonas viridiflava					p26.F10		PRJEB24450	SAMEA104472585
GCF_900588455.1	p26.F10	Pseudomonas viridiflava					p26.F10		PRJEB24450	SAMEA104472585
GCA_036349345.1	ASM3634934v1	Pseudomonas viridiflava		21GA0410					PRJNA1070346	SAMN39642362
GCF_036349345.1	ASM3634934v1	Pseudomonas viridiflava		21GA0410					PRJNA1070346	SAMN39642362
GCA_900580555.1	p11.C3	Pseudomonas viridiflava					p11.C3		PRJEB24450	SAMEA104471791
GCF_900580555.1	p11.C3	Pseudomonas viridiflava					p11.C3		PRJEB24450	SAMEA104471791
GCA_900582035.1	p13.C9	Pseudomonas viridiflava					p13.C9		PRJEB24450	SAMEA104471945
GCF_900582035.1	p13.C9	Pseudomonas viridiflava					p13.C9		PRJEB24450	SAMEA104471945
GCA_900590045.1	p3.B9	Pseudomonas viridiflava					p3.B9		PRJEB24450	SAMEA104472743
GCF_900590045.1	p3.B9	Pseudomonas viridiflava					p3.B9		PRJEB24450	SAMEA104472743
GCA_900589005.1	p27.G3	Pseudomonas viridiflava					p27.G3		PRJEB24450	SAMEA104472638
GCF_900589005.1	p27.G3	Pseudomonas viridiflava					p27.G3		PRJEB24450	SAMEA104472638
GCA_900581875.1	p13.A4	Pseudomonas viridiflava					p13.A4		PRJEB24450	SAMEA104471923
GCF_900581875.1	p13.A4	Pseudomonas viridiflava					p13.A4		PRJEB24450	SAMEA104471923
GCA_036350005.1	ASM3635000v1	Pseudomonas viridiflava		Pv87_1					PRJNA1070346	SAMN39642348
GCF_036350005.1	ASM3635000v1	Pseudomonas viridiflava		Pv87_1					PRJNA1070346	SAMN39642348
GCA_900598875.1	p4.H5	Pseudomonas viridiflava					p4.H5		PRJEB24450	SAMEA104472870
GCF_900598875.1	p4.H5	Pseudomonas viridiflava					p4.H5		PRJEB24450	SAMEA104472870
GCA_900588325.1	p26.D3	Pseudomonas viridiflava					p26.D3		PRJEB24450	SAMEA104472568
GCF_900588325.1	p26.D3	Pseudomonas viridiflava					p26.D3		PRJEB24450	SAMEA104472568
GCA_900588475.1	p26.E8	Pseudomonas viridiflava					p26.E8		PRJEB24450	SAMEA104472583
GCF_900588475.1	p26.E8	Pseudomonas viridiflava					p26.E8		PRJEB24450	SAMEA104472583
GCA_036349875.1	ASM3634987v1	Pseudomonas viridiflava		21GA0523					PRJNA1070346	SAMN39642364
GCF_036349875.1	ASM3634987v1	Pseudomonas viridiflava		21GA0523					PRJNA1070346	SAMN39642364
GCA_900580825.1	p11.F6	Pseudomonas viridiflava					p11.F6		PRJEB24450	SAMEA104471820
GCF_900580825.1	p11.F6	Pseudomonas viridiflava					p11.F6		PRJEB24450	SAMEA104471820
GCA_900588235.1	p26.C10	Pseudomonas viridiflava					p26.C10		PRJEB24450	SAMEA104472558
GCF_900588235.1	p26.C10	Pseudomonas viridiflava					p26.C10		PRJEB24450	SAMEA104472558
GCA_900581855.1	p13.A3	Pseudomonas viridiflava					p13.A3		PRJEB24450	SAMEA104471922
GCF_900581855.1	p13.A3	Pseudomonas viridiflava					p13.A3		PRJEB24450	SAMEA104471922
GCA_900588315.1	p26.D7	Pseudomonas viridiflava					p26.D7		PRJEB24450	SAMEA104472572
GCF_900588315.1	p26.D7	Pseudomonas viridiflava					p26.D7		PRJEB24450	SAMEA104472572
GCA_900586515.1	p24.C5	Pseudomonas viridiflava					p24.C5		PRJEB24450	SAMEA104472394
GCF_900586515.1	p24.C5	Pseudomonas viridiflava					p24.C5		PRJEB24450	SAMEA104472394
GCA_003700335.1	ASM370033v1	Pseudomonas viridiflava		ICMP 3272					PRJNA292453	SAMN03976434
GCF_003700335.1	ASM370033v1	Pseudomonas viridiflava		ICMP 3272					PRJNA292453	SAMN03976434
GCA_036349785.1	ASM3634978v1	Pseudomonas viridiflava		21GA0533					PRJNA1070346	SAMN39642368
GCF_036349785.1	ASM3634978v1	Pseudomonas viridiflava		21GA0533					PRJNA1070346	SAMN39642368
GCA_900581315.1	p12.B9	Pseudomonas viridiflava					p12.B9		PRJEB24450	SAMEA104471863
GCF_900581315.1	p12.B9	Pseudomonas viridiflava					p12.B9		PRJEB24450	SAMEA104471863
GCA_036349465.1	ASM3634946v1	Pseudomonas viridiflava		20GA0071					PRJNA1070346	SAMN39642360
GCF_036349465.1	ASM3634946v1	Pseudomonas viridiflava		20GA0071					PRJNA1070346	SAMN39642360
GCA_900586685.1	p24.D7	Pseudomonas viridiflava					p24.D7		PRJEB24450	SAMEA104472406
GCF_900586685.1	p24.D7	Pseudomonas viridiflava					p24.D7		PRJEB24450	SAMEA104472406
GCA_900589725.1	p2.G3	Pseudomonas viridiflava					p2.G3		PRJEB24450	SAMEA104472705
GCF_900589725.1	p2.G3	Pseudomonas viridiflava					p2.G3		PRJEB24450	SAMEA104472705
GCA_900586775.1	p24.E7	Pseudomonas viridiflava					p24.E7		PRJEB24450	SAMEA104472417
GCF_900586775.1	p24.E7	Pseudomonas viridiflava					p24.E7		PRJEB24450	SAMEA104472417
GCA_036349915.1	ASM3634991v1	Pseudomonas viridiflava		21GA0573					PRJNA1070346	SAMN39642379
GCF_036349915.1	ASM3634991v1	Pseudomonas viridiflava		21GA0573					PRJNA1070346	SAMN39642379
GCA_900587545.1	p25.D4	Pseudomonas viridiflava					p25.D4		PRJEB24450	SAMEA104472492
GCF_900587545.1	p25.D4	Pseudomonas viridiflava					p25.D4		PRJEB24450	SAMEA104472492
GCA_900588245.1	p26.B8	Pseudomonas viridiflava					p26.B8		PRJEB24450	SAMEA104472557
GCF_900588245.1	p26.B8	Pseudomonas viridiflava					p26.B8		PRJEB24450	SAMEA104472557
GCA_900581375.1	p12.C5	Pseudomonas viridiflava					p12.C5		PRJEB24450	SAMEA104471869
GCF_900581375.1	p12.C5	Pseudomonas viridiflava					p12.C5		PRJEB24450	SAMEA104471869
GCA_900586745.1	p24.E5	Pseudomonas viridiflava					p24.E5		PRJEB24450	SAMEA104472416
GCF_900586745.1	p24.E5	Pseudomonas viridiflava					p24.E5		PRJEB24450	SAMEA104472416
GCA_900588355.1	p26.D8	Pseudomonas viridiflava					p26.D8		PRJEB24450	SAMEA104472573
GCF_900588355.1	p26.D8	Pseudomonas viridiflava					p26.D8		PRJEB24450	SAMEA104472573
GCA_900589735.1	p2.G5	Pseudomonas viridiflava					p2.G5		PRJEB24450	SAMEA104472707
GCF_900589735.1	p2.G5	Pseudomonas viridiflava					p2.G5		PRJEB24450	SAMEA104472707
GCA_900582635.1	p13.H6	Pseudomonas viridiflava					p13.H6		PRJEB24450	SAMEA104471996
GCF_900582635.1	p13.H6	Pseudomonas viridiflava					p13.H6		PRJEB24450	SAMEA104471996
GCA_900588685.1	p26.G9	Pseudomonas viridiflava					p26.G9		PRJEB24450	SAMEA104472604
GCF_900588685.1	p26.G9	Pseudomonas viridiflava					p26.G9		PRJEB24450	SAMEA104472604
GCA_900587305.1	p25.B12	Pseudomonas viridiflava					p25.B12		PRJEB24450	SAMEA104472466
GCF_900587305.1	p25.B12	Pseudomonas viridiflava					p25.B12		PRJEB24450	SAMEA104472466
GCA_036349375.1	ASM3634937v1	Pseudomonas viridiflava		21GA0539					PRJNA1070346	SAMN39642370
GCF_036349375.1	ASM3634937v1	Pseudomonas viridiflava		21GA0539					PRJNA1070346	SAMN39642370
GCA_036349315.1	ASM3634931v1	Pseudomonas viridiflava		21GA0558					PRJNA1070346	SAMN39642373
GCF_036349315.1	ASM3634931v1	Pseudomonas viridiflava		21GA0558					PRJNA1070346	SAMN39642373
GCA_900582045.1	p13.C5	Pseudomonas viridiflava					p13.C5		PRJEB24450	SAMEA104471941
GCF_900582045.1	p13.C5	Pseudomonas viridiflava					p13.C5		PRJEB24450	SAMEA104471941
GCA_900598865.1	p5.A1	Pseudomonas viridiflava					p5.A1		PRJEB24450	SAMEA104472877
GCF_900598865.1	p5.A1	Pseudomonas viridiflava					p5.A1		PRJEB24450	SAMEA104472877
GCA_900590445.1	p3.F8	Pseudomonas viridiflava					p3.F8		PRJEB24450	SAMEA104472782
GCF_900590445.1	p3.F8	Pseudomonas viridiflava					p3.F8		PRJEB24450	SAMEA104472782
GCA_900588875.1	p27.D5	Pseudomonas viridiflava					p27.D5		PRJEB24450	SAMEA104472627
GCF_900588875.1	p27.D5	Pseudomonas viridiflava					p27.D5		PRJEB24450	SAMEA104472627
GCA_900581395.1	p12.C9	Pseudomonas viridiflava					p12.C9		PRJEB24450	SAMEA104471873
GCF_900581395.1	p12.C9	Pseudomonas viridiflava					p12.C9		PRJEB24450	SAMEA104471873
GCA_036349715.1	ASM3634971v1	Pseudomonas viridiflava		21GA0571					PRJNA1070346	SAMN39642378
GCF_036349715.1	ASM3634971v1	Pseudomonas viridiflava		21GA0571					PRJNA1070346	SAMN39642378
GCA_900582575.1	p13.H7	Pseudomonas viridiflava					p13.H7		PRJEB24450	SAMEA104471997
GCF_900582575.1	p13.H7	Pseudomonas viridiflava					p13.H7		PRJEB24450	SAMEA104471997
GCA_009765495.1	ASM976549v1	Pseudomonas viridiflava		BAV 2572					PRJNA576872	SAMN13012101
GCF_009765495.1	ASM976549v1	Pseudomonas viridiflava		BAV 2572					PRJNA576872	SAMN13012101
GCA_900587555.1	p25.D1	Pseudomonas viridiflava					p25.D1		PRJEB24450	SAMEA104472489
GCF_900587555.1	p25.D1	Pseudomonas viridiflava					p25.D1		PRJEB24450	SAMEA104472489
GCA_036349845.1	ASM3634984v1	Pseudomonas viridiflava		21GA0527					PRJNA1070346	SAMN39642366
GCF_036349845.1	ASM3634984v1	Pseudomonas viridiflava		21GA0527					PRJNA1070346	SAMN39642366
GCA_900589855.1	p3.A12	Pseudomonas viridiflava					p3.A12		PRJEB24450	SAMEA104472723
GCF_900589855.1	p3.A12	Pseudomonas viridiflava					p3.A12		PRJEB24450	SAMEA104472723
GCA_036349985.1	ASM3634998v1	Pseudomonas viridiflava		Pv95_8					PRJNA1070346	SAMN39642352
GCF_036349985.1	ASM3634998v1	Pseudomonas viridiflava		Pv95_8					PRJNA1070346	SAMN39642352
GCA_036349815.1	ASM3634981v1	Pseudomonas viridiflava		21GA0525					PRJNA1070346	SAMN39642365
GCF_036349815.1	ASM3634981v1	Pseudomonas viridiflava		21GA0525					PRJNA1070346	SAMN39642365
GCA_900590645.1	p4.A6	Pseudomonas viridiflava					p4.A6		PRJEB24450	SAMEA104472806
GCF_900590645.1	p4.A6	Pseudomonas viridiflava					p4.A6		PRJEB24450	SAMEA104472806
GCA_900590815.1	p4.C1	Pseudomonas viridiflava					p4.C1		PRJEB24450	SAMEA104472822
GCF_900590815.1	p4.C1	Pseudomonas viridiflava					p4.C1		PRJEB24450	SAMEA104472822
GCA_036349765.1	ASM3634976v1	Pseudomonas viridiflava		21GA0532					PRJNA1070346	SAMN39642367
GCF_036349765.1	ASM3634976v1	Pseudomonas viridiflava		21GA0532					PRJNA1070346	SAMN39642367
GCA_900582505.1	p13.G6	Pseudomonas viridiflava					p13.G6		PRJEB24450	SAMEA104471986
GCF_900582505.1	p13.G6	Pseudomonas viridiflava					p13.G6		PRJEB24450	SAMEA104471986
GCA_005233555.1	ASM523355v1	Pseudomonas viridiflava		CFBP13515					PRJNA459504	SAMN09064882
GCF_005233555.1	ASM523355v1	Pseudomonas viridiflava		CFBP13515					PRJNA459504	SAMN09064882
GCA_036349335.1	ASM3634933v1	Pseudomonas viridiflava		21GA0472					PRJNA1070346	SAMN39642363
GCF_036349335.1	ASM3634933v1	Pseudomonas viridiflava		21GA0472					PRJNA1070346	SAMN39642363
GCA_900590245.1	p3.D2	Pseudomonas viridiflava					p3.D2		PRJEB24450	SAMEA104472758
GCF_900590245.1	p3.D2	Pseudomonas viridiflava					p3.D2		PRJEB24450	SAMEA104472758
GCA_900580505.1	p11.B6	Pseudomonas viridiflava					p11.B6		PRJEB24450	SAMEA104471782
GCF_900580505.1	p11.B6	Pseudomonas viridiflava					p11.B6		PRJEB24450	SAMEA104471782
GCA_016307515.1	ASM1630751v1	Pseudomonas viridiflava		13_3a_2er					PRJNA680595	SAMN16885837
GCF_016307515.1	ASM1630751v1	Pseudomonas viridiflava		13_3a_2er					PRJNA680595	SAMN16885837
GCA_900580995.1	p11.G9	Pseudomonas viridiflava					p11.G9		PRJEB24450	SAMEA104471833
GCF_900580995.1	p11.G9	Pseudomonas viridiflava					p11.G9		PRJEB24450	SAMEA104471833
GCA_016308365.1	ASM1630836v1	Pseudomonas viridiflava		Pvir6_2					PRJNA680595	SAMN16885796
GCF_016308365.1	ASM1630836v1	Pseudomonas viridiflava		Pvir6_2					PRJNA680595	SAMN16885796
GCA_900581475.1	p12.D6	Pseudomonas viridiflava					p12.D6		PRJEB24450	SAMEA104471878
GCF_900581475.1	p12.D6	Pseudomonas viridiflava					p12.D6		PRJEB24450	SAMEA104471878
GCA_016307535.1	ASM1630753v1	Pseudomonas viridiflava		13_3a_2fr					PRJNA680595	SAMN16885838
GCF_016307535.1	ASM1630753v1	Pseudomonas viridiflava		13_3a_2fr					PRJNA680595	SAMN16885838
GCA_036349755.1	ASM3634975v1	Pseudomonas viridiflava		21GA0538					PRJNA1070346	SAMN39642369
GCF_036349755.1	ASM3634975v1	Pseudomonas viridiflava		21GA0538					PRJNA1070346	SAMN39642369
GCA_036349355.1	ASM3634935v1	Pseudomonas viridiflava		21GA0554					PRJNA1070346	SAMN39642372
GCF_036349355.1	ASM3634935v1	Pseudomonas viridiflava		21GA0554					PRJNA1070346	SAMN39642372
GCA_024584175.1	ASM2458417v1	Pseudomonas viridiflava		LCYQ07					PRJNA755448	SAMN27117403
GCF_024584175.1	ASM2458417v1	Pseudomonas viridiflava		LCYQ07					PRJNA755448	SAMN27117403
GCA_016307575.1	ASM1630757v1	Pseudomonas viridiflava		13_3a_2dr					PRJNA680595	SAMN16885836
GCF_016307575.1	ASM1630757v1	Pseudomonas viridiflava		13_3a_2dr					PRJNA680595	SAMN16885836
GCA_900588485.1	p26.E9	Pseudomonas viridiflava					p26.E9		PRJEB24450	SAMEA104472584
GCF_900588485.1	p26.E9	Pseudomonas viridiflava					p26.E9		PRJEB24450	SAMEA104472584
GCA_900588925.1	p27.E2	Pseudomonas viridiflava					p27.E2		PRJEB24450	SAMEA104472630
GCF_900588925.1	p27.E2	Pseudomonas viridiflava					p27.E2		PRJEB24450	SAMEA104472630
GCA_900581895.1	p13.B1	Pseudomonas viridiflava					p13.B1		PRJEB24450	SAMEA104471926
GCF_900581895.1	p13.B1	Pseudomonas viridiflava					p13.B1		PRJEB24450	SAMEA104471926
GCA_900587325.1	p25.B4	Pseudomonas viridiflava					p25.B4		PRJEB24450	SAMEA104472470
GCF_900587325.1	p25.B4	Pseudomonas viridiflava					p25.B4		PRJEB24450	SAMEA104472470
GCA_900591055.1	p4.E5	Pseudomonas viridiflava					p4.E5		PRJEB24450	SAMEA104472842
GCF_900591055.1	p4.E5	Pseudomonas viridiflava					p4.E5		PRJEB24450	SAMEA104472842
GCA_036349255.1	ASM3634925v1	Pseudomonas viridiflava		21GA0551					PRJNA1070346	SAMN39642371
GCF_036349255.1	ASM3634925v1	Pseudomonas viridiflava		21GA0551					PRJNA1070346	SAMN39642371
GCA_036349245.1	ASM3634924v1	Pseudomonas viridiflava		21GA0561					PRJNA1070346	SAMN39642374
GCF_036349245.1	ASM3634924v1	Pseudomonas viridiflava		21GA0561					PRJNA1070346	SAMN39642374
GCA_016307675.1	ASM1630767v1	Pseudomonas viridiflava		Pvir_9r_6					PRJNA680595	SAMN16885829
GCF_016307675.1	ASM1630767v1	Pseudomonas viridiflava		Pvir_9r_6					PRJNA680595	SAMN16885829
GCA_003700305.1	ASM370030v1	Pseudomonas viridiflava		ICMP 11296					PRJNA292453	SAMN03976423
GCF_003700305.1	ASM370030v1	Pseudomonas viridiflava		ICMP 11296					PRJNA292453	SAMN03976423
GCA_036349555.1	ASM3634955v1	Pseudomonas viridiflava		21GA0632					PRJNA1070346	SAMN39642380
GCF_036349555.1	ASM3634955v1	Pseudomonas viridiflava		21GA0632					PRJNA1070346	SAMN39642380
GCA_036349935.1	ASM3634993v1	Pseudomonas viridiflava		21GA0562					PRJNA1070346	SAMN39642375
GCF_036349935.1	ASM3634993v1	Pseudomonas viridiflava		21GA0562					PRJNA1070346	SAMN39642375
GCA_036349955.1	ASM3634995v1	Pseudomonas viridiflava		21GA0564					PRJNA1070346	SAMN39642376
GCF_036349955.1	ASM3634995v1	Pseudomonas viridiflava		21GA0564					PRJNA1070346	SAMN39642376
GCA_036349895.1	ASM3634989v1	Pseudomonas viridiflava		21GA0570					PRJNA1070346	SAMN39642377
GCF_036349895.1	ASM3634989v1	Pseudomonas viridiflava		21GA0570					PRJNA1070346	SAMN39642377
GCA_900587125.1	p24.H6	Pseudomonas viridiflava					p24.H6		PRJEB24450	SAMEA104472449
GCF_900587125.1	p24.H6	Pseudomonas viridiflava					p24.H6		PRJEB24450	SAMEA104472449
GCA_900588945.1	p27.E5	Pseudomonas viridiflava					p27.E5		PRJEB24450	SAMEA104472631
GCF_900588945.1	p27.E5	Pseudomonas viridiflava					p27.E5		PRJEB24450	SAMEA104472631
GCA_900582515.1	p13.G7	Pseudomonas viridiflava					p13.G7		PRJEB24450	SAMEA104471987
GCF_900582515.1	p13.G7	Pseudomonas viridiflava					p13.G7		PRJEB24450	SAMEA104471987
GCA_900588565.1	p26.G2	Pseudomonas viridiflava					p26.G2		PRJEB24450	SAMEA104472597
GCF_900588565.1	p26.G2	Pseudomonas viridiflava					p26.G2		PRJEB24450	SAMEA104472597
GCA_900589885.1	p3.A3	Pseudomonas viridiflava					p3.A3		PRJEB24450	SAMEA104472726
GCF_900589885.1	p3.A3	Pseudomonas viridiflava					p3.A3		PRJEB24450	SAMEA104472726
GCA_900590565.1	p3.G4	Pseudomonas viridiflava					p3.G4		PRJEB24450	SAMEA104472788
GCF_900590565.1	p3.G4	Pseudomonas viridiflava					p3.G4		PRJEB24450	SAMEA104472788
GCA_900580685.1	p11.D6	Pseudomonas viridiflava					p11.D6		PRJEB24450	SAMEA104471802
GCF_900580685.1	p11.D6	Pseudomonas viridiflava					p11.D6		PRJEB24450	SAMEA104471802
GCA_900588965.1	p27.F2	Pseudomonas viridiflava					p27.F2		PRJEB24450	SAMEA104472633
GCF_900588965.1	p27.F2	Pseudomonas viridiflava					p27.F2		PRJEB24450	SAMEA104472633
GCA_016307685.1	ASM1630768v1	Pseudomonas viridiflava		Pvir_12_2b					PRJNA680595	SAMN16885830
GCF_016307685.1	ASM1630768v1	Pseudomonas viridiflava		Pvir_12_2b					PRJNA680595	SAMN16885830
GCA_034808265.1	ASM3480826v1	Pseudomonas viridiflava		FSL S12-0061					PRJNA1003870	SAMN37350782
GCF_034808265.1	ASM3480826v1	Pseudomonas viridiflava		FSL S12-0061					PRJNA1003870	SAMN37350782
GCA_900588695.1	p26.H3	Pseudomonas viridiflava					p26.H3		PRJEB24450	SAMEA104472607
GCF_900588695.1	p26.H3	Pseudomonas viridiflava					p26.H3		PRJEB24450	SAMEA104472607
GCA_900585425.1	p22.D3	Pseudomonas viridiflava					p22.D3		PRJEB24450	SAMEA104472277
GCF_900585425.1	p22.D3	Pseudomonas viridiflava					p22.D3		PRJEB24450	SAMEA104472277
GCA_900586165.1	p23.G5	Pseudomonas viridiflava					p23.G5		PRJEB24450	SAMEA104472356
GCF_900586165.1	p23.G5	Pseudomonas viridiflava					p23.G5		PRJEB24450	SAMEA104472356
GCA_900588285.1	p26.C9	Pseudomonas viridiflava					p26.C9		PRJEB24450	SAMEA104472565
GCF_900588285.1	p26.C9	Pseudomonas viridiflava					p26.C9		PRJEB24450	SAMEA104472565
GCA_900588975.1	p27.F4	Pseudomonas viridiflava					p27.F4		PRJEB24450	SAMEA104472635
GCF_900588975.1	p27.F4	Pseudomonas viridiflava					p27.F4		PRJEB24450	SAMEA104472635
GCA_900586705.1	p24.E11	Pseudomonas viridiflava					p24.E11		PRJEB24450	SAMEA104472410
GCF_900586705.1	p24.E11	Pseudomonas viridiflava					p24.E11		PRJEB24450	SAMEA104472410
GCA_016307775.1	ASM1630777v1	Pseudomonas viridiflava		Pvir12_2					PRJNA680595	SAMN16885823
GCF_016307775.1	ASM1630777v1	Pseudomonas viridiflava		Pvir12_2					PRJNA680595	SAMN16885823
GCA_900590865.1	p4.B7	Pseudomonas viridiflava					p4.B7		PRJEB24450	SAMEA104472817
GCF_900590865.1	p4.B7	Pseudomonas viridiflava					p4.B7		PRJEB24450	SAMEA104472817
GCA_900581965.1	p13.B6	Pseudomonas viridiflava					p13.B6		PRJEB24450	SAMEA104471931
GCF_900581965.1	p13.B6	Pseudomonas viridiflava					p13.B6		PRJEB24450	SAMEA104471931
GCA_900585415.1	p22.D1	Pseudomonas viridiflava					p22.D1		PRJEB24450	SAMEA104472275
GCF_900585415.1	p22.D1	Pseudomonas viridiflava					p22.D1		PRJEB24450	SAMEA104472275
GCA_900590405.1	p3.F6	Pseudomonas viridiflava					p3.F6		PRJEB24450	SAMEA104472780
GCF_900590405.1	p3.F6	Pseudomonas viridiflava					p3.F6		PRJEB24450	SAMEA104472780
GCA_900581655.1	p12.G6	Pseudomonas viridiflava					p12.G6		PRJEB24450	SAMEA104471905
GCF_900581655.1	p12.G6	Pseudomonas viridiflava					p12.G6		PRJEB24450	SAMEA104471905
GCA_900588295.1	p26.D6	Pseudomonas viridiflava					p26.D6		PRJEB24450	SAMEA104472571
GCF_900588295.1	p26.D6	Pseudomonas viridiflava					p26.D6		PRJEB24450	SAMEA104472571
GCA_900588105.1	p26.B3	Pseudomonas viridiflava					p26.B3		PRJEB24450	SAMEA104472552
GCF_900588105.1	p26.B3	Pseudomonas viridiflava					p26.B3		PRJEB24450	SAMEA104472552
GCA_900586855.1	p24.F7	Pseudomonas viridiflava					p24.F7		PRJEB24450	SAMEA104472428
GCF_900586855.1	p24.F7	Pseudomonas viridiflava					p24.F7		PRJEB24450	SAMEA104472428
GCA_900588595.1	p26.F9	Pseudomonas viridiflava					p26.F9		PRJEB24450	SAMEA104472594
GCF_900588595.1	p26.F9	Pseudomonas viridiflava					p26.F9		PRJEB24450	SAMEA104472594
GCA_900587285.1	p25.B1	Pseudomonas viridiflava					p25.B1		PRJEB24450	SAMEA104472467
GCF_900587285.1	p25.B1	Pseudomonas viridiflava					p25.B1		PRJEB24450	SAMEA104472467
GCA_900587515.1	p25.D2	Pseudomonas viridiflava					p25.D2		PRJEB24450	SAMEA104472490
GCF_900587515.1	p25.D2	Pseudomonas viridiflava					p25.D2		PRJEB24450	SAMEA104472490
GCA_900587175.1	p25.A12	Pseudomonas viridiflava					p25.A12		PRJEB24450	SAMEA104472455
GCF_900587175.1	p25.A12	Pseudomonas viridiflava					p25.A12		PRJEB24450	SAMEA104472455
GCA_900588345.1	p26.D2	Pseudomonas viridiflava					p26.D2		PRJEB24450	SAMEA104472567
GCF_900588345.1	p26.D2	Pseudomonas viridiflava					p26.D2		PRJEB24450	SAMEA104472567
GCA_900587315.1	p25.B2	Pseudomonas viridiflava					p25.B2		PRJEB24450	SAMEA104472468
GCF_900587315.1	p25.B2	Pseudomonas viridiflava					p25.B2		PRJEB24450	SAMEA104472468
GCA_900587405.1	p25.C11	Pseudomonas viridiflava					p25.C11		PRJEB24450	SAMEA104472476
GCF_900587405.1	p25.C11	Pseudomonas viridiflava					p25.C11		PRJEB24450	SAMEA104472476
GCA_900585395.1	p22.D4	Pseudomonas viridiflava					p22.D4		PRJEB24450	SAMEA104472278
GCF_900585395.1	p22.D4	Pseudomonas viridiflava					p22.D4		PRJEB24450	SAMEA104472278
GCA_000307715.1	PseVir1.0	Pseudomonas viridiflava UASWS0038		UASWS0038					PRJNA19911	SAMN02471545
GCF_000307715.1	PseVir1.0	Pseudomonas viridiflava UASWS0038		UASWS0038					PRJNA19911	SAMN02471545
GCA_000452485.1	TA043_042011_1.0	Pseudomonas viridiflava TA043		TA043					PRJNA211421	SAMN02471557
GCF_000452485.1	TA043_042011_1.0	Pseudomonas viridiflava TA043		TA043					PRJNA211421	SAMN02471557
GCA_000452505.1	CC1582_042011_1.0	Pseudomonas viridiflava CC1582		CC1582					PRJNA211420	SAMN02471565
GCF_000452505.1	CC1582_042011_1.0	Pseudomonas viridiflava CC1582		CC1582					PRJNA211420	SAMN02471565
GCA_030544665.1	ASM3054466v1	Pseudomonas viridiflava		P12_DOA					PRJNA729128	SAMN19111265
GCA_040214645.1	ASM4021464v1	Pseudomonas viridiflava		Atecer10B					PRJNA1119364	SAMN41651209
GCA_900599415.1	p5.F1	Pseudomonas viridiflava					p5.F1		PRJEB24450	SAMEA104472931
GCF_900599415.1	p5.F1	Pseudomonas viridiflava					p5.F1		PRJEB24450	SAMEA104472931
GCA_900589295.1	p2.C11	Pseudomonas viridiflava					p2.C11		PRJEB24450	SAMEA104472663
GCF_900589295.1	p2.C11	Pseudomonas viridiflava					p2.C11		PRJEB24450	SAMEA104472663
GCA_900582625.1	p13.H9	Pseudomonas viridiflava					p13.H9		PRJEB24450	SAMEA104471998
GCF_900582625.1	p13.H9	Pseudomonas viridiflava					p13.H9		PRJEB24450	SAMEA104471998
GCA_900582425.1	p13.G10	Pseudomonas viridiflava					p13.G10		PRJEB24450	SAMEA104471980
GCF_900582425.1	p13.G10	Pseudomonas viridiflava					p13.G10		PRJEB24450	SAMEA104471980
GCA_900601405.1	p7.H9	Pseudomonas viridiflava					p7.H9		PRJEB24450	SAMEA104473124
GCF_900601405.1	p7.H9	Pseudomonas viridiflava					p7.H9		PRJEB24450	SAMEA104473124
GCA_900599435.1	p5.F2	Pseudomonas viridiflava					p5.F2		PRJEB24450	SAMEA104472932
GCF_900599435.1	p5.F2	Pseudomonas viridiflava					p5.F2		PRJEB24450	SAMEA104472932
GCA_900581815.1	p12.H9	Pseudomonas viridiflava					p12.H9		PRJEB24450	SAMEA104471917
GCF_900581815.1	p12.H9	Pseudomonas viridiflava					p12.H9		PRJEB24450	SAMEA104471917
GCA_900580655.1	p11.E11	Pseudomonas viridiflava					p11.E11		PRJEB24450	SAMEA104471806
GCF_900580655.1	p11.E11	Pseudomonas viridiflava					p11.E11		PRJEB24450	SAMEA104471806
GCA_900581025.1	p11.H3	Pseudomonas viridiflava					p11.H3		PRJEB24450	SAMEA104471838
GCF_900581025.1	p11.H3	Pseudomonas viridiflava					p11.H3		PRJEB24450	SAMEA104471838
GCA_900586155.1	p23.F4	Pseudomonas viridiflava					p23.F4		PRJEB24450	SAMEA104472349
GCF_900586155.1	p23.F4	Pseudomonas viridiflava					p23.F4		PRJEB24450	SAMEA104472349
GCA_900589535.1	p2.E4	Pseudomonas viridiflava					p2.E4		PRJEB24450	SAMEA104472687
GCF_900589535.1	p2.E4	Pseudomonas viridiflava					p2.E4		PRJEB24450	SAMEA104472687
GCA_900583475.1	p20.A10	Pseudomonas viridiflava					p20.A10		PRJEB24450	SAMEA104472084
GCF_900583475.1	p20.A10	Pseudomonas viridiflava					p20.A10		PRJEB24450	SAMEA104472084
GCA_900590885.1	p4.D11	Pseudomonas viridiflava					p4.D11		PRJEB24450	SAMEA104472831
GCF_900590885.1	p4.D11	Pseudomonas viridiflava					p4.D11		PRJEB24450	SAMEA104472831
GCA_900601695.1	p8.E11	Pseudomonas viridiflava					p8.E11		PRJEB24450	SAMEA104473161
GCF_900601695.1	p8.E11	Pseudomonas viridiflava					p8.E11		PRJEB24450	SAMEA104473161
GCA_900596015.1	p4.G6	Pseudomonas viridiflava					p4.G6		PRJEB24450	SAMEA104472861
GCF_900596015.1	p4.G6	Pseudomonas viridiflava					p4.G6		PRJEB24450	SAMEA104472861
GCA_900598855.1	p4.H6	Pseudomonas viridiflava					p4.H6		PRJEB24450	SAMEA104472871
GCF_900598855.1	p4.H6	Pseudomonas viridiflava					p4.H6		PRJEB24450	SAMEA104472871
GCA_900599145.1	p5.C4	Pseudomonas viridiflava					p5.C4		PRJEB24450	SAMEA104472901
GCF_900599145.1	p5.C4	Pseudomonas viridiflava					p5.C4		PRJEB24450	SAMEA104472901
GCA_900602525.1	p9.D4	Pseudomonas viridiflava					p9.D4		PRJEB24450	SAMEA104473239
GCF_900602525.1	p9.D4	Pseudomonas viridiflava					p9.D4		PRJEB24450	SAMEA104473239
GCA_900602975.1	p9.H8	Pseudomonas viridiflava					p9.H8		PRJEB24450	SAMEA104473285
GCF_900602975.1	p9.H8	Pseudomonas viridiflava					p9.H8		PRJEB24450	SAMEA104473285
GCA_900601575.1	p8.C5	Pseudomonas viridiflava					p8.C5		PRJEB24450	SAMEA104473145
GCF_900601575.1	p8.C5	Pseudomonas viridiflava					p8.C5		PRJEB24450	SAMEA104473145
GCA_900589665.1	p2.G2	Pseudomonas viridiflava					p2.G2		PRJEB24450	SAMEA104472704
GCF_900589665.1	p2.G2	Pseudomonas viridiflava					p2.G2		PRJEB24450	SAMEA104472704
GCA_900602905.1	p9.H10	Pseudomonas viridiflava					p9.H10		PRJEB24450	SAMEA104473277
GCF_900602905.1	p9.H10	Pseudomonas viridiflava					p9.H10		PRJEB24450	SAMEA104473277
GCA_900586065.1	p23.E5	Pseudomonas viridiflava					p23.E5		PRJEB24450	SAMEA104472343
GCF_900586065.1	p23.E5	Pseudomonas viridiflava					p23.E5		PRJEB24450	SAMEA104472343
GCA_900590725.1	p4.A8	Pseudomonas viridiflava					p4.A8		PRJEB24450	SAMEA104472808
GCF_900590725.1	p4.A8	Pseudomonas viridiflava					p4.A8		PRJEB24450	SAMEA104472808
GCA_900589385.1	p2.D10	Pseudomonas viridiflava					p2.D10		PRJEB24450	SAMEA104472673
GCF_900589385.1	p2.D10	Pseudomonas viridiflava					p2.D10		PRJEB24450	SAMEA104472673
GCA_900586245.1	p23.H3	Pseudomonas viridiflava					p23.H3		PRJEB24450	SAMEA104472362
GCF_900586245.1	p23.H3	Pseudomonas viridiflava					p23.H3		PRJEB24450	SAMEA104472362
GCA_900586135.1	p23.G3	Pseudomonas viridiflava					p23.G3		PRJEB24450	SAMEA104472355
GCF_900586135.1	p23.G3	Pseudomonas viridiflava					p23.G3		PRJEB24450	SAMEA104472355
GCA_900586285.1	p23.H7	Pseudomonas viridiflava					p23.H7		PRJEB24450	SAMEA104472365
GCF_900586285.1	p23.H7	Pseudomonas viridiflava					p23.H7		PRJEB24450	SAMEA104472365
GCA_900601635.1	p8.D10	Pseudomonas viridiflava					p8.D10		PRJEB24450	SAMEA104473150
GCF_900601635.1	p8.D10	Pseudomonas viridiflava					p8.D10		PRJEB24450	SAMEA104473150
GCA_900580595.1	p11.C6	Pseudomonas viridiflava					p11.C6		PRJEB24450	SAMEA104471794
GCF_900580595.1	p11.C6	Pseudomonas viridiflava					p11.C6		PRJEB24450	SAMEA104471794
GCA_900586795.1	p24.F10	Pseudomonas viridiflava					p24.F10		PRJEB24450	SAMEA104472420
GCF_900586795.1	p24.F10	Pseudomonas viridiflava					p24.F10		PRJEB24450	SAMEA104472420
GCA_900598825.1	p4.H3	Pseudomonas viridiflava					p4.H3		PRJEB24450	SAMEA104472868
GCF_900598825.1	p4.H3	Pseudomonas viridiflava					p4.H3		PRJEB24450	SAMEA104472868
GCA_900576665.1	p11.A6	Pseudomonas viridiflava					p11.A6		PRJEB24450	SAMEA104471771
GCF_900576665.1	p11.A6	Pseudomonas viridiflava					p11.A6		PRJEB24450	SAMEA104471771
GCA_900600375.1	p6.G3	Pseudomonas viridiflava					p6.G3		PRJEB24450	SAMEA104473024
GCF_900600375.1	p6.G3	Pseudomonas viridiflava					p6.G3		PRJEB24450	SAMEA104473024
GCA_900599035.1	p5.A5	Pseudomonas viridiflava					p5.A5		PRJEB24450	SAMEA104472881
GCF_900599035.1	p5.A5	Pseudomonas viridiflava					p5.A5		PRJEB24450	SAMEA104472881
GCA_900590165.1	p3.C5	Pseudomonas viridiflava					p3.C5		PRJEB24450	SAMEA104472751
GCF_900590165.1	p3.C5	Pseudomonas viridiflava					p3.C5		PRJEB24450	SAMEA104472751
GCA_900584515.1	p21.C10	Pseudomonas viridiflava					p21.C10		PRJEB24450	SAMEA104472189
GCF_900584515.1	p21.C10	Pseudomonas viridiflava					p21.C10		PRJEB24450	SAMEA104472189
GCA_900586235.1	p23.G7	Pseudomonas viridiflava					p23.G7		PRJEB24450	SAMEA104472358
GCF_900586235.1	p23.G7	Pseudomonas viridiflava					p23.G7		PRJEB24450	SAMEA104472358
GCA_900583255.1	p1.G12	Pseudomonas viridiflava					p1.G12		PRJEB24450	SAMEA104472063
GCF_900583255.1	p1.G12	Pseudomonas viridiflava					p1.G12		PRJEB24450	SAMEA104472063
GCA_900601515.1	p8.B4	Pseudomonas viridiflava					p8.B4		PRJEB24450	SAMEA104473135
GCF_900601515.1	p8.B4	Pseudomonas viridiflava					p8.B4		PRJEB24450	SAMEA104473135
GCA_900586935.1	p24.G10	Pseudomonas viridiflava							PRJEB24450	SAMEA104472431
GCF_900586935.1	p24.G10	Pseudomonas viridiflava							PRJEB24450	SAMEA104472431
GCA_900580915.1	p11.G2	Pseudomonas viridiflava					p11.G2		PRJEB24450	SAMEA104471827
GCA_900601815.1	p8.E3	Pseudomonas viridiflava					p8.E3		PRJEB24450	SAMEA104473164
GCF_900601815.1	p8.E3	Pseudomonas viridiflava					p8.E3		PRJEB24450	SAMEA104473164
GCA_900600215.1	p6.E9	Pseudomonas viridiflava					p6.E9		PRJEB24450	SAMEA104473010
GCF_900600215.1	p6.E9	Pseudomonas viridiflava					p6.E9		PRJEB24450	SAMEA104473010
GCA_900600405.1	p6.G6	Pseudomonas viridiflava					p6.G6		PRJEB24450	SAMEA104473027
GCF_900600405.1	p6.G6	Pseudomonas viridiflava					p6.G6		PRJEB24450	SAMEA104473027
GCA_900583575.1	p20.B10	Pseudomonas viridiflava					p20.B10		PRJEB24450	SAMEA104472094
GCF_900583575.1	p20.B10	Pseudomonas viridiflava					p20.B10		PRJEB24450	SAMEA104472094
GCA_900583455.1	p1.H8	Pseudomonas viridiflava					p1.H8		PRJEB24450	SAMEA104472082
GCF_900583455.1	p1.H8	Pseudomonas viridiflava					p1.H8		PRJEB24450	SAMEA104472082
GCA_900600465.1	p6.H5	Pseudomonas viridiflava					p6.H5		PRJEB24450	SAMEA104473034
GCF_900600465.1	p6.H5	Pseudomonas viridiflava					p6.H5		PRJEB24450	SAMEA104473034
GCA_900590465.1	p3.G11	Pseudomonas viridiflava					p3.G11		PRJEB24450	SAMEA104472783
GCF_900590465.1	p3.G11	Pseudomonas viridiflava					p3.G11		PRJEB24450	SAMEA104472783
GCA_900601905.1	p8.G2	Pseudomonas viridiflava					p8.G2		PRJEB24450	SAMEA104473182
GCF_900601905.1	p8.G2	Pseudomonas viridiflava					p8.G2		PRJEB24450	SAMEA104473182
GCA_900585815.1	p23.B4	Pseudomonas viridiflava					p23.B4		PRJEB24450	SAMEA104472317
GCF_900585815.1	p23.B4	Pseudomonas viridiflava					p23.B4		PRJEB24450	SAMEA104472317
GCA_900602055.1	p8.H3	Pseudomonas viridiflava					p8.H3		PRJEB24450	SAMEA104473192
GCF_900602055.1	p8.H3	Pseudomonas viridiflava					p8.H3		PRJEB24450	SAMEA104473192
GCA_900581295.1	p12.C11	Pseudomonas viridiflava					p12.C11		PRJEB24450	SAMEA104471865
GCF_900581295.1	p12.C11	Pseudomonas viridiflava					p12.C11		PRJEB24450	SAMEA104471865
GCA_900580925.1	p11.G3	Pseudomonas viridiflava					p11.G3		PRJEB24450	SAMEA104471828
GCF_900580925.1	p11.G3	Pseudomonas viridiflava					p11.G3		PRJEB24450	SAMEA104471828
GCA_963900185.1	ena-yuan-GCF_900580925.1	Pseudomonas viridiflava					ena-yuan-GCF_900580925.1		PRJEB71012	SAMEA115018954
GCA_900600165.1	p6.E11	Pseudomonas viridiflava					p6.E11		PRJEB24450	SAMEA104473002
GCF_900600165.1	p6.E11	Pseudomonas viridiflava					p6.E11		PRJEB24450	SAMEA104473002
GCA_900580865.1	p11.F9	Pseudomonas viridiflava					p11.F9		PRJEB24450	SAMEA104471823
GCF_900580865.1	p11.F9	Pseudomonas viridiflava					p11.F9		PRJEB24450	SAMEA104471823
GCA_900589285.1	p2.C4	Pseudomonas viridiflava					p2.C4		PRJEB24450	SAMEA104472667
GCF_900589285.1	p2.C4	Pseudomonas viridiflava					p2.C4		PRJEB24450	SAMEA104472667
GCA_900601735.1	p8.D3	Pseudomonas viridiflava					p8.D3		PRJEB24450	SAMEA104473154
GCF_900601735.1	p8.D3	Pseudomonas viridiflava					p8.D3		PRJEB24450	SAMEA104473154
GCA_900601745.1	p8.D4	Pseudomonas viridiflava					p8.D4		PRJEB24450	SAMEA104473155
GCF_900601745.1	p8.D4	Pseudomonas viridiflava					p8.D4		PRJEB24450	SAMEA104473155
GCA_900589305.1	p2.C6	Pseudomonas viridiflava					p2.C6		PRJEB24450	SAMEA104472669
GCF_900589305.1	p2.C6	Pseudomonas viridiflava					p2.C6		PRJEB24450	SAMEA104472669
GCA_900601595.1	p8.D11	Pseudomonas viridiflava					p8.D11		PRJEB24450	SAMEA104473151
GCF_900601595.1	p8.D11	Pseudomonas viridiflava					p8.D11		PRJEB24450	SAMEA104473151
GCA_900600365.1	p6.G10	Pseudomonas viridiflava					p6.G10		PRJEB24450	SAMEA104473021
GCF_900600365.1	p6.G10	Pseudomonas viridiflava					p6.G10		PRJEB24450	SAMEA104473021
GCA_900602045.1	p8.G9	Pseudomonas viridiflava					p8.G9		PRJEB24450	SAMEA104473189
GCF_900602045.1	p8.G9	Pseudomonas viridiflava					p8.G9		PRJEB24450	SAMEA104473189
GCA_900591125.1	p4.F8	Pseudomonas viridiflava					p4.F8		PRJEB24450	SAMEA104472854
GCF_900591125.1	p4.F8	Pseudomonas viridiflava					p4.F8		PRJEB24450	SAMEA104472854
GCA_900589175.1	p2.B6	Pseudomonas viridiflava					p2.B6		PRJEB24450	SAMEA104472658
GCF_900589175.1	p2.B6	Pseudomonas viridiflava					p2.B6		PRJEB24450	SAMEA104472658
GCA_900586015.1	p23.D8	Pseudomonas viridiflava					p23.D8		PRJEB24450	SAMEA104472339
GCF_900586015.1	p23.D8	Pseudomonas viridiflava					p23.D8		PRJEB24450	SAMEA104472339
GCA_900589445.1	p2.E10	Pseudomonas viridiflava					p2.E10		PRJEB24450	SAMEA104472683
GCF_900589445.1	p2.E10	Pseudomonas viridiflava					p2.E10		PRJEB24450	SAMEA104472683
GCA_900583765.1	p20.C1	Pseudomonas viridiflava					p20.C1		PRJEB24450	SAMEA104472107
GCA_900589655.1	p2.G1	Pseudomonas viridiflava					p2.G1		PRJEB24450	SAMEA104472703
GCF_900589655.1	p2.G1	Pseudomonas viridiflava					p2.G1		PRJEB24450	SAMEA104472703
GCA_900586845.1	p24.D10	Pseudomonas viridiflava					p24.D10		PRJEB24450	SAMEA104472398
GCF_900586845.1	p24.D10	Pseudomonas viridiflava					p24.D10		PRJEB24450	SAMEA104472398
GCA_900590755.1	p4.B4	Pseudomonas viridiflava					p4.B4		PRJEB24450	SAMEA104472815
GCF_900590755.1	p4.B4	Pseudomonas viridiflava					p4.B4		PRJEB24450	SAMEA104472815
GCA_900600065.1	p6.D10	Pseudomonas viridiflava					p6.D10		PRJEB24450	SAMEA104472990
GCF_900600065.1	p6.D10	Pseudomonas viridiflava					p6.D10		PRJEB24450	SAMEA104472990
GCA_900601395.1	p8.A8	Pseudomonas viridiflava					p8.A8		PRJEB24450	SAMEA104473131
GCF_900601395.1	p8.A8	Pseudomonas viridiflava					p8.A8		PRJEB24450	SAMEA104473131
GCA_900585905.1	p23.C6	Pseudomonas viridiflava					p23.C6		PRJEB24450	SAMEA104472328
GCF_900585905.1	p23.C6	Pseudomonas viridiflava					p23.C6		PRJEB24450	SAMEA104472328
GCA_900573885.1	p9.H9	Pseudomonas viridiflava					p9.H9		PRJEB24450	SAMEA104473286
GCF_900573885.1	p9.H9	Pseudomonas viridiflava					p9.H9		PRJEB24450	SAMEA104473286
GCA_900589195.1	p2.B5	Pseudomonas viridiflava					p2.B5		PRJEB24450	SAMEA104472657
GCF_900589195.1	p2.B5	Pseudomonas viridiflava					p2.B5		PRJEB24450	SAMEA104472657
GCA_900584935.1	p21.F9	Pseudomonas viridiflava					p21.F9		PRJEB24450	SAMEA104472231
GCF_900584935.1	p21.F9	Pseudomonas viridiflava					p21.F9		PRJEB24450	SAMEA104472231
GCA_900580455.1	p11.B4	Pseudomonas viridiflava					p11.B4		PRJEB24450	SAMEA104471780
GCF_900580455.1	p11.B4	Pseudomonas viridiflava					p11.B4		PRJEB24450	SAMEA104471780
GCA_900600265.1	p6.F1	Pseudomonas viridiflava					p6.F1		PRJEB24450	SAMEA104473014
GCF_900600265.1	p6.F1	Pseudomonas viridiflava					p6.F1		PRJEB24450	SAMEA104473014
GCA_900598805.1	p4.H10	Pseudomonas viridiflava					p4.H10		PRJEB24450	SAMEA104472864
GCF_900598805.1	p4.H10	Pseudomonas viridiflava					p4.H10		PRJEB24450	SAMEA104472864
GCA_900589815.1	p2.H9	Pseudomonas viridiflava					p2.H9		PRJEB24450	SAMEA104472720
GCF_900589815.1	p2.H9	Pseudomonas viridiflava					p2.H9		PRJEB24450	SAMEA104472720
GCA_900581605.1	p12.F12	Pseudomonas viridiflava					p12.F12		PRJEB24450	SAMEA104471894
GCF_900581605.1	p12.F12	Pseudomonas viridiflava					p12.F12		PRJEB24450	SAMEA104471894
GCA_900601015.1	p7.E2	Pseudomonas viridiflava					p7.E2		PRJEB24450	SAMEA104473086
GCF_900601015.1	p7.E2	Pseudomonas viridiflava					p7.E2		PRJEB24450	SAMEA104473086
GCA_900600005.1	p6.D4	Pseudomonas viridiflava					p6.D4		PRJEB24450	SAMEA104472995
GCF_900600005.1	p6.D4	Pseudomonas viridiflava					p6.D4		PRJEB24450	SAMEA104472995
GCA_900599875.1	p6.B5	Pseudomonas viridiflava					p6.B5		PRJEB24450	SAMEA104472974
GCF_900599875.1	p6.B5	Pseudomonas viridiflava					p6.B5		PRJEB24450	SAMEA104472974
GCA_900590695.1	p4.A7	Pseudomonas viridiflava					p4.A7		PRJEB24450	SAMEA104472807
GCF_900590695.1	p4.A7	Pseudomonas viridiflava					p4.A7		PRJEB24450	SAMEA104472807
GCA_900599925.1	p6.C4	Pseudomonas viridiflava					p6.C4		PRJEB24450	SAMEA104472984
GCF_900599925.1	p6.C4	Pseudomonas viridiflava					p6.C4		PRJEB24450	SAMEA104472984
GCA_900580855.1	p11.F1	Pseudomonas viridiflava					p11.F1		PRJEB24450	SAMEA104471817
GCF_900580855.1	p11.F1	Pseudomonas viridiflava					p11.F1		PRJEB24450	SAMEA104471817
GCA_900589545.1	p2.F1	Pseudomonas viridiflava					p2.F1		PRJEB24450	SAMEA104472695
GCF_900589545.1	p2.F1	Pseudomonas viridiflava					p2.F1		PRJEB24450	SAMEA104472695
GCA_900582015.1	p13.C10	Pseudomonas viridiflava					p13.C10		PRJEB24450	SAMEA104471935
GCF_900582015.1	p13.C10	Pseudomonas viridiflava					p13.C10		PRJEB24450	SAMEA104471935
GCA_900582105.1	p13.D11	Pseudomonas viridiflava					p13.D11		PRJEB24450	SAMEA104471947
GCF_900582105.1	p13.D11	Pseudomonas viridiflava					p13.D11		PRJEB24450	SAMEA104471947
GCA_900582235.1	p13.E1	Pseudomonas viridiflava					p13.E1		PRJEB24450	SAMEA104471960
GCF_900582235.1	p13.E1	Pseudomonas viridiflava					p13.E1		PRJEB24450	SAMEA104471960
GCA_900588845.1	p27.C5	Pseudomonas viridiflava					p27.C5		PRJEB24450	SAMEA104472625
GCF_900588845.1	p27.C5	Pseudomonas viridiflava					p27.C5		PRJEB24450	SAMEA104472625
GCA_900590965.1	p4.D4	Pseudomonas viridiflava					p4.D4		PRJEB24450	SAMEA104472835
GCF_900590965.1	p4.D4	Pseudomonas viridiflava					p4.D4		PRJEB24450	SAMEA104472835
GCA_900585705.1	p23.A5	Pseudomonas viridiflava					p23.A5		PRJEB24450	SAMEA104472309
GCF_900585705.1	p23.A5	Pseudomonas viridiflava					p23.A5		PRJEB24450	SAMEA104472309
GCA_900580575.1	p11.C7	Pseudomonas viridiflava					p11.C7		PRJEB24450	SAMEA104471795
GCF_900580575.1	p11.C7	Pseudomonas viridiflava					p11.C7		PRJEB24450	SAMEA104471795
GCA_900582885.1	p1.C5	Pseudomonas viridiflava					p1.C5		PRJEB24450	SAMEA104472028
GCF_900582885.1	p1.C5	Pseudomonas viridiflava					p1.C5		PRJEB24450	SAMEA104472028
GCA_900576645.1	p11.A4	Pseudomonas viridiflava					p11.A4		PRJEB24450	SAMEA104471769
GCF_900576645.1	p11.A4	Pseudomonas viridiflava					p11.A4		PRJEB24450	SAMEA104471769
GCA_900601305.1	p7.G9	Pseudomonas viridiflava					p7.G9		PRJEB24450	SAMEA104473113
GCF_900601305.1	p7.G9	Pseudomonas viridiflava					p7.G9		PRJEB24450	SAMEA104473113
GCA_900590935.1	p4.C6	Pseudomonas viridiflava					p4.C6		PRJEB24450	SAMEA104472826
GCF_900590935.1	p4.C6	Pseudomonas viridiflava					p4.C6		PRJEB24450	SAMEA104472826
GCA_900585685.1	p23.A4	Pseudomonas viridiflava					p23.A4		PRJEB24450	SAMEA104472308
GCF_900585685.1	p23.A4	Pseudomonas viridiflava					p23.A4		PRJEB24450	SAMEA104472308
GCA_900599835.1	p6.B4	Pseudomonas viridiflava					p6.B4		PRJEB24450	SAMEA104472973
GCF_900599835.1	p6.B4	Pseudomonas viridiflava					p6.B4		PRJEB24450	SAMEA104472973
GCA_900580695.1	p11.D3	Pseudomonas viridiflava					p11.D3		PRJEB24450	SAMEA104471800
GCF_900580695.1	p11.D3	Pseudomonas viridiflava					p11.D3		PRJEB24450	SAMEA104471800
GCA_900582335.1	p13.F1	Pseudomonas viridiflava					p13.F1		PRJEB24450	SAMEA104471971
GCF_900582335.1	p13.F1	Pseudomonas viridiflava					p13.F1		PRJEB24450	SAMEA104471971
GCA_900590205.1	p3.D5	Pseudomonas viridiflava					p3.D5		PRJEB24450	SAMEA104472760
GCF_900590205.1	p3.D5	Pseudomonas viridiflava					p3.D5		PRJEB24450	SAMEA104472760
GCA_900580565.1	p11.C5	Pseudomonas viridiflava					p11.C5		PRJEB24450	SAMEA104471793
GCF_900580565.1	p11.C5	Pseudomonas viridiflava					p11.C5		PRJEB24450	SAMEA104471793
GCA_900580525.1	p11.B5	Pseudomonas viridiflava					p11.B5		PRJEB24450	SAMEA104471781
GCF_900580525.1	p11.B5	Pseudomonas viridiflava					p11.B5		PRJEB24450	SAMEA104471781
GCA_900599915.1	p6.C5	Pseudomonas viridiflava					p6.C5		PRJEB24450	SAMEA104472985
GCF_900599915.1	p6.C5	Pseudomonas viridiflava					p6.C5		PRJEB24450	SAMEA104472985
GCA_900591205.1	p4.G3	Pseudomonas viridiflava					p4.G3		PRJEB24450	SAMEA104472859
GCF_900591205.1	p4.G3	Pseudomonas viridiflava					p4.G3		PRJEB24450	SAMEA104472859
GCA_900589505.1	p2.E7	Pseudomonas viridiflava					p2.E7		PRJEB24450	SAMEA104472689
GCF_900589505.1	p2.E7	Pseudomonas viridiflava					p2.E7		PRJEB24450	SAMEA104472689
GCA_900601165.1	p7.F2	Pseudomonas viridiflava					p7.F2		PRJEB24450	SAMEA104473097
GCF_900601165.1	p7.F2	Pseudomonas viridiflava					p7.F2		PRJEB24450	SAMEA104473097
GCA_900589715.1	p2.G9	Pseudomonas viridiflava					p2.G9		PRJEB24450	SAMEA104472711
GCF_900589715.1	p2.G9	Pseudomonas viridiflava					p2.G9		PRJEB24450	SAMEA104472711
GCA_900602545.1	p9.D10	Pseudomonas viridiflava					p9.D10		PRJEB24450	SAMEA104473234
GCF_900602545.1	p9.D10	Pseudomonas viridiflava					p9.D10		PRJEB24450	SAMEA104473234
GCA_900581005.1	p11.H11	Pseudomonas viridiflava					p11.H11		PRJEB24450	SAMEA104471835
GCF_900581005.1	p11.H11	Pseudomonas viridiflava					p11.H11		PRJEB24450	SAMEA104471835
GCA_900602155.1	p8.H5	Pseudomonas viridiflava					p8.H5		PRJEB24450	SAMEA104473194
GCF_900602155.1	p8.H5	Pseudomonas viridiflava					p8.H5		PRJEB24450	SAMEA104473194
GCA_900582365.1	p13.F5	Pseudomonas viridiflava					p13.F5		PRJEB24450	SAMEA104471975
GCF_900582365.1	p13.F5	Pseudomonas viridiflava					p13.F5		PRJEB24450	SAMEA104471975
GCA_900581945.1	p13.B4	Pseudomonas viridiflava					p13.B4		PRJEB24450	SAMEA104471929
GCF_900581945.1	p13.B4	Pseudomonas viridiflava					p13.B4		PRJEB24450	SAMEA104471929
GCA_900583155.1	p1.F1	Pseudomonas viridiflava					p1.F1		PRJEB24450	SAMEA104472054
GCF_900583155.1	p1.F1	Pseudomonas viridiflava					p1.F1		PRJEB24450	SAMEA104472054
GCA_900583165.1	p1.F2	Pseudomonas viridiflava					p1.F2		PRJEB24450	SAMEA104472055
GCF_900583165.1	p1.F2	Pseudomonas viridiflava					p1.F2		PRJEB24450	SAMEA104472055
GCA_900600635.1	p7.A9	Pseudomonas viridiflava					p7.A9		PRJEB24450	SAMEA104473050
GCF_900600635.1	p7.A9	Pseudomonas viridiflava					p7.A9		PRJEB24450	SAMEA104473050
GCA_900591195.1	p4.G2	Pseudomonas viridiflava					p4.G2		PRJEB24450	SAMEA104472858
GCF_900591195.1	p4.G2	Pseudomonas viridiflava					p4.G2		PRJEB24450	SAMEA104472858
GCA_900580485.1	p11.B7	Pseudomonas viridiflava					p11.B7		PRJEB24450	SAMEA104471783
GCF_900580485.1	p11.B7	Pseudomonas viridiflava					p11.B7		PRJEB24450	SAMEA104471783
GCA_900589765.1	p2.H2	Pseudomonas viridiflava					p2.H2		PRJEB24450	SAMEA104472714
GCF_900589765.1	p2.H2	Pseudomonas viridiflava					p2.H2		PRJEB24450	SAMEA104472714
GCA_900589395.1	p2.C9	Pseudomonas viridiflava					p2.C9		PRJEB24450	SAMEA104472672
GCF_900589395.1	p2.C9	Pseudomonas viridiflava					p2.C9		PRJEB24450	SAMEA104472672
GCA_900582195.1	p13.D5	Pseudomonas viridiflava					p13.D5		PRJEB24450	SAMEA104471952
GCF_900582195.1	p13.D5	Pseudomonas viridiflava					p13.D5		PRJEB24450	SAMEA104471952
GCA_900602385.1	p9.C4	Pseudomonas viridiflava					p9.C4		PRJEB24450	SAMEA104473228
GCF_900602385.1	p9.C4	Pseudomonas viridiflava					p9.C4		PRJEB24450	SAMEA104473228
GCA_900589775.1	p2.H10	Pseudomonas viridiflava					p2.H10		PRJEB24450	SAMEA104472712
GCF_900589775.1	p2.H10	Pseudomonas viridiflava					p2.H10		PRJEB24450	SAMEA104472712
GCA_900591185.1	p4.G11	Pseudomonas viridiflava					p4.G11		PRJEB24450	SAMEA104472856
GCF_900591185.1	p4.G11	Pseudomonas viridiflava					p4.G11		PRJEB24450	SAMEA104472856
GCA_900598835.1	p4.H2	Pseudomonas viridiflava					p4.H2		PRJEB24450	SAMEA104472867
GCF_900598835.1	p4.H2	Pseudomonas viridiflava					p4.H2		PRJEB24450	SAMEA104472867
GCA_900598815.1	p4.H11	Pseudomonas viridiflava					p4.H11		PRJEB24450	SAMEA104472865
GCF_900598815.1	p4.H11	Pseudomonas viridiflava					p4.H11		PRJEB24450	SAMEA104472865
GCA_900583105.1	p1.E6	Pseudomonas viridiflava					p1.E6		PRJEB24450	SAMEA104472049
GCF_900583105.1	p1.E6	Pseudomonas viridiflava					p1.E6		PRJEB24450	SAMEA104472049
GCA_900589345.1	p2.D4	Pseudomonas viridiflava					p2.D4		PRJEB24450	SAMEA104472677
GCF_900589345.1	p2.D4	Pseudomonas viridiflava					p2.D4		PRJEB24450	SAMEA104472677
GCA_900581175.1	p12.A9	Pseudomonas viridiflava					p12.A9		PRJEB24450	SAMEA104471853
GCF_900581175.1	p12.A9	Pseudomonas viridiflava					p12.A9		PRJEB24450	SAMEA104471853
GCA_900590325.1	p3.E1	Pseudomonas viridiflava					p3.E1		PRJEB24450	SAMEA104472766
GCF_900590325.1	p3.E1	Pseudomonas viridiflava					p3.E1		PRJEB24450	SAMEA104472766
GCA_900601915.1	p8.G10	Pseudomonas viridiflava					p8.G10		PRJEB24450	SAMEA104473180
GCF_900601915.1	p8.G10	Pseudomonas viridiflava					p8.G10		PRJEB24450	SAMEA104473180
GCA_900581805.1	p12.H7	Pseudomonas viridiflava					p12.H7		PRJEB24450	SAMEA104471915
GCA_900581935.1	p13.B5	Pseudomonas viridiflava					p13.B5		PRJEB24450	SAMEA104471930
GCF_900581935.1	p13.B5	Pseudomonas viridiflava					p13.B5		PRJEB24450	SAMEA104471930
GCA_900589645.1	p2.G10	Pseudomonas viridiflava					p2.G10		PRJEB24450	SAMEA104472702
GCF_900589645.1	p2.G10	Pseudomonas viridiflava					p2.G10		PRJEB24450	SAMEA104472702
GCA_900600455.1	p6.H2	Pseudomonas viridiflava					p6.H2		PRJEB24450	SAMEA104473033
GCA_900601415.1	p8.A2	Pseudomonas viridiflava					p8.A2		PRJEB24450	SAMEA104473128
GCF_900601415.1	p8.A2	Pseudomonas viridiflava					p8.A2		PRJEB24450	SAMEA104473128
GCA_900590995.1	p4.E3	Pseudomonas viridiflava					p4.E3		PRJEB24450	SAMEA104472840
GCF_900590995.1	p4.E3	Pseudomonas viridiflava					p4.E3		PRJEB24450	SAMEA104472840
GCA_900580845.1	p11.F11	Pseudomonas viridiflava					p11.F11		PRJEB24450	SAMEA104471816
GCF_900580845.1	p11.F11	Pseudomonas viridiflava					p11.F11		PRJEB24450	SAMEA104471816
GCA_900580795.1	p11.F7	Pseudomonas viridiflava					p11.F7		PRJEB24450	SAMEA104471821
GCF_900580795.1	p11.F7	Pseudomonas viridiflava					p11.F7		PRJEB24450	SAMEA104471821
GCA_900590795.1	p4.B5	Pseudomonas viridiflava					p4.B5		PRJEB24450	SAMEA104472816
GCF_900590795.1	p4.B5	Pseudomonas viridiflava					p4.B5		PRJEB24450	SAMEA104472816
GCA_900580675.1	p11.D4	Pseudomonas viridiflava					p11.D4		PRJEB24450	SAMEA104471801
GCF_900580675.1	p11.D4	Pseudomonas viridiflava					p11.D4		PRJEB24450	SAMEA104471801
GCA_900580765.1	p11.E3	Pseudomonas viridiflava					p11.E3		PRJEB24450	SAMEA104471809
GCF_900580765.1	p11.E3	Pseudomonas viridiflava					p11.E3		PRJEB24450	SAMEA104471809
GCA_900590905.1	p4.C5	Pseudomonas viridiflava					p4.C5		PRJEB24450	SAMEA104472825
GCF_900590905.1	p4.C5	Pseudomonas viridiflava					p4.C5		PRJEB24450	SAMEA104472825
GCA_900580775.1	p11.E4	Pseudomonas viridiflava					p11.E4		PRJEB24450	SAMEA104471810
GCF_900580775.1	p11.E4	Pseudomonas viridiflava					p11.E4		PRJEB24450	SAMEA104471810
GCA_900576715.1	p24.A10	Pseudomonas viridiflava					p24.A10		PRJEB24450	SAMEA104472367
GCF_900576715.1	p24.A10	Pseudomonas viridiflava					p24.A10		PRJEB24450	SAMEA104472367
GCA_963900755.1	ena-yuan-GCF_900576715.1	Pseudomonas viridiflava					ena-yuan-GCF_900576715.1		PRJEB71012	SAMEA115018953
GCA_900588365.1	p26.D9	Pseudomonas viridiflava					p26.D9		PRJEB24450	SAMEA104472574
GCF_900588365.1	p26.D9	Pseudomonas viridiflava					p26.D9		PRJEB24450	SAMEA104472574
GCA_900585465.1	p22.D8	Pseudomonas viridiflava					p22.D8		PRJEB24450	SAMEA104472281
GCA_900586025.1	p23.D7	Pseudomonas viridiflava					p23.D7		PRJEB24450	SAMEA104472338
GCA_900585385.1	p22.D7	Pseudomonas viridiflava					p22.D7		PRJEB24450	SAMEA104472280
GCA_900585405.1	p22.D5	Pseudomonas viridiflava					p22.D5		PRJEB24450	SAMEA104472279
GCA_900588535.1	p26.F6	Pseudomonas viridiflava					p26.F6		PRJEB24450	SAMEA104472591
GCA_900588495.1	p26.F7	Pseudomonas viridiflava					p26.F7		PRJEB24450	SAMEA104472592
GCA_900585435.1	p22.D2	Pseudomonas viridiflava					p22.D2		PRJEB24450	SAMEA104472276
GCA_001466975.1	ASM146697v1	Pseudomonas viridiflava ICMP 13104		ICMP 13104					PRJNA296740	SAMN04102826
GCF_001466975.1	ASM146697v1	Pseudomonas viridiflava ICMP 13104		ICMP 13104					PRJNA296740	SAMN04102826
