DEBUG:busco.run_BUSCO	Command line: /beegfs/easybuild/CentOS/7.6.1810/Skylake/software/BUSCO/5.1.2-foss-2019a/bin/busco -i /home/montoliu/pprotegens/data/assemblies/GCA_000828695.1_ASM82869v1_genomic.fasta -l pseudomonadales_odb10 -o GCA_000828695.1_ASM82869v1_genomic -m genome -c 40
INFO:busco.run_BUSCO	***** Start a BUSCO v5.1.2 analysis, current time: 03/18/2024 13:53:39 *****
DEBUG:busco.ConfigManager	Getting config file
INFO:busco.ConfigManager	Configuring BUSCO with local environment
INFO:busco.BuscoConfig	Mode is genome
INFO:busco.BuscoDownloadManager	Downloading information on latest versions of BUSCO data...
DEBUG:busco.BuscoConfig	State of BUSCO config before run:
DEBUG:busco.BuscoConfig	{'_allow_no_value': False,
 '_comment_prefixes': ('#', ';'),
 '_converters': <configparser.ConverterMapping object at 0x7ffa19c892b0>,
 '_defaults': OrderedDict(),
 '_delimiters': ('=', ':'),
 '_dict': <class 'collections.OrderedDict'>,
 '_empty_lines_in_values': True,
 '_inline_comment_prefixes': (),
 '_input_filepath': '/home/montoliu/pprotegens/data/assemblies/GCA_000828695.1_ASM82869v1_genomic.fasta',
 '_interpolation': <configparser.BasicInterpolation object at 0x7ffa123fb240>,
 '_mode': 'genome',
 '_optcre': re.compile('\n        (?P<option>.*?)                    # very permissive!\n        \\s*(?P<vi>=|:)\\s*              # any number of space/tab,\n                                           # followed by any of t, re.VERBOSE),
 '_proxies': OrderedDict([('DEFAULT', <Section: DEFAULT>),
                          ('busco_run', <Section: busco_run>),
                          ('sepp', <Section: sepp>),
                          ('metaeuk', <Section: metaeuk>),
                          ('augustus', <Section: augustus>),
                          ('optimize_augustus.pl',
                           <Section: optimize_augustus.pl>),
                          ('prodigal', <Section: prodigal>),
                          ('gff2gbSmallDNA.pl', <Section: gff2gbSmallDNA.pl>),
                          ('etraining', <Section: etraining>),
                          ('tblastn', <Section: tblastn>),
                          ('hmmsearch', <Section: hmmsearch>),
                          ('makeblastdb', <Section: makeblastdb>),
                          ('new_species.pl', <Section: new_species.pl>)]),
 '_sections': OrderedDict([('busco_run',
                            OrderedDict([('out_path',
                                          '/home/montoliu/pprotegens/scripts'),
                                         ('cpu', '40'),
                                         ('force', 'False'),
                                         ('restart', 'False'),
                                         ('quiet', 'False'),
                                         ('download_path',
                                          '/home/montoliu/pprotegens/scripts/busco_downloads'),
                                         ('datasets_version', 'odb10'),
                                         ('offline', 'False'),
                                         ('download_base_url',
                                          'https://busco-data.ezlab.org/v5/data/'),
                                         ('auto-lineage', 'False'),
                                         ('auto-lineage-prok', 'False'),
                                         ('auto-lineage-euk', 'False'),
                                         ('update-data', 'False'),
                                         ('evalue', '0.001'),
                                         ('limit', '3'),
                                         ('use_augustus', 'False'),
                                         ('long', 'False'),
                                         ('batch_mode', 'False'),
                                         ('in',
                                          '/home/montoliu/pprotegens/data/assemblies/GCA_000828695.1_ASM82869v1_genomic.fasta'),
                                         ('out',
                                          'GCA_000828695.1_ASM82869v1_genomic'),
                                         ('mode', 'genome'),
                                         ('lineage_dataset',
                                          'pseudomonadales_odb10'),
                                         ('main_out',
                                          '/home/montoliu/pprotegens/scripts/GCA_000828695.1_ASM82869v1_genomic')])),
                           ('sepp',
                            OrderedDict([('path', ''), ('command', '')])),
                           ('metaeuk',
                            OrderedDict([('path', ''), ('command', '')])),
                           ('augustus',
                            OrderedDict([('path', ''), ('command', '')])),
                           ('optimize_augustus.pl',
                            OrderedDict([('path', ''), ('command', '')])),
                           ('prodigal',
                            OrderedDict([('path', ''), ('command', '')])),
                           ('gff2gbSmallDNA.pl',
                            OrderedDict([('path', ''), ('command', '')])),
                           ('etraining',
                            OrderedDict([('path', ''), ('command', '')])),
                           ('tblastn',
                            OrderedDict([('path', ''), ('command', '')])),
                           ('hmmsearch',
                            OrderedDict([('path', ''), ('command', '')])),
                           ('makeblastdb',
                            OrderedDict([('path', ''), ('command', '')])),
                           ('new_species.pl',
                            OrderedDict([('path', ''), ('command', '')]))]),
 '_strict': True,
 'conf_file': 'local environment',
 'default_section': 'DEFAULT',
 'downloader': <busco.BuscoDownloadManager.BuscoDownloadManager object at 0x7ffa19c890b8>,
 'main_out': '/home/montoliu/pprotegens/scripts/GCA_000828695.1_ASM82869v1_genomic',
 'params': {'augustus_parameters': None,
            'augustus_species': None,
            'auto-lineage': False,
            'auto-lineage-euk': False,
            'auto-lineage-prok': False,
            'config_file': None,
            'cpu': 40,
            'datasets_version': None,
            'download_base_url': None,
            'download_path': None,
            'evalue': None,
            'force': False,
            'help': '==SUPPRESS==',
            'in': '/home/montoliu/pprotegens/data/assemblies/GCA_000828695.1_ASM82869v1_genomic.fasta',
            'limit': None,
            'lineage_dataset': 'pseudomonadales_odb10',
            'list_datasets': '==SUPPRESS==',
            'long': False,
            'metaeuk_parameters': None,
            'metaeuk_rerun_parameters': None,
            'mode': 'genome',
            'offline': False,
            'out': 'GCA_000828695.1_ASM82869v1_genomic',
            'out_path': None,
            'quiet': False,
            'restart': False,
            'update-data': False,
            'use_augustus': False,
            'version': '==SUPPRESS=='}}
INFO:busco.BuscoRunner	Input file is /home/montoliu/pprotegens/data/assemblies/GCA_000828695.1_ASM82869v1_genomic.fasta
DEBUG:busco.analysis.BuscoAnalysis	Check all required tools are accessible...
DEBUG:busco.analysis.BuscoAnalysis	Checking dataset for HMM profiles
INFO:busco.analysis.BuscoAnalysis	Running BUSCO using lineage dataset pseudomonadales_odb10 (prokaryota, 2024-01-08)
INFO:busco.analysis.GenomeAnalysis	***** Run Prodigal on input to predict and extract genes *****
DEBUG:busco.busco_tools.base	Tool: prodigal
DEBUG:busco.busco_tools.base	Version: 2.6.3
INFO:busco.busco_tools.prodigal	Running Prodigal with genetic code 11 in single mode
INFO:busco.busco_tools.Toolset	Running 1 job(s) on prodigal, starting at 03/18/2024 13:53:39
DEBUG:busco.busco_tools.Toolset	cmd call: prodigal -p single -f gff -g 11 -a /home/montoliu/pprotegens/scripts/GCA_000828695.1_ASM82869v1_genomic/prodigal_output/predicted_genes/tmp/prodigal_mode_single_code_11.faa -d /home/montoliu/pprotegens/scripts/GCA_000828695.1_ASM82869v1_genomic/prodigal_output/predicted_genes/tmp/prodigal_mode_single_code_11.fna -i /home/montoliu/pprotegens/data/assemblies/GCA_000828695.1_ASM82869v1_genomic.fasta
INFO:busco.busco_tools.Toolset	[prodigal]	1 of 1 task(s) completed
DEBUG:busco.busco_tools.prodigal	Coding density is 0.8797536495545287
INFO:busco.busco_tools.prodigal	Genetic code 11 selected as optimal
INFO:busco.analysis.BuscoAnalysis	***** Run HMMER on gene sequences *****
DEBUG:busco.busco_tools.base	Tool: hmmsearch
DEBUG:busco.busco_tools.base	Version: 3.2
INFO:busco.busco_tools.Toolset	Running 782 job(s) on hmmsearch, starting at 03/18/2024 13:54:04
DEBUG:busco.busco_tools.Toolset	cmd call: hmmsearch --domtblout /home/montoliu/pprotegens/scripts/GCA_000828695.1_ASM82869v1_genomic/run_pseudomonadales_odb10/hmmer_output/10023at72274.out --cpu 1 /home/montoliu/pprotegens/scripts/busco_downloads/lineages/pseudomonadales_odb10/hmms/10023at72274.hmm /home/montoliu/pprotegens/scripts/GCA_000828695.1_ASM82869v1_genomic/prodigal_output/predicted_genes/predicted.faa
DEBUG:busco.busco_tools.Toolset	cmd call: hmmsearch --domtblout /home/montoliu/pprotegens/scripts/GCA_000828695.1_ASM82869v1_genomic/run_pseudomonadales_odb10/hmmer_output/10280at72274.out --cpu 1 /home/montoliu/pprotegens/scripts/busco_downloads/lineages/pseudomonadales_odb10/hmms/10280at72274.hmm /home/montoliu/pprotegens/scripts/GCA_000828695.1_ASM82869v1_genomic/prodigal_output/predicted_genes/predicted.faa
DEBUG:busco.busco_tools.Toolset	cmd call: hmmsearch --domtblout /home/montoliu/pprotegens/scripts/GCA_000828695.1_ASM82869v1_genomic/run_pseudomonadales_odb10/hmmer_output/10595at72274.out --cpu 1 /home/montoliu/pprotegens/scripts/busco_downloads/lineages/pseudomonadales_odb10/hmms/10595at72274.hmm /home/montoliu/pprotegens/scripts/GCA_000828695.1_ASM82869v1_genomic/prodigal_output/predicted_genes/predicted.faa
DEBUG:busco.busco_tools.Toolset	cmd call: hmmsearch --domtblout /home/montoliu/pprotegens/scripts/GCA_000828695.1_ASM82869v1_genomic/run_pseudomonadales_odb10/hmmer_output/10772at72274.out --cpu 1 /home/montoliu/pprotegens/scripts/busco_downloads/lineages/pseudomonadales_odb10/hmms/10772at72274.hmm /home/montoliu/pprotegens/scripts/GCA_000828695.1_ASM82869v1_genomic/prodigal_output/predicted_genes/predicted.faa
DEBUG:busco.busco_tools.Toolset	cmd call: hmmsearch --domtblout /home/montoliu/pprotegens/scripts/GCA_000828695.1_ASM82869v1_genomic/run_pseudomonadales_odb10/hmmer_output/11099at72274.out --cpu 1 /home/montoliu/pprotegens/scripts/busco_downloads/lineages/pseudomonadales_odb10/hmms/11099at72274.hmm /home/montoliu/pprotegens/scripts/GCA_000828695.1_ASM82869v1_genomic/prodigal_output/predicted_genes/predicted.faa
DEBUG:busco.busco_tools.Toolset	cmd call: hmmsearch --domtblout /home/montoliu/pprotegens/scripts/GCA_000828695.1_ASM82869v1_genomic/run_pseudomonadales_odb10/hmmer_output/11441at72274.out --cpu 1 /home/montoliu/pprotegens/scripts/busco_downloads/lineages/pseudomonadales_odb10/hmms/11441at72274.hmm /home/montoliu/pprotegens/scripts/GCA_000828695.1_ASM82869v1_genomic/prodigal_output/predicted_genes/predicted.faa
DEBUG:busco.busco_tools.Toolset	cmd call: hmmsearch --domtblout /home/montoliu/pprotegens/scripts/GCA_000828695.1_ASM82869v1_genomic/run_pseudomonadales_odb10/hmmer_output/11795at72274.out --cpu 1 /home/montoliu/pprotegens/scripts/busco_downloads/lineages/pseudomonadales_odb10/hmms/11795at72274.hmm /home/montoliu/pprotegens/scripts/GCA_000828695.1_ASM82869v1_genomic/prodigal_output/predicted_genes/predicted.faa
DEBUG:busco.busco_tools.Toolset	cmd call: hmmsearch --domtblout /home/montoliu/pprotegens/scripts/GCA_000828695.1_ASM82869v1_genomic/run_pseudomonadales_odb10/hmmer_output/12305at72274.out --cpu 1 /home/montoliu/pprotegens/scripts/busco_downloads/lineages/pseudomonadales_odb10/hmms/12305at72274.hmm /home/montoliu/pprotegens/scripts/GCA_000828695.1_ASM82869v1_genomic/prodigal_output/predicted_genes/predicted.faa
DEBUG:busco.busco_tools.Toolset	cmd call: hmmsearch --domtblout /home/montoliu/pprotegens/scripts/GCA_000828695.1_ASM82869v1_genomic/run_pseudomonadales_odb10/hmmer_output/13129at72274.out --cpu 1 /home/montoliu/pprotegens/scripts/busco_downloads/lineages/pseudomonadales_odb10/hmms/13129at72274.hmm /home/montoliu/pprotegens/scripts/GCA_000828695.1_ASM82869v1_genomic/prodigal_output/predicted_genes/predicted.faa
DEBUG:busco.busco_tools.Toolset	cmd call: hmmsearch --domtblout /home/montoliu/pprotegens/scripts/GCA_000828695.1_ASM82869v1_genomic/run_pseudomonadales_odb10/hmmer_output/13568at72274.out --cpu 1 /home/montoliu/pprotegens/scripts/busco_downloads/lineages/pseudomonadales_odb10/hmms/13568at72274.hmm /home/montoliu/pprotegens/scripts/GCA_000828695.1_ASM82869v1_genomic/prodigal_output/predicted_genes/predicted.faa
DEBUG:busco.busco_tools.Toolset	cmd call: hmmsearch --domtblout /home/montoliu/pprotegens/scripts/GCA_000828695.1_ASM82869v1_genomic/run_pseudomonadales_odb10/hmmer_output/13951at72274.out --cpu 1 /home/montoliu/pprotegens/scripts/busco_downloads/lineages/pseudomonadales_odb10/hmms/13951at72274.hmm /home/montoliu/pprotegens/scripts/GCA_000828695.1_ASM82869v1_genomic/prodigal_output/predicted_genes/predicted.faa
DEBUG:busco.busco_tools.Toolset	cmd call: hmmsearch --domtblout /home/montoliu/pprotegens/scripts/GCA_000828695.1_ASM82869v1_genomic/run_pseudomonadales_odb10/hmmer_output/14278at72274.out --cpu 1 /home/montoliu/pprotegens/scripts/busco_downloads/lineages/pseudomonadales_odb10/hmms/14278at72274.hmm /home/montoliu/pprotegens/scripts/GCA_000828695.1_ASM82869v1_genomic/prodigal_output/predicted_genes/predicted.faa
DEBUG:busco.busco_tools.Toolset	cmd call: hmmsearch --domtblout /home/montoliu/pprotegens/scripts/GCA_000828695.1_ASM82869v1_genomic/run_pseudomonadales_odb10/hmmer_output/14524at72274.out --cpu 1 /home/montoliu/pprotegens/scripts/busco_downloads/lineages/pseudomonadales_odb10/hmms/14524at72274.hmm /home/montoliu/pprotegens/scripts/GCA_000828695.1_ASM82869v1_genomic/prodigal_output/predicted_genes/predicted.faa
DEBUG:busco.busco_tools.Toolset	cmd call: hmmsearch --domtblout /home/montoliu/pprotegens/scripts/GCA_000828695.1_ASM82869v1_genomic/run_pseudomonadales_odb10/hmmer_output/1471at72274.out --cpu 1 /home/montoliu/pprotegens/scripts/busco_downloads/lineages/pseudomonadales_odb10/hmms/1471at72274.hmm /home/montoliu/pprotegens/scripts/GCA_000828695.1_ASM82869v1_genomic/prodigal_output/predicted_genes/predicted.faa
DEBUG:busco.busco_tools.Toolset	cmd call: hmmsearch --domtblout /home/montoliu/pprotegens/scripts/GCA_000828695.1_ASM82869v1_genomic/run_pseudomonadales_odb10/hmmer_output/15149at72274.out --cpu 1 /home/montoliu/pprotegens/scripts/busco_downloads/lineages/pseudomonadales_odb10/hmms/15149at72274.hmm /home/montoliu/pprotegens/scripts/GCA_000828695.1_ASM82869v1_genomic/prodigal_output/predicted_genes/predicted.faa
DEBUG:busco.busco_tools.Toolset	cmd call: hmmsearch --domtblout /home/montoliu/pprotegens/scripts/GCA_000828695.1_ASM82869v1_genomic/run_pseudomonadales_odb10/hmmer_output/15474at72274.out --cpu 1 /home/montoliu/pprotegens/scripts/busco_downloads/lineages/pseudomonadales_odb10/hmms/15474at72274.hmm /home/montoliu/pprotegens/scripts/GCA_000828695.1_ASM82869v1_genomic/prodigal_output/predicted_genes/predicted.faa
DEBUG:busco.busco_tools.Toolset	cmd call: hmmsearch --domtblout /home/montoliu/pprotegens/scripts/GCA_000828695.1_ASM82869v1_genomic/run_pseudomonadales_odb10/hmmer_output/16137at72274.out --cpu 1 /home/montoliu/pprotegens/scripts/busco_downloads/lineages/pseudomonadales_odb10/hmms/16137at72274.hmm /home/montoliu/pprotegens/scripts/GCA_000828695.1_ASM82869v1_genomic/prodigal_output/predicted_genes/predicted.faa
DEBUG:busco.busco_tools.Toolset	cmd call: hmmsearch --domtblout /home/montoliu/pprotegens/scripts/GCA_000828695.1_ASM82869v1_genomic/run_pseudomonadales_odb10/hmmer_output/16462at72274.out --cpu 1 /home/montoliu/pprotegens/scripts/busco_downloads/lineages/pseudomonadales_odb10/hmms/16462at72274.hmm /home/montoliu/pprotegens/scripts/GCA_000828695.1_ASM82869v1_genomic/prodigal_output/predicted_genes/predicted.faa
DEBUG:busco.busco_tools.Toolset	cmd call: hmmsearch --domtblout /home/montoliu/pprotegens/scripts/GCA_000828695.1_ASM82869v1_genomic/run_pseudomonadales_odb10/hmmer_output/16831at72274.out --cpu 1 /home/montoliu/pprotegens/scripts/busco_downloads/lineages/pseudomonadales_odb10/hmms/16831at72274.hmm /home/montoliu/pprotegens/scripts/GCA_000828695.1_ASM82869v1_genomic/prodigal_output/predicted_genes/predicted.faa
DEBUG:busco.busco_tools.Toolset	cmd call: hmmsearch --domtblout /home/montoliu/pprotegens/scripts/GCA_000828695.1_ASM82869v1_genomic/run_pseudomonadales_odb10/hmmer_output/17132at72274.out --cpu 1 /home/montoliu/pprotegens/scripts/busco_downloads/lineages/pseudomonadales_odb10/hmms/17132at72274.hmm /home/montoliu/pprotegens/scripts/GCA_000828695.1_ASM82869v1_genomic/prodigal_output/predicted_genes/predicted.faa
DEBUG:busco.busco_tools.Toolset	cmd call: hmmsearch --domtblout /home/montoliu/pprotegens/scripts/GCA_000828695.1_ASM82869v1_genomic/run_pseudomonadales_odb10/hmmer_output/17347at72274.out --cpu 1 /home/montoliu/pprotegens/scripts/busco_downloads/lineages/pseudomonadales_odb10/hmms/17347at72274.hmm /home/montoliu/pprotegens/scripts/GCA_000828695.1_ASM82869v1_genomic/prodigal_output/predicted_genes/predicted.faa
DEBUG:busco.busco_tools.Toolset	cmd call: hmmsearch --domtblout /home/montoliu/pprotegens/scripts/GCA_000828695.1_ASM82869v1_genomic/run_pseudomonadales_odb10/hmmer_output/17584at72274.out --cpu 1 /home/montoliu/pprotegens/scripts/busco_downloads/lineages/pseudomonadales_odb10/hmms/17584at72274.hmm /home/montoliu/pprotegens/scripts/GCA_000828695.1_ASM82869v1_genomic/prodigal_output/predicted_genes/predicted.faa
DEBUG:busco.busco_tools.Toolset	cmd call: hmmsearch --domtblout /home/montoliu/pprotegens/scripts/GCA_000828695.1_ASM82869v1_genomic/run_pseudomonadales_odb10/hmmer_output/18225at72274.out --cpu 1 /home/montoliu/pprotegens/scripts/busco_downloads/lineages/pseudomonadales_odb10/hmms/18225at72274.hmm /home/montoliu/pprotegens/scripts/GCA_000828695.1_ASM82869v1_genomic/prodigal_output/predicted_genes/predicted.faa
DEBUG:busco.busco_tools.Toolset	cmd call: hmmsearch --domtblout /home/montoliu/pprotegens/scripts/GCA_000828695.1_ASM82869v1_genomic/run_pseudomonadales_odb10/hmmer_output/18752at72274.out --cpu 1 /home/montoliu/pprotegens/scripts/busco_downloads/lineages/pseudomonadales_odb10/hmms/18752at72274.hmm /home/montoliu/pprotegens/scripts/GCA_000828695.1_ASM82869v1_genomic/prodigal_output/predicted_genes/predicted.faa
DEBUG:busco.busco_tools.Toolset	cmd call: hmmsearch --domtblout /home/montoliu/pprotegens/scripts/GCA_000828695.1_ASM82869v1_genomic/run_pseudomonadales_odb10/hmmer_output/19244at72274.out --cpu 1 /home/montoliu/pprotegens/scripts/busco_downloads/lineages/pseudomonadales_odb10/hmms/19244at72274.hmm /home/montoliu/pprotegens/scripts/GCA_000828695.1_ASM82869v1_genomic/prodigal_output/predicted_genes/predicted.faa
DEBUG:busco.busco_tools.Toolset	cmd call: hmmsearch --domtblout /home/montoliu/pprotegens/scripts/GCA_000828695.1_ASM82869v1_genomic/run_pseudomonadales_odb10/hmmer_output/19644at72274.out --cpu 1 /home/montoliu/pprotegens/scripts/busco_downloads/lineages/pseudomonadales_odb10/hmms/19644at72274.hmm /home/montoliu/pprotegens/scripts/GCA_000828695.1_ASM82869v1_genomic/prodigal_output/predicted_genes/predicted.faa
DEBUG:busco.busco_tools.Toolset	cmd call: hmmsearch --domtblout /home/montoliu/pprotegens/scripts/GCA_000828695.1_ASM82869v1_genomic/run_pseudomonadales_odb10/hmmer_output/19991at72274.out --cpu 1 /home/montoliu/pprotegens/scripts/busco_downloads/lineages/pseudomonadales_odb10/hmms/19991at72274.hmm /home/montoliu/pprotegens/scripts/GCA_000828695.1_ASM82869v1_genomic/prodigal_output/predicted_genes/predicted.faa
DEBUG:busco.busco_tools.Toolset	cmd call: hmmsearch --domtblout /home/montoliu/pprotegens/scripts/GCA_000828695.1_ASM82869v1_genomic/run_pseudomonadales_odb10/hmmer_output/20241at72274.out --cpu 1 /home/montoliu/pprotegens/scripts/busco_downloads/lineages/pseudomonadales_odb10/hmms/20241at72274.hmm /home/montoliu/pprotegens/scripts/GCA_000828695.1_ASM82869v1_genomic/prodigal_output/predicted_genes/predicted.faa
DEBUG:busco.busco_tools.Toolset	cmd call: hmmsearch --domtblout /home/montoliu/pprotegens/scripts/GCA_000828695.1_ASM82869v1_genomic/run_pseudomonadales_odb10/hmmer_output/20800at72274.out --cpu 1 /home/montoliu/pprotegens/scripts/busco_downloads/lineages/pseudomonadales_odb10/hmms/20800at72274.hmm /home/montoliu/pprotegens/scripts/GCA_000828695.1_ASM82869v1_genomic/prodigal_output/predicted_genes/predicted.faa
DEBUG:busco.busco_tools.Toolset	cmd call: hmmsearch --domtblout /home/montoliu/pprotegens/scripts/GCA_000828695.1_ASM82869v1_genomic/run_pseudomonadales_odb10/hmmer_output/20929at72274.out --cpu 1 /home/montoliu/pprotegens/scripts/busco_downloads/lineages/pseudomonadales_odb10/hmms/20929at72274.hmm /home/montoliu/pprotegens/scripts/GCA_000828695.1_ASM82869v1_genomic/prodigal_output/predicted_genes/predicted.faa
DEBUG:busco.busco_tools.Toolset	cmd call: hmmsearch --domtblout /home/montoliu/pprotegens/scripts/GCA_000828695.1_ASM82869v1_genomic/run_pseudomonadales_odb10/hmmer_output/21460at72274.out --cpu 1 /home/montoliu/pprotegens/scripts/busco_downloads/lineages/pseudomonadales_odb10/hmms/21460at72274.hmm /home/montoliu/pprotegens/scripts/GCA_000828695.1_ASM82869v1_genomic/prodigal_output/predicted_genes/predicted.faa
DEBUG:busco.busco_tools.Toolset	cmd call: hmmsearch --domtblout /home/montoliu/pprotegens/scripts/GCA_000828695.1_ASM82869v1_genomic/run_pseudomonadales_odb10/hmmer_output/21757at72274.out --cpu 1 /home/montoliu/pprotegens/scripts/busco_downloads/lineages/pseudomonadales_odb10/hmms/21757at72274.hmm /home/montoliu/pprotegens/scripts/GCA_000828695.1_ASM82869v1_genomic/prodigal_output/predicted_genes/predicted.faa
DEBUG:busco.busco_tools.Toolset	cmd call: hmmsearch --domtblout /home/montoliu/pprotegens/scripts/GCA_000828695.1_ASM82869v1_genomic/run_pseudomonadales_odb10/hmmer_output/22102at72274.out --cpu 1 /home/montoliu/pprotegens/scripts/busco_downloads/lineages/pseudomonadales_odb10/hmms/22102at72274.hmm /home/montoliu/pprotegens/scripts/GCA_000828695.1_ASM82869v1_genomic/prodigal_output/predicted_genes/predicted.faa
DEBUG:busco.busco_tools.Toolset	cmd call: hmmsearch --domtblout /home/montoliu/pprotegens/scripts/GCA_000828695.1_ASM82869v1_genomic/run_pseudomonadales_odb10/hmmer_output/22679at72274.out --cpu 1 /home/montoliu/pprotegens/scripts/busco_downloads/lineages/pseudomonadales_odb10/hmms/22679at72274.hmm /home/montoliu/pprotegens/scripts/GCA_000828695.1_ASM82869v1_genomic/prodigal_output/predicted_genes/predicted.faa
DEBUG:busco.busco_tools.Toolset	cmd call: hmmsearch --domtblout /home/montoliu/pprotegens/scripts/GCA_000828695.1_ASM82869v1_genomic/run_pseudomonadales_odb10/hmmer_output/23144at72274.out --cpu 1 /home/montoliu/pprotegens/scripts/busco_downloads/lineages/pseudomonadales_odb10/hmms/23144at72274.hmm /home/montoliu/pprotegens/scripts/GCA_000828695.1_ASM82869v1_genomic/prodigal_output/predicted_genes/predicted.faa
DEBUG:busco.busco_tools.Toolset	cmd call: hmmsearch --domtblout /home/montoliu/pprotegens/scripts/GCA_000828695.1_ASM82869v1_genomic/run_pseudomonadales_odb10/hmmer_output/23468at72274.out --cpu 1 /home/montoliu/pprotegens/scripts/busco_downloads/lineages/pseudomonadales_odb10/hmms/23468at72274.hmm /home/montoliu/pprotegens/scripts/GCA_000828695.1_ASM82869v1_genomic/prodigal_output/predicted_genes/predicted.faa
DEBUG:busco.busco_tools.Toolset	cmd call: hmmsearch --domtblout /home/montoliu/pprotegens/scripts/GCA_000828695.1_ASM82869v1_genomic/run_pseudomonadales_odb10/hmmer_output/23862at72274.out --cpu 1 /home/montoliu/pprotegens/scripts/busco_downloads/lineages/pseudomonadales_odb10/hmms/23862at72274.hmm /home/montoliu/pprotegens/scripts/GCA_000828695.1_ASM82869v1_genomic/prodigal_output/predicted_genes/predicted.faa
DEBUG:busco.busco_tools.Toolset	cmd call: hmmsearch --domtblout /home/montoliu/pprotegens/scripts/GCA_000828695.1_ASM82869v1_genomic/run_pseudomonadales_odb10/hmmer_output/24117at72274.out --cpu 1 /home/montoliu/pprotegens/scripts/busco_downloads/lineages/pseudomonadales_odb10/hmms/24117at72274.hmm /home/montoliu/pprotegens/scripts/GCA_000828695.1_ASM82869v1_genomic/prodigal_output/predicted_genes/predicted.faa
DEBUG:busco.busco_tools.Toolset	cmd call: hmmsearch --domtblout /home/montoliu/pprotegens/scripts/GCA_000828695.1_ASM82869v1_genomic/run_pseudomonadales_odb10/hmmer_output/24553at72274.out --cpu 1 /home/montoliu/pprotegens/scripts/busco_downloads/lineages/pseudomonadales_odb10/hmms/24553at72274.hmm /home/montoliu/pprotegens/scripts/GCA_000828695.1_ASM82869v1_genomic/prodigal_output/predicted_genes/predicted.faa
DEBUG:busco.busco_tools.Toolset	cmd call: hmmsearch --domtblout /home/montoliu/pprotegens/scripts/GCA_000828695.1_ASM82869v1_genomic/run_pseudomonadales_odb10/hmmer_output/24909at72274.out --cpu 1 /home/montoliu/pprotegens/scripts/busco_downloads/lineages/pseudomonadales_odb10/hmms/24909at72274.hmm /home/montoliu/pprotegens/scripts/GCA_000828695.1_ASM82869v1_genomic/prodigal_output/predicted_genes/predicted.faa
DEBUG:busco.busco_tools.Toolset	cmd call: hmmsearch --domtblout /home/montoliu/pprotegens/scripts/GCA_000828695.1_ASM82869v1_genomic/run_pseudomonadales_odb10/hmmer_output/11809at72274.out --cpu 1 /home/montoliu/pprotegens/scripts/busco_downloads/lineages/pseudomonadales_odb10/hmms/11809at72274.hmm /home/montoliu/pprotegens/scripts/GCA_000828695.1_ASM82869v1_genomic/prodigal_output/predicted_genes/predicted.faa
DEBUG:busco.busco_tools.Toolset	cmd call: hmmsearch --domtblout /home/montoliu/pprotegens/scripts/GCA_000828695.1_ASM82869v1_genomic/run_pseudomonadales_odb10/hmmer_output/23194at72274.out --cpu 1 /home/montoliu/pprotegens/scripts/busco_downloads/lineages/pseudomonadales_odb10/hmms/23194at72274.hmm /home/montoliu/pprotegens/scripts/GCA_000828695.1_ASM82869v1_genomic/prodigal_output/predicted_genes/predicted.faa
DEBUG:busco.busco_tools.Toolset	cmd call: hmmsearch --domtblout /home/montoliu/pprotegens/scripts/GCA_000828695.1_ASM82869v1_genomic/run_pseudomonadales_odb10/hmmer_output/18777at72274.out --cpu 1 /home/montoliu/pprotegens/scripts/busco_downloads/lineages/pseudomonadales_odb10/hmms/18777at72274.hmm /home/montoliu/pprotegens/scripts/GCA_000828695.1_ASM82869v1_genomic/prodigal_output/predicted_genes/predicted.faa
DEBUG:busco.busco_tools.Toolset	cmd call: hmmsearch --domtblout /home/montoliu/pprotegens/scripts/GCA_000828695.1_ASM82869v1_genomic/run_pseudomonadales_odb10/hmmer_output/1004at72274.out --cpu 1 /home/montoliu/pprotegens/scripts/busco_downloads/lineages/pseudomonadales_odb10/hmms/1004at72274.hmm /home/montoliu/pprotegens/scripts/GCA_000828695.1_ASM82869v1_genomic/prodigal_output/predicted_genes/predicted.faa
DEBUG:busco.busco_tools.Toolset	cmd call: hmmsearch --domtblout /home/montoliu/pprotegens/scripts/GCA_000828695.1_ASM82869v1_genomic/run_pseudomonadales_odb10/hmmer_output/18265at72274.out --cpu 1 /home/montoliu/pprotegens/scripts/busco_downloads/lineages/pseudomonadales_odb10/hmms/18265at72274.hmm /home/montoliu/pprotegens/scripts/GCA_000828695.1_ASM82869v1_genomic/prodigal_output/predicted_genes/predicted.faa
DEBUG:busco.busco_tools.Toolset	cmd call: hmmsearch --domtblout /home/montoliu/pprotegens/scripts/GCA_000828695.1_ASM82869v1_genomic/run_pseudomonadales_odb10/hmmer_output/18102at72274.out --cpu 1 /home/montoliu/pprotegens/scripts/busco_downloads/lineages/pseudomonadales_odb10/hmms/18102at72274.hmm /home/montoliu/pprotegens/scripts/GCA_000828695.1_ASM82869v1_genomic/prodigal_output/predicted_genes/predicted.faa
DEBUG:busco.busco_tools.Toolset	cmd call: hmmsearch --domtblout /home/montoliu/pprotegens/scripts/GCA_000828695.1_ASM82869v1_genomic/run_pseudomonadales_odb10/hmmer_output/13261at72274.out --cpu 1 /home/montoliu/pprotegens/scripts/busco_downloads/lineages/pseudomonadales_odb10/hmms/13261at72274.hmm /home/montoliu/pprotegens/scripts/GCA_000828695.1_ASM82869v1_genomic/prodigal_output/predicted_genes/predicted.faa
DEBUG:busco.busco_tools.Toolset	cmd call: hmmsearch --domtblout /home/montoliu/pprotegens/scripts/GCA_000828695.1_ASM82869v1_genomic/run_pseudomonadales_odb10/hmmer_output/209at72274.out --cpu 1 /home/montoliu/pprotegens/scripts/busco_downloads/lineages/pseudomonadales_odb10/hmms/209at72274.hmm /home/montoliu/pprotegens/scripts/GCA_000828695.1_ASM82869v1_genomic/prodigal_output/predicted_genes/predicted.faa
DEBUG:busco.busco_tools.Toolset	cmd call: hmmsearch --domtblout /home/montoliu/pprotegens/scripts/GCA_000828695.1_ASM82869v1_genomic/run_pseudomonadales_odb10/hmmer_output/19292at72274.out --cpu 1 /home/montoliu/pprotegens/scripts/busco_downloads/lineages/pseudomonadales_odb10/hmms/19292at72274.hmm /home/montoliu/pprotegens/scripts/GCA_000828695.1_ASM82869v1_genomic/prodigal_output/predicted_genes/predicted.faa
DEBUG:busco.busco_tools.Toolset	cmd call: hmmsearch --domtblout /home/montoliu/pprotegens/scripts/GCA_000828695.1_ASM82869v1_genomic/run_pseudomonadales_odb10/hmmer_output/11118at72274.out --cpu 1 /home/montoliu/pprotegens/scripts/busco_downloads/lineages/pseudomonadales_odb10/hmms/11118at72274.hmm /home/montoliu/pprotegens/scripts/GCA_000828695.1_ASM82869v1_genomic/prodigal_output/predicted_genes/predicted.faa
DEBUG:busco.busco_tools.Toolset	cmd call: hmmsearch --domtblout /home/montoliu/pprotegens/scripts/GCA_000828695.1_ASM82869v1_genomic/run_pseudomonadales_odb10/hmmer_output/2210at72274.out --cpu 1 /home/montoliu/pprotegens/scripts/busco_downloads/lineages/pseudomonadales_odb10/hmms/2210at72274.hmm /home/montoliu/pprotegens/scripts/GCA_000828695.1_ASM82869v1_genomic/prodigal_output/predicted_genes/predicted.faa
DEBUG:busco.busco_tools.Toolset	cmd call: hmmsearch --domtblout /home/montoliu/pprotegens/scripts/GCA_000828695.1_ASM82869v1_genomic/run_pseudomonadales_odb10/hmmer_output/23903at72274.out --cpu 1 /home/montoliu/pprotegens/scripts/busco_downloads/lineages/pseudomonadales_odb10/hmms/23903at72274.hmm /home/montoliu/pprotegens/scripts/GCA_000828695.1_ASM82869v1_genomic/prodigal_output/predicted_genes/predicted.faa
DEBUG:busco.busco_tools.Toolset	cmd call: hmmsearch --domtblout /home/montoliu/pprotegens/scripts/GCA_000828695.1_ASM82869v1_genomic/run_pseudomonadales_odb10/hmmer_output/21482at72274.out --cpu 1 /home/montoliu/pprotegens/scripts/busco_downloads/lineages/pseudomonadales_odb10/hmms/21482at72274.hmm /home/montoliu/pprotegens/scripts/GCA_000828695.1_ASM82869v1_genomic/prodigal_output/predicted_genes/predicted.faa
DEBUG:busco.busco_tools.Toolset	cmd call: hmmsearch --domtblout /home/montoliu/pprotegens/scripts/GCA_000828695.1_ASM82869v1_genomic/run_pseudomonadales_odb10/hmmer_output/22700at72274.out --cpu 1 /home/montoliu/pprotegens/scripts/busco_downloads/lineages/pseudomonadales_odb10/hmms/22700at72274.hmm /home/montoliu/pprotegens/scripts/GCA_000828695.1_ASM82869v1_genomic/prodigal_output/predicted_genes/predicted.faa
DEBUG:busco.busco_tools.Toolset	cmd call: hmmsearch --domtblout /home/montoliu/pprotegens/scripts/GCA_000828695.1_ASM82869v1_genomic/run_pseudomonadales_odb10/hmmer_output/16276at72274.out --cpu 1 /home/montoliu/pprotegens/scripts/busco_downloads/lineages/pseudomonadales_odb10/hmms/16276at72274.hmm /home/montoliu/pprotegens/scripts/GCA_000828695.1_ASM82869v1_genomic/prodigal_output/predicted_genes/predicted.faa
DEBUG:busco.busco_tools.Toolset	cmd call: hmmsearch --domtblout /home/montoliu/pprotegens/scripts/GCA_000828695.1_ASM82869v1_genomic/run_pseudomonadales_odb10/hmmer_output/20515at72274.out --cpu 1 /home/montoliu/pprotegens/scripts/busco_downloads/lineages/pseudomonadales_odb10/hmms/20515at72274.hmm /home/montoliu/pprotegens/scripts/GCA_000828695.1_ASM82869v1_genomic/prodigal_output/predicted_genes/predicted.faa
DEBUG:busco.busco_tools.Toolset	cmd call: hmmsearch --domtblout /home/montoliu/pprotegens/scripts/GCA_000828695.1_ASM82869v1_genomic/run_pseudomonadales_odb10/hmmer_output/24118at72274.out --cpu 1 /home/montoliu/pprotegens/scripts/busco_downloads/lineages/pseudomonadales_odb10/hmms/24118at72274.hmm /home/montoliu/pprotegens/scripts/GCA_000828695.1_ASM82869v1_genomic/prodigal_output/predicted_genes/predicted.faa
DEBUG:busco.busco_tools.Toolset	cmd call: hmmsearch --domtblout /home/montoliu/pprotegens/scripts/GCA_000828695.1_ASM82869v1_genomic/run_pseudomonadales_odb10/hmmer_output/16477at72274.out --cpu 1 /home/montoliu/pprotegens/scripts/busco_downloads/lineages/pseudomonadales_odb10/hmms/16477at72274.hmm /home/montoliu/pprotegens/scripts/GCA_000828695.1_ASM82869v1_genomic/prodigal_output/predicted_genes/predicted.faa
DEBUG:busco.busco_tools.Toolset	cmd call: hmmsearch --domtblout /home/montoliu/pprotegens/scripts/GCA_000828695.1_ASM82869v1_genomic/run_pseudomonadales_odb10/hmmer_output/14812at72274.out --cpu 1 /home/montoliu/pprotegens/scripts/busco_downloads/lineages/pseudomonadales_odb10/hmms/14812at72274.hmm /home/montoliu/pprotegens/scripts/GCA_000828695.1_ASM82869v1_genomic/prodigal_output/predicted_genes/predicted.faa
DEBUG:busco.busco_tools.Toolset	cmd call: hmmsearch --domtblout /home/montoliu/pprotegens/scripts/GCA_000828695.1_ASM82869v1_genomic/run_pseudomonadales_odb10/hmmer_output/17191at72274.out --cpu 1 /home/montoliu/pprotegens/scripts/busco_downloads/lineages/pseudomonadales_odb10/hmms/17191at72274.hmm /home/montoliu/pprotegens/scripts/GCA_000828695.1_ASM82869v1_genomic/prodigal_output/predicted_genes/predicted.faa
DEBUG:busco.busco_tools.Toolset	cmd call: hmmsearch --domtblout /home/montoliu/pprotegens/scripts/GCA_000828695.1_ASM82869v1_genomic/run_pseudomonadales_odb10/hmmer_output/11534at72274.out --cpu 1 /home/montoliu/pprotegens/scripts/busco_downloads/lineages/pseudomonadales_odb10/hmms/11534at72274.hmm /home/montoliu/pprotegens/scripts/GCA_000828695.1_ASM82869v1_genomic/prodigal_output/predicted_genes/predicted.faa
DEBUG:busco.busco_tools.Toolset	cmd call: hmmsearch --domtblout /home/montoliu/pprotegens/scripts/GCA_000828695.1_ASM82869v1_genomic/run_pseudomonadales_odb10/hmmer_output/1067at72274.out --cpu 1 /home/montoliu/pprotegens/scripts/busco_downloads/lineages/pseudomonadales_odb10/hmms/1067at72274.hmm /home/montoliu/pprotegens/scripts/GCA_000828695.1_ASM82869v1_genomic/prodigal_output/predicted_genes/predicted.faa
DEBUG:busco.busco_tools.Toolset	cmd call: hmmsearch --domtblout /home/montoliu/pprotegens/scripts/GCA_000828695.1_ASM82869v1_genomic/run_pseudomonadales_odb10/hmmer_output/14362at72274.out --cpu 1 /home/montoliu/pprotegens/scripts/busco_downloads/lineages/pseudomonadales_odb10/hmms/14362at72274.hmm /home/montoliu/pprotegens/scripts/GCA_000828695.1_ASM82869v1_genomic/prodigal_output/predicted_genes/predicted.faa
DEBUG:busco.busco_tools.Toolset	cmd call: hmmsearch --domtblout /home/montoliu/pprotegens/scripts/GCA_000828695.1_ASM82869v1_genomic/run_pseudomonadales_odb10/hmmer_output/13645at72274.out --cpu 1 /home/montoliu/pprotegens/scripts/busco_downloads/lineages/pseudomonadales_odb10/hmms/13645at72274.hmm /home/montoliu/pprotegens/scripts/GCA_000828695.1_ASM82869v1_genomic/prodigal_output/predicted_genes/predicted.faa
DEBUG:busco.busco_tools.Toolset	cmd call: hmmsearch --domtblout /home/montoliu/pprotegens/scripts/GCA_000828695.1_ASM82869v1_genomic/run_pseudomonadales_odb10/hmmer_output/12335at72274.out --cpu 1 /home/montoliu/pprotegens/scripts/busco_downloads/lineages/pseudomonadales_odb10/hmms/12335at72274.hmm /home/montoliu/pprotegens/scripts/GCA_000828695.1_ASM82869v1_genomic/prodigal_output/predicted_genes/predicted.faa
DEBUG:busco.busco_tools.Toolset	cmd call: hmmsearch --domtblout /home/montoliu/pprotegens/scripts/GCA_000828695.1_ASM82869v1_genomic/run_pseudomonadales_odb10/hmmer_output/23475at72274.out --cpu 1 /home/montoliu/pprotegens/scripts/busco_downloads/lineages/pseudomonadales_odb10/hmms/23475at72274.hmm /home/montoliu/pprotegens/scripts/GCA_000828695.1_ASM82869v1_genomic/prodigal_output/predicted_genes/predicted.faa
DEBUG:busco.busco_tools.Toolset	cmd call: hmmsearch --domtblout /home/montoliu/pprotegens/scripts/GCA_000828695.1_ASM82869v1_genomic/run_pseudomonadales_odb10/hmmer_output/15219at72274.out --cpu 1 /home/montoliu/pprotegens/scripts/busco_downloads/lineages/pseudomonadales_odb10/hmms/15219at72274.hmm /home/montoliu/pprotegens/scripts/GCA_000828695.1_ASM82869v1_genomic/prodigal_output/predicted_genes/predicted.faa
DEBUG:busco.busco_tools.Toolset	cmd call: hmmsearch --domtblout /home/montoliu/pprotegens/scripts/GCA_000828695.1_ASM82869v1_genomic/run_pseudomonadales_odb10/hmmer_output/14546at72274.out --cpu 1 /home/montoliu/pprotegens/scripts/busco_downloads/lineages/pseudomonadales_odb10/hmms/14546at72274.hmm /home/montoliu/pprotegens/scripts/GCA_000828695.1_ASM82869v1_genomic/prodigal_output/predicted_genes/predicted.faa
DEBUG:busco.busco_tools.Toolset	cmd call: hmmsearch --domtblout /home/montoliu/pprotegens/scripts/GCA_000828695.1_ASM82869v1_genomic/run_pseudomonadales_odb10/hmmer_output/16907at72274.out --cpu 1 /home/montoliu/pprotegens/scripts/busco_downloads/lineages/pseudomonadales_odb10/hmms/16907at72274.hmm /home/montoliu/pprotegens/scripts/GCA_000828695.1_ASM82869v1_genomic/prodigal_output/predicted_genes/predicted.faa
DEBUG:busco.busco_tools.Toolset	cmd call: hmmsearch --domtblout /home/montoliu/pprotegens/scripts/GCA_000828695.1_ASM82869v1_genomic/run_pseudomonadales_odb10/hmmer_output/20071at72274.out --cpu 1 /home/montoliu/pprotegens/scripts/busco_downloads/lineages/pseudomonadales_odb10/hmms/20071at72274.hmm /home/montoliu/pprotegens/scripts/GCA_000828695.1_ASM82869v1_genomic/prodigal_output/predicted_genes/predicted.faa
DEBUG:busco.busco_tools.Toolset	cmd call: hmmsearch --domtblout /home/montoliu/pprotegens/scripts/GCA_000828695.1_ASM82869v1_genomic/run_pseudomonadales_odb10/hmmer_output/21886at72274.out --cpu 1 /home/montoliu/pprotegens/scripts/busco_downloads/lineages/pseudomonadales_odb10/hmms/21886at72274.hmm /home/montoliu/pprotegens/scripts/GCA_000828695.1_ASM82869v1_genomic/prodigal_output/predicted_genes/predicted.faa
DEBUG:busco.busco_tools.Toolset	cmd call: hmmsearch --domtblout /home/montoliu/pprotegens/scripts/GCA_000828695.1_ASM82869v1_genomic/run_pseudomonadales_odb10/hmmer_output/14061at72274.out --cpu 1 /home/montoliu/pprotegens/scripts/busco_downloads/lineages/pseudomonadales_odb10/hmms/14061at72274.hmm /home/montoliu/pprotegens/scripts/GCA_000828695.1_ASM82869v1_genomic/prodigal_output/predicted_genes/predicted.faa
DEBUG:busco.busco_tools.Toolset	cmd call: hmmsearch --domtblout /home/montoliu/pprotegens/scripts/GCA_000828695.1_ASM82869v1_genomic/run_pseudomonadales_odb10/hmmer_output/20851at72274.out --cpu 1 /home/montoliu/pprotegens/scripts/busco_downloads/lineages/pseudomonadales_odb10/hmms/20851at72274.hmm /home/montoliu/pprotegens/scripts/GCA_000828695.1_ASM82869v1_genomic/prodigal_output/predicted_genes/predicted.faa
DEBUG:busco.busco_tools.Toolset	cmd call: hmmsearch --domtblout /home/montoliu/pprotegens/scripts/GCA_000828695.1_ASM82869v1_genomic/run_pseudomonadales_odb10/hmmer_output/15493at72274.out --cpu 1 /home/montoliu/pprotegens/scripts/busco_downloads/lineages/pseudomonadales_odb10/hmms/15493at72274.hmm /home/montoliu/pprotegens/scripts/GCA_000828695.1_ASM82869v1_genomic/prodigal_output/predicted_genes/predicted.faa
DEBUG:busco.busco_tools.Toolset	cmd call: hmmsearch --domtblout /home/montoliu/pprotegens/scripts/GCA_000828695.1_ASM82869v1_genomic/run_pseudomonadales_odb10/hmmer_output/1974at72274.out --cpu 1 /home/montoliu/pprotegens/scripts/busco_downloads/lineages/pseudomonadales_odb10/hmms/1974at72274.hmm /home/montoliu/pprotegens/scripts/GCA_000828695.1_ASM82869v1_genomic/prodigal_output/predicted_genes/predicted.faa
DEBUG:busco.busco_tools.Toolset	cmd call: hmmsearch --domtblout /home/montoliu/pprotegens/scripts/GCA_000828695.1_ASM82869v1_genomic/run_pseudomonadales_odb10/hmmer_output/24999at72274.out --cpu 1 /home/montoliu/pprotegens/scripts/busco_downloads/lineages/pseudomonadales_odb10/hmms/24999at72274.hmm /home/montoliu/pprotegens/scripts/GCA_000828695.1_ASM82869v1_genomic/prodigal_output/predicted_genes/predicted.faa
DEBUG:busco.busco_tools.Toolset	cmd call: hmmsearch --domtblout /home/montoliu/pprotegens/scripts/GCA_000828695.1_ASM82869v1_genomic/run_pseudomonadales_odb10/hmmer_output/24560at72274.out --cpu 1 /home/montoliu/pprotegens/scripts/busco_downloads/lineages/pseudomonadales_odb10/hmms/24560at72274.hmm /home/montoliu/pprotegens/scripts/GCA_000828695.1_ASM82869v1_genomic/prodigal_output/predicted_genes/predicted.faa
DEBUG:busco.busco_tools.Toolset	cmd call: hmmsearch --domtblout /home/montoliu/pprotegens/scripts/GCA_000828695.1_ASM82869v1_genomic/run_pseudomonadales_odb10/hmmer_output/11817at72274.out --cpu 1 /home/montoliu/pprotegens/scripts/busco_downloads/lineages/pseudomonadales_odb10/hmms/11817at72274.hmm /home/montoliu/pprotegens/scripts/GCA_000828695.1_ASM82869v1_genomic/prodigal_output/predicted_genes/predicted.faa
DEBUG:busco.busco_tools.Toolset	cmd call: hmmsearch --domtblout /home/montoliu/pprotegens/scripts/GCA_000828695.1_ASM82869v1_genomic/run_pseudomonadales_odb10/hmmer_output/10968at72274.out --cpu 1 /home/montoliu/pprotegens/scripts/busco_downloads/lineages/pseudomonadales_odb10/hmms/10968at72274.hmm /home/montoliu/pprotegens/scripts/GCA_000828695.1_ASM82869v1_genomic/prodigal_output/predicted_genes/predicted.faa
DEBUG:busco.busco_tools.Toolset	cmd call: hmmsearch --domtblout /home/montoliu/pprotegens/scripts/GCA_000828695.1_ASM82869v1_genomic/run_pseudomonadales_odb10/hmmer_output/1036at72274.out --cpu 1 /home/montoliu/pprotegens/scripts/busco_downloads/lineages/pseudomonadales_odb10/hmms/1036at72274.hmm /home/montoliu/pprotegens/scripts/GCA_000828695.1_ASM82869v1_genomic/prodigal_output/predicted_genes/predicted.faa
DEBUG:busco.busco_tools.Toolset	cmd call: hmmsearch --domtblout /home/montoliu/pprotegens/scripts/GCA_000828695.1_ASM82869v1_genomic/run_pseudomonadales_odb10/hmmer_output/23243at72274.out --cpu 1 /home/montoliu/pprotegens/scripts/busco_downloads/lineages/pseudomonadales_odb10/hmms/23243at72274.hmm /home/montoliu/pprotegens/scripts/GCA_000828695.1_ASM82869v1_genomic/prodigal_output/predicted_genes/predicted.faa
DEBUG:busco.busco_tools.Toolset	cmd call: hmmsearch --domtblout /home/montoliu/pprotegens/scripts/GCA_000828695.1_ASM82869v1_genomic/run_pseudomonadales_odb10/hmmer_output/10050at72274.out --cpu 1 /home/montoliu/pprotegens/scripts/busco_downloads/lineages/pseudomonadales_odb10/hmms/10050at72274.hmm /home/montoliu/pprotegens/scripts/GCA_000828695.1_ASM82869v1_genomic/prodigal_output/predicted_genes/predicted.faa
DEBUG:busco.busco_tools.Toolset	cmd call: hmmsearch --domtblout /home/montoliu/pprotegens/scripts/GCA_000828695.1_ASM82869v1_genomic/run_pseudomonadales_odb10/hmmer_output/18974at72274.out --cpu 1 /home/montoliu/pprotegens/scripts/busco_downloads/lineages/pseudomonadales_odb10/hmms/18974at72274.hmm /home/montoliu/pprotegens/scripts/GCA_000828695.1_ASM82869v1_genomic/prodigal_output/predicted_genes/predicted.faa
DEBUG:busco.busco_tools.Toolset	cmd call: hmmsearch --domtblout /home/montoliu/pprotegens/scripts/GCA_000828695.1_ASM82869v1_genomic/run_pseudomonadales_odb10/hmmer_output/18426at72274.out --cpu 1 /home/montoliu/pprotegens/scripts/busco_downloads/lineages/pseudomonadales_odb10/hmms/18426at72274.hmm /home/montoliu/pprotegens/scripts/GCA_000828695.1_ASM82869v1_genomic/prodigal_output/predicted_genes/predicted.faa
DEBUG:busco.busco_tools.Toolset	cmd call: hmmsearch --domtblout /home/montoliu/pprotegens/scripts/GCA_000828695.1_ASM82869v1_genomic/run_pseudomonadales_odb10/hmmer_output/13283at72274.out --cpu 1 /home/montoliu/pprotegens/scripts/busco_downloads/lineages/pseudomonadales_odb10/hmms/13283at72274.hmm /home/montoliu/pprotegens/scripts/GCA_000828695.1_ASM82869v1_genomic/prodigal_output/predicted_genes/predicted.faa
DEBUG:busco.busco_tools.Toolset	cmd call: hmmsearch --domtblout /home/montoliu/pprotegens/scripts/GCA_000828695.1_ASM82869v1_genomic/run_pseudomonadales_odb10/hmmer_output/18149at72274.out --cpu 1 /home/montoliu/pprotegens/scripts/busco_downloads/lineages/pseudomonadales_odb10/hmms/18149at72274.hmm /home/montoliu/pprotegens/scripts/GCA_000828695.1_ASM82869v1_genomic/prodigal_output/predicted_genes/predicted.faa
DEBUG:busco.busco_tools.Toolset	cmd call: hmmsearch --domtblout /home/montoliu/pprotegens/scripts/GCA_000828695.1_ASM82869v1_genomic/run_pseudomonadales_odb10/hmmer_output/2348at72274.out --cpu 1 /home/montoliu/pprotegens/scripts/busco_downloads/lineages/pseudomonadales_odb10/hmms/2348at72274.hmm /home/montoliu/pprotegens/scripts/GCA_000828695.1_ASM82869v1_genomic/prodigal_output/predicted_genes/predicted.faa
DEBUG:busco.busco_tools.Toolset	cmd call: hmmsearch --domtblout /home/montoliu/pprotegens/scripts/GCA_000828695.1_ASM82869v1_genomic/run_pseudomonadales_odb10/hmmer_output/19316at72274.out --cpu 1 /home/montoliu/pprotegens/scripts/busco_downloads/lineages/pseudomonadales_odb10/hmms/19316at72274.hmm /home/montoliu/pprotegens/scripts/GCA_000828695.1_ASM82869v1_genomic/prodigal_output/predicted_genes/predicted.faa
DEBUG:busco.busco_tools.Toolset	cmd call: hmmsearch --domtblout /home/montoliu/pprotegens/scripts/GCA_000828695.1_ASM82869v1_genomic/run_pseudomonadales_odb10/hmmer_output/10071at72274.out --cpu 1 /home/montoliu/pprotegens/scripts/busco_downloads/lineages/pseudomonadales_odb10/hmms/10071at72274.hmm /home/montoliu/pprotegens/scripts/GCA_000828695.1_ASM82869v1_genomic/prodigal_output/predicted_genes/predicted.faa
DEBUG:busco.busco_tools.Toolset	cmd call: hmmsearch --domtblout /home/montoliu/pprotegens/scripts/GCA_000828695.1_ASM82869v1_genomic/run_pseudomonadales_odb10/hmmer_output/21526at72274.out --cpu 1 /home/montoliu/pprotegens/scripts/busco_downloads/lineages/pseudomonadales_odb10/hmms/21526at72274.hmm /home/montoliu/pprotegens/scripts/GCA_000828695.1_ASM82869v1_genomic/prodigal_output/predicted_genes/predicted.faa
DEBUG:busco.busco_tools.Toolset	cmd call: hmmsearch --domtblout /home/montoliu/pprotegens/scripts/GCA_000828695.1_ASM82869v1_genomic/run_pseudomonadales_odb10/hmmer_output/17428at72274.out --cpu 1 /home/montoliu/pprotegens/scripts/busco_downloads/lineages/pseudomonadales_odb10/hmms/17428at72274.hmm /home/montoliu/pprotegens/scripts/GCA_000828695.1_ASM82869v1_genomic/prodigal_output/predicted_genes/predicted.faa
DEBUG:busco.busco_tools.Toolset	cmd call: hmmsearch --domtblout /home/montoliu/pprotegens/scripts/GCA_000828695.1_ASM82869v1_genomic/run_pseudomonadales_odb10/hmmer_output/13427at72274.out --cpu 1 /home/montoliu/pprotegens/scripts/busco_downloads/lineages/pseudomonadales_odb10/hmms/13427at72274.hmm /home/montoliu/pprotegens/scripts/GCA_000828695.1_ASM82869v1_genomic/prodigal_output/predicted_genes/predicted.faa
DEBUG:busco.busco_tools.Toolset	cmd call: hmmsearch --domtblout /home/montoliu/pprotegens/scripts/GCA_000828695.1_ASM82869v1_genomic/run_pseudomonadales_odb10/hmmer_output/13747at72274.out --cpu 1 /home/montoliu/pprotegens/scripts/busco_downloads/lineages/pseudomonadales_odb10/hmms/13747at72274.hmm /home/montoliu/pprotegens/scripts/GCA_000828695.1_ASM82869v1_genomic/prodigal_output/predicted_genes/predicted.faa
DEBUG:busco.busco_tools.Toolset	cmd call: hmmsearch --domtblout /home/montoliu/pprotegens/scripts/GCA_000828695.1_ASM82869v1_genomic/run_pseudomonadales_odb10/hmmer_output/14552at72274.out --cpu 1 /home/montoliu/pprotegens/scripts/busco_downloads/lineages/pseudomonadales_odb10/hmms/14552at72274.hmm /home/montoliu/pprotegens/scripts/GCA_000828695.1_ASM82869v1_genomic/prodigal_output/predicted_genes/predicted.faa
DEBUG:busco.busco_tools.Toolset	cmd call: hmmsearch --domtblout /home/montoliu/pprotegens/scripts/GCA_000828695.1_ASM82869v1_genomic/run_pseudomonadales_odb10/hmmer_output/20191at72274.out --cpu 1 /home/montoliu/pprotegens/scripts/busco_downloads/lineages/pseudomonadales_odb10/hmms/20191at72274.hmm /home/montoliu/pprotegens/scripts/GCA_000828695.1_ASM82869v1_genomic/prodigal_output/predicted_genes/predicted.faa
DEBUG:busco.busco_tools.Toolset	cmd call: hmmsearch --domtblout /home/montoliu/pprotegens/scripts/GCA_000828695.1_ASM82869v1_genomic/run_pseudomonadales_odb10/hmmer_output/25123at72274.out --cpu 1 /home/montoliu/pprotegens/scripts/busco_downloads/lineages/pseudomonadales_odb10/hmms/25123at72274.hmm /home/montoliu/pprotegens/scripts/GCA_000828695.1_ASM82869v1_genomic/prodigal_output/predicted_genes/predicted.faa
DEBUG:busco.busco_tools.Toolset	cmd call: hmmsearch --domtblout /home/montoliu/pprotegens/scripts/GCA_000828695.1_ASM82869v1_genomic/run_pseudomonadales_odb10/hmmer_output/18206at72274.out --cpu 1 /home/montoliu/pprotegens/scripts/busco_downloads/lineages/pseudomonadales_odb10/hmms/18206at72274.hmm /home/montoliu/pprotegens/scripts/GCA_000828695.1_ASM82869v1_genomic/prodigal_output/predicted_genes/predicted.faa
DEBUG:busco.busco_tools.Toolset	cmd call: hmmsearch --domtblout /home/montoliu/pprotegens/scripts/GCA_000828695.1_ASM82869v1_genomic/run_pseudomonadales_odb10/hmmer_output/20878at72274.out --cpu 1 /home/montoliu/pprotegens/scripts/busco_downloads/lineages/pseudomonadales_odb10/hmms/20878at72274.hmm /home/montoliu/pprotegens/scripts/GCA_000828695.1_ASM82869v1_genomic/prodigal_output/predicted_genes/predicted.faa
DEBUG:busco.busco_tools.Toolset	cmd call: hmmsearch --domtblout /home/montoliu/pprotegens/scripts/GCA_000828695.1_ASM82869v1_genomic/run_pseudomonadales_odb10/hmmer_output/1242at72274.out --cpu 1 /home/montoliu/pprotegens/scripts/busco_downloads/lineages/pseudomonadales_odb10/hmms/1242at72274.hmm /home/montoliu/pprotegens/scripts/GCA_000828695.1_ASM82869v1_genomic/prodigal_output/predicted_genes/predicted.faa
DEBUG:busco.busco_tools.Toolset	cmd call: hmmsearch --domtblout /home/montoliu/pprotegens/scripts/GCA_000828695.1_ASM82869v1_genomic/run_pseudomonadales_odb10/hmmer_output/1917at72274.out --cpu 1 /home/montoliu/pprotegens/scripts/busco_downloads/lineages/pseudomonadales_odb10/hmms/1917at72274.hmm /home/montoliu/pprotegens/scripts/GCA_000828695.1_ASM82869v1_genomic/prodigal_output/predicted_genes/predicted.faa
DEBUG:busco.busco_tools.Toolset	cmd call: hmmsearch --domtblout /home/montoliu/pprotegens/scripts/GCA_000828695.1_ASM82869v1_genomic/run_pseudomonadales_odb10/hmmer_output/21547at72274.out --cpu 1 /home/montoliu/pprotegens/scripts/busco_downloads/lineages/pseudomonadales_odb10/hmms/21547at72274.hmm /home/montoliu/pprotegens/scripts/GCA_000828695.1_ASM82869v1_genomic/prodigal_output/predicted_genes/predicted.faa
DEBUG:busco.busco_tools.Toolset	cmd call: hmmsearch --domtblout /home/montoliu/pprotegens/scripts/GCA_000828695.1_ASM82869v1_genomic/run_pseudomonadales_odb10/hmmer_output/1961at72274.out --cpu 1 /home/montoliu/pprotegens/scripts/busco_downloads/lineages/pseudomonadales_odb10/hmms/1961at72274.hmm /home/montoliu/pprotegens/scripts/GCA_000828695.1_ASM82869v1_genomic/prodigal_output/predicted_genes/predicted.faa
DEBUG:busco.busco_tools.Toolset	cmd call: hmmsearch --domtblout /home/montoliu/pprotegens/scripts/GCA_000828695.1_ASM82869v1_genomic/run_pseudomonadales_odb10/hmmer_output/17520at72274.out --cpu 1 /home/montoliu/pprotegens/scripts/busco_downloads/lineages/pseudomonadales_odb10/hmms/17520at72274.hmm /home/montoliu/pprotegens/scripts/GCA_000828695.1_ASM82869v1_genomic/prodigal_output/predicted_genes/predicted.faa
DEBUG:busco.busco_tools.Toolset	cmd call: hmmsearch --domtblout /home/montoliu/pprotegens/scripts/GCA_000828695.1_ASM82869v1_genomic/run_pseudomonadales_odb10/hmmer_output/24801at72274.out --cpu 1 /home/montoliu/pprotegens/scripts/busco_downloads/lineages/pseudomonadales_odb10/hmms/24801at72274.hmm /home/montoliu/pprotegens/scripts/GCA_000828695.1_ASM82869v1_genomic/prodigal_output/predicted_genes/predicted.faa
DEBUG:busco.busco_tools.Toolset	cmd call: hmmsearch --domtblout /home/montoliu/pprotegens/scripts/GCA_000828695.1_ASM82869v1_genomic/run_pseudomonadales_odb10/hmmer_output/23306at72274.out --cpu 1 /home/montoliu/pprotegens/scripts/busco_downloads/lineages/pseudomonadales_odb10/hmms/23306at72274.hmm /home/montoliu/pprotegens/scripts/GCA_000828695.1_ASM82869v1_genomic/prodigal_output/predicted_genes/predicted.faa
DEBUG:busco.busco_tools.Toolset	cmd call: hmmsearch --domtblout /home/montoliu/pprotegens/scripts/GCA_000828695.1_ASM82869v1_genomic/run_pseudomonadales_odb10/hmmer_output/20685at72274.out --cpu 1 /home/montoliu/pprotegens/scripts/busco_downloads/lineages/pseudomonadales_odb10/hmms/20685at72274.hmm /home/montoliu/pprotegens/scripts/GCA_000828695.1_ASM82869v1_genomic/prodigal_output/predicted_genes/predicted.faa
DEBUG:busco.busco_tools.Toolset	cmd call: hmmsearch --domtblout /home/montoliu/pprotegens/scripts/GCA_000828695.1_ASM82869v1_genomic/run_pseudomonadales_odb10/hmmer_output/1843at72274.out --cpu 1 /home/montoliu/pprotegens/scripts/busco_downloads/lineages/pseudomonadales_odb10/hmms/1843at72274.hmm /home/montoliu/pprotegens/scripts/GCA_000828695.1_ASM82869v1_genomic/prodigal_output/predicted_genes/predicted.faa
DEBUG:busco.busco_tools.Toolset	cmd call: hmmsearch --domtblout /home/montoliu/pprotegens/scripts/GCA_000828695.1_ASM82869v1_genomic/run_pseudomonadales_odb10/hmmer_output/15329at72274.out --cpu 1 /home/montoliu/pprotegens/scripts/busco_downloads/lineages/pseudomonadales_odb10/hmms/15329at72274.hmm /home/montoliu/pprotegens/scripts/GCA_000828695.1_ASM82869v1_genomic/prodigal_output/predicted_genes/predicted.faa
DEBUG:busco.busco_tools.Toolset	cmd call: hmmsearch --domtblout /home/montoliu/pprotegens/scripts/GCA_000828695.1_ASM82869v1_genomic/run_pseudomonadales_odb10/hmmer_output/12019at72274.out --cpu 1 /home/montoliu/pprotegens/scripts/busco_downloads/lineages/pseudomonadales_odb10/hmms/12019at72274.hmm /home/montoliu/pprotegens/scripts/GCA_000828695.1_ASM82869v1_genomic/prodigal_output/predicted_genes/predicted.faa
DEBUG:busco.busco_tools.Toolset	cmd call: hmmsearch --domtblout /home/montoliu/pprotegens/scripts/GCA_000828695.1_ASM82869v1_genomic/run_pseudomonadales_odb10/hmmer_output/10984at72274.out --cpu 1 /home/montoliu/pprotegens/scripts/busco_downloads/lineages/pseudomonadales_odb10/hmms/10984at72274.hmm /home/montoliu/pprotegens/scripts/GCA_000828695.1_ASM82869v1_genomic/prodigal_output/predicted_genes/predicted.faa
DEBUG:busco.busco_tools.Toolset	cmd call: hmmsearch --domtblout /home/montoliu/pprotegens/scripts/GCA_000828695.1_ASM82869v1_genomic/run_pseudomonadales_odb10/hmmer_output/16529at72274.out --cpu 1 /home/montoliu/pprotegens/scripts/busco_downloads/lineages/pseudomonadales_odb10/hmms/16529at72274.hmm /home/montoliu/pprotegens/scripts/GCA_000828695.1_ASM82869v1_genomic/prodigal_output/predicted_genes/predicted.faa
DEBUG:busco.busco_tools.Toolset	cmd call: hmmsearch --domtblout /home/montoliu/pprotegens/scripts/GCA_000828695.1_ASM82869v1_genomic/run_pseudomonadales_odb10/hmmer_output/23949at72274.out --cpu 1 /home/montoliu/pprotegens/scripts/busco_downloads/lineages/pseudomonadales_odb10/hmms/23949at72274.hmm /home/montoliu/pprotegens/scripts/GCA_000828695.1_ASM82869v1_genomic/prodigal_output/predicted_genes/predicted.faa
DEBUG:busco.busco_tools.Toolset	cmd call: hmmsearch --domtblout /home/montoliu/pprotegens/scripts/GCA_000828695.1_ASM82869v1_genomic/run_pseudomonadales_odb10/hmmer_output/14816at72274.out --cpu 1 /home/montoliu/pprotegens/scripts/busco_downloads/lineages/pseudomonadales_odb10/hmms/14816at72274.hmm /home/montoliu/pprotegens/scripts/GCA_000828695.1_ASM82869v1_genomic/prodigal_output/predicted_genes/predicted.faa
DEBUG:busco.busco_tools.Toolset	cmd call: hmmsearch --domtblout /home/montoliu/pprotegens/scripts/GCA_000828695.1_ASM82869v1_genomic/run_pseudomonadales_odb10/hmmer_output/10446at72274.out --cpu 1 /home/montoliu/pprotegens/scripts/busco_downloads/lineages/pseudomonadales_odb10/hmms/10446at72274.hmm /home/montoliu/pprotegens/scripts/GCA_000828695.1_ASM82869v1_genomic/prodigal_output/predicted_genes/predicted.faa
DEBUG:busco.busco_tools.Toolset	cmd call: hmmsearch --domtblout /home/montoliu/pprotegens/scripts/GCA_000828695.1_ASM82869v1_genomic/run_pseudomonadales_odb10/hmmer_output/21126at72274.out --cpu 1 /home/montoliu/pprotegens/scripts/busco_downloads/lineages/pseudomonadales_odb10/hmms/21126at72274.hmm /home/montoliu/pprotegens/scripts/GCA_000828695.1_ASM82869v1_genomic/prodigal_output/predicted_genes/predicted.faa
DEBUG:busco.busco_tools.Toolset	cmd call: hmmsearch --domtblout /home/montoliu/pprotegens/scripts/GCA_000828695.1_ASM82869v1_genomic/run_pseudomonadales_odb10/hmmer_output/23750at72274.out --cpu 1 /home/montoliu/pprotegens/scripts/busco_downloads/lineages/pseudomonadales_odb10/hmms/23750at72274.hmm /home/montoliu/pprotegens/scripts/GCA_000828695.1_ASM82869v1_genomic/prodigal_output/predicted_genes/predicted.faa
DEBUG:busco.busco_tools.Toolset	cmd call: hmmsearch --domtblout /home/montoliu/pprotegens/scripts/GCA_000828695.1_ASM82869v1_genomic/run_pseudomonadales_odb10/hmmer_output/10681at72274.out --cpu 1 /home/montoliu/pprotegens/scripts/busco_downloads/lineages/pseudomonadales_odb10/hmms/10681at72274.hmm /home/montoliu/pprotegens/scripts/GCA_000828695.1_ASM82869v1_genomic/prodigal_output/predicted_genes/predicted.faa
DEBUG:busco.busco_tools.Toolset	cmd call: hmmsearch --domtblout /home/montoliu/pprotegens/scripts/GCA_000828695.1_ASM82869v1_genomic/run_pseudomonadales_odb10/hmmer_output/14115at72274.out --cpu 1 /home/montoliu/pprotegens/scripts/busco_downloads/lineages/pseudomonadales_odb10/hmms/14115at72274.hmm /home/montoliu/pprotegens/scripts/GCA_000828695.1_ASM82869v1_genomic/prodigal_output/predicted_genes/predicted.faa
DEBUG:busco.busco_tools.Toolset	cmd call: hmmsearch --domtblout /home/montoliu/pprotegens/scripts/GCA_000828695.1_ASM82869v1_genomic/run_pseudomonadales_odb10/hmmer_output/1440at72274.out --cpu 1 /home/montoliu/pprotegens/scripts/busco_downloads/lineages/pseudomonadales_odb10/hmms/1440at72274.hmm /home/montoliu/pprotegens/scripts/GCA_000828695.1_ASM82869v1_genomic/prodigal_output/predicted_genes/predicted.faa
DEBUG:busco.busco_tools.Toolset	cmd call: hmmsearch --domtblout /home/montoliu/pprotegens/scripts/GCA_000828695.1_ASM82869v1_genomic/run_pseudomonadales_odb10/hmmer_output/15646at72274.out --cpu 1 /home/montoliu/pprotegens/scripts/busco_downloads/lineages/pseudomonadales_odb10/hmms/15646at72274.hmm /home/montoliu/pprotegens/scripts/GCA_000828695.1_ASM82869v1_genomic/prodigal_output/predicted_genes/predicted.faa
DEBUG:busco.busco_tools.Toolset	cmd call: hmmsearch --domtblout /home/montoliu/pprotegens/scripts/GCA_000828695.1_ASM82869v1_genomic/run_pseudomonadales_odb10/hmmer_output/17215at72274.out --cpu 1 /home/montoliu/pprotegens/scripts/busco_downloads/lineages/pseudomonadales_odb10/hmms/17215at72274.hmm /home/montoliu/pprotegens/scripts/GCA_000828695.1_ASM82869v1_genomic/prodigal_output/predicted_genes/predicted.faa
DEBUG:busco.busco_tools.Toolset	cmd call: hmmsearch --domtblout /home/montoliu/pprotegens/scripts/GCA_000828695.1_ASM82869v1_genomic/run_pseudomonadales_odb10/hmmer_output/24142at72274.out --cpu 1 /home/montoliu/pprotegens/scripts/busco_downloads/lineages/pseudomonadales_odb10/hmms/24142at72274.hmm /home/montoliu/pprotegens/scripts/GCA_000828695.1_ASM82869v1_genomic/prodigal_output/predicted_genes/predicted.faa
DEBUG:busco.busco_tools.Toolset	cmd call: hmmsearch --domtblout /home/montoliu/pprotegens/scripts/GCA_000828695.1_ASM82869v1_genomic/run_pseudomonadales_odb10/hmmer_output/10120at72274.out --cpu 1 /home/montoliu/pprotegens/scripts/busco_downloads/lineages/pseudomonadales_odb10/hmms/10120at72274.hmm /home/montoliu/pprotegens/scripts/GCA_000828695.1_ASM82869v1_genomic/prodigal_output/predicted_genes/predicted.faa
DEBUG:busco.busco_tools.Toolset	cmd call: hmmsearch --domtblout /home/montoliu/pprotegens/scripts/GCA_000828695.1_ASM82869v1_genomic/run_pseudomonadales_odb10/hmmer_output/22000at72274.out --cpu 1 /home/montoliu/pprotegens/scripts/busco_downloads/lineages/pseudomonadales_odb10/hmms/22000at72274.hmm /home/montoliu/pprotegens/scripts/GCA_000828695.1_ASM82869v1_genomic/prodigal_output/predicted_genes/predicted.faa
DEBUG:busco.busco_tools.Toolset	cmd call: hmmsearch --domtblout /home/montoliu/pprotegens/scripts/GCA_000828695.1_ASM82869v1_genomic/run_pseudomonadales_odb10/hmmer_output/11213at72274.out --cpu 1 /home/montoliu/pprotegens/scripts/busco_downloads/lineages/pseudomonadales_odb10/hmms/11213at72274.hmm /home/montoliu/pprotegens/scripts/GCA_000828695.1_ASM82869v1_genomic/prodigal_output/predicted_genes/predicted.faa
DEBUG:busco.busco_tools.Toolset	cmd call: hmmsearch --domtblout /home/montoliu/pprotegens/scripts/GCA_000828695.1_ASM82869v1_genomic/run_pseudomonadales_odb10/hmmer_output/23028at72274.out --cpu 1 /home/montoliu/pprotegens/scripts/busco_downloads/lineages/pseudomonadales_odb10/hmms/23028at72274.hmm /home/montoliu/pprotegens/scripts/GCA_000828695.1_ASM82869v1_genomic/prodigal_output/predicted_genes/predicted.faa
DEBUG:busco.busco_tools.Toolset	cmd call: hmmsearch --domtblout /home/montoliu/pprotegens/scripts/GCA_000828695.1_ASM82869v1_genomic/run_pseudomonadales_odb10/hmmer_output/1634at72274.out --cpu 1 /home/montoliu/pprotegens/scripts/busco_downloads/lineages/pseudomonadales_odb10/hmms/1634at72274.hmm /home/montoliu/pprotegens/scripts/GCA_000828695.1_ASM82869v1_genomic/prodigal_output/predicted_genes/predicted.faa
DEBUG:busco.busco_tools.Toolset	cmd call: hmmsearch --domtblout /home/montoliu/pprotegens/scripts/GCA_000828695.1_ASM82869v1_genomic/run_pseudomonadales_odb10/hmmer_output/22284at72274.out --cpu 1 /home/montoliu/pprotegens/scripts/busco_downloads/lineages/pseudomonadales_odb10/hmms/22284at72274.hmm /home/montoliu/pprotegens/scripts/GCA_000828695.1_ASM82869v1_genomic/prodigal_output/predicted_genes/predicted.faa
DEBUG:busco.busco_tools.Toolset	cmd call: hmmsearch --domtblout /home/montoliu/pprotegens/scripts/GCA_000828695.1_ASM82869v1_genomic/run_pseudomonadales_odb10/hmmer_output/16977at72274.out --cpu 1 /home/montoliu/pprotegens/scripts/busco_downloads/lineages/pseudomonadales_odb10/hmms/16977at72274.hmm /home/montoliu/pprotegens/scripts/GCA_000828695.1_ASM82869v1_genomic/prodigal_output/predicted_genes/predicted.faa
DEBUG:busco.busco_tools.Toolset	cmd call: hmmsearch --domtblout /home/montoliu/pprotegens/scripts/GCA_000828695.1_ASM82869v1_genomic/run_pseudomonadales_odb10/hmmer_output/13443at72274.out --cpu 1 /home/montoliu/pprotegens/scripts/busco_downloads/lineages/pseudomonadales_odb10/hmms/13443at72274.hmm /home/montoliu/pprotegens/scripts/GCA_000828695.1_ASM82869v1_genomic/prodigal_output/predicted_genes/predicted.faa
DEBUG:busco.busco_tools.Toolset	cmd call: hmmsearch --domtblout /home/montoliu/pprotegens/scripts/GCA_000828695.1_ASM82869v1_genomic/run_pseudomonadales_odb10/hmmer_output/1384at72274.out --cpu 1 /home/montoliu/pprotegens/scripts/busco_downloads/lineages/pseudomonadales_odb10/hmms/1384at72274.hmm /home/montoliu/pprotegens/scripts/GCA_000828695.1_ASM82869v1_genomic/prodigal_output/predicted_genes/predicted.faa
DEBUG:busco.busco_tools.Toolset	cmd call: hmmsearch --domtblout /home/montoliu/pprotegens/scripts/GCA_000828695.1_ASM82869v1_genomic/run_pseudomonadales_odb10/hmmer_output/25202at72274.out --cpu 1 /home/montoliu/pprotegens/scripts/busco_downloads/lineages/pseudomonadales_odb10/hmms/25202at72274.hmm /home/montoliu/pprotegens/scripts/GCA_000828695.1_ASM82869v1_genomic/prodigal_output/predicted_genes/predicted.faa
DEBUG:busco.busco_tools.Toolset	cmd call: hmmsearch --domtblout /home/montoliu/pprotegens/scripts/GCA_000828695.1_ASM82869v1_genomic/run_pseudomonadales_odb10/hmmer_output/14567at72274.out --cpu 1 /home/montoliu/pprotegens/scripts/busco_downloads/lineages/pseudomonadales_odb10/hmms/14567at72274.hmm /home/montoliu/pprotegens/scripts/GCA_000828695.1_ASM82869v1_genomic/prodigal_output/predicted_genes/predicted.faa
DEBUG:busco.busco_tools.Toolset	cmd call: hmmsearch --domtblout /home/montoliu/pprotegens/scripts/GCA_000828695.1_ASM82869v1_genomic/run_pseudomonadales_odb10/hmmer_output/18218at72274.out --cpu 1 /home/montoliu/pprotegens/scripts/busco_downloads/lineages/pseudomonadales_odb10/hmms/18218at72274.hmm /home/montoliu/pprotegens/scripts/GCA_000828695.1_ASM82869v1_genomic/prodigal_output/predicted_genes/predicted.faa
DEBUG:busco.busco_tools.Toolset	cmd call: hmmsearch --domtblout /home/montoliu/pprotegens/scripts/GCA_000828695.1_ASM82869v1_genomic/run_pseudomonadales_odb10/hmmer_output/208at72274.out --cpu 1 /home/montoliu/pprotegens/scripts/busco_downloads/lineages/pseudomonadales_odb10/hmms/208at72274.hmm /home/montoliu/pprotegens/scripts/GCA_000828695.1_ASM82869v1_genomic/prodigal_output/predicted_genes/predicted.faa
DEBUG:busco.busco_tools.Toolset	cmd call: hmmsearch --domtblout /home/montoliu/pprotegens/scripts/GCA_000828695.1_ASM82869v1_genomic/run_pseudomonadales_odb10/hmmer_output/2019at72274.out --cpu 1 /home/montoliu/pprotegens/scripts/busco_downloads/lineages/pseudomonadales_odb10/hmms/2019at72274.hmm /home/montoliu/pprotegens/scripts/GCA_000828695.1_ASM82869v1_genomic/prodigal_output/predicted_genes/predicted.faa
DEBUG:busco.busco_tools.Toolset	cmd call: hmmsearch --domtblout /home/montoliu/pprotegens/scripts/GCA_000828695.1_ASM82869v1_genomic/run_pseudomonadales_odb10/hmmer_output/1753at72274.out --cpu 1 /home/montoliu/pprotegens/scripts/busco_downloads/lineages/pseudomonadales_odb10/hmms/1753at72274.hmm /home/montoliu/pprotegens/scripts/GCA_000828695.1_ASM82869v1_genomic/prodigal_output/predicted_genes/predicted.faa
DEBUG:busco.busco_tools.Toolset	cmd call: hmmsearch --domtblout /home/montoliu/pprotegens/scripts/GCA_000828695.1_ASM82869v1_genomic/run_pseudomonadales_odb10/hmmer_output/24820at72274.out --cpu 1 /home/montoliu/pprotegens/scripts/busco_downloads/lineages/pseudomonadales_odb10/hmms/24820at72274.hmm /home/montoliu/pprotegens/scripts/GCA_000828695.1_ASM82869v1_genomic/prodigal_output/predicted_genes/predicted.faa
DEBUG:busco.busco_tools.Toolset	cmd call: hmmsearch --domtblout /home/montoliu/pprotegens/scripts/GCA_000828695.1_ASM82869v1_genomic/run_pseudomonadales_odb10/hmmer_output/12585at72274.out --cpu 1 /home/montoliu/pprotegens/scripts/busco_downloads/lineages/pseudomonadales_odb10/hmms/12585at72274.hmm /home/montoliu/pprotegens/scripts/GCA_000828695.1_ASM82869v1_genomic/prodigal_output/predicted_genes/predicted.faa
DEBUG:busco.busco_tools.Toolset	cmd call: hmmsearch --domtblout /home/montoliu/pprotegens/scripts/GCA_000828695.1_ASM82869v1_genomic/run_pseudomonadales_odb10/hmmer_output/25406at72274.out --cpu 1 /home/montoliu/pprotegens/scripts/busco_downloads/lineages/pseudomonadales_odb10/hmms/25406at72274.hmm /home/montoliu/pprotegens/scripts/GCA_000828695.1_ASM82869v1_genomic/prodigal_output/predicted_genes/predicted.faa
DEBUG:busco.busco_tools.Toolset	cmd call: hmmsearch --domtblout /home/montoliu/pprotegens/scripts/GCA_000828695.1_ASM82869v1_genomic/run_pseudomonadales_odb10/hmmer_output/2112at72274.out --cpu 1 /home/montoliu/pprotegens/scripts/busco_downloads/lineages/pseudomonadales_odb10/hmms/2112at72274.hmm /home/montoliu/pprotegens/scripts/GCA_000828695.1_ASM82869v1_genomic/prodigal_output/predicted_genes/predicted.faa
DEBUG:busco.busco_tools.Toolset	cmd call: hmmsearch --domtblout /home/montoliu/pprotegens/scripts/GCA_000828695.1_ASM82869v1_genomic/run_pseudomonadales_odb10/hmmer_output/23030at72274.out --cpu 1 /home/montoliu/pprotegens/scripts/busco_downloads/lineages/pseudomonadales_odb10/hmms/23030at72274.hmm /home/montoliu/pprotegens/scripts/GCA_000828695.1_ASM82869v1_genomic/prodigal_output/predicted_genes/predicted.faa
DEBUG:busco.busco_tools.Toolset	cmd call: hmmsearch --domtblout /home/montoliu/pprotegens/scripts/GCA_000828695.1_ASM82869v1_genomic/run_pseudomonadales_odb10/hmmer_output/12118at72274.out --cpu 1 /home/montoliu/pprotegens/scripts/busco_downloads/lineages/pseudomonadales_odb10/hmms/12118at72274.hmm /home/montoliu/pprotegens/scripts/GCA_000828695.1_ASM82869v1_genomic/prodigal_output/predicted_genes/predicted.faa
DEBUG:busco.busco_tools.Toolset	cmd call: hmmsearch --domtblout /home/montoliu/pprotegens/scripts/GCA_000828695.1_ASM82869v1_genomic/run_pseudomonadales_odb10/hmmer_output/11342at72274.out --cpu 1 /home/montoliu/pprotegens/scripts/busco_downloads/lineages/pseudomonadales_odb10/hmms/11342at72274.hmm /home/montoliu/pprotegens/scripts/GCA_000828695.1_ASM82869v1_genomic/prodigal_output/predicted_genes/predicted.faa
DEBUG:busco.busco_tools.Toolset	cmd call: hmmsearch --domtblout /home/montoliu/pprotegens/scripts/GCA_000828695.1_ASM82869v1_genomic/run_pseudomonadales_odb10/hmmer_output/1707at72274.out --cpu 1 /home/montoliu/pprotegens/scripts/busco_downloads/lineages/pseudomonadales_odb10/hmms/1707at72274.hmm /home/montoliu/pprotegens/scripts/GCA_000828695.1_ASM82869v1_genomic/prodigal_output/predicted_genes/predicted.faa
DEBUG:busco.busco_tools.Toolset	cmd call: hmmsearch --domtblout /home/montoliu/pprotegens/scripts/GCA_000828695.1_ASM82869v1_genomic/run_pseudomonadales_odb10/hmmer_output/17279at72274.out --cpu 1 /home/montoliu/pprotegens/scripts/busco_downloads/lineages/pseudomonadales_odb10/hmms/17279at72274.hmm /home/montoliu/pprotegens/scripts/GCA_000828695.1_ASM82869v1_genomic/prodigal_output/predicted_genes/predicted.faa
DEBUG:busco.busco_tools.Toolset	cmd call: hmmsearch --domtblout /home/montoliu/pprotegens/scripts/GCA_000828695.1_ASM82869v1_genomic/run_pseudomonadales_odb10/hmmer_output/19211at72274.out --cpu 1 /home/montoliu/pprotegens/scripts/busco_downloads/lineages/pseudomonadales_odb10/hmms/19211at72274.hmm /home/montoliu/pprotegens/scripts/GCA_000828695.1_ASM82869v1_genomic/prodigal_output/predicted_genes/predicted.faa
DEBUG:busco.busco_tools.Toolset	cmd call: hmmsearch --domtblout /home/montoliu/pprotegens/scripts/GCA_000828695.1_ASM82869v1_genomic/run_pseudomonadales_odb10/hmmer_output/14821at72274.out --cpu 1 /home/montoliu/pprotegens/scripts/busco_downloads/lineages/pseudomonadales_odb10/hmms/14821at72274.hmm /home/montoliu/pprotegens/scripts/GCA_000828695.1_ASM82869v1_genomic/prodigal_output/predicted_genes/predicted.faa
DEBUG:busco.busco_tools.Toolset	cmd call: hmmsearch --domtblout /home/montoliu/pprotegens/scripts/GCA_000828695.1_ASM82869v1_genomic/run_pseudomonadales_odb10/hmmer_output/10449at72274.out --cpu 1 /home/montoliu/pprotegens/scripts/busco_downloads/lineages/pseudomonadales_odb10/hmms/10449at72274.hmm /home/montoliu/pprotegens/scripts/GCA_000828695.1_ASM82869v1_genomic/prodigal_output/predicted_genes/predicted.faa
DEBUG:busco.busco_tools.Toolset	cmd call: hmmsearch --domtblout /home/montoliu/pprotegens/scripts/GCA_000828695.1_ASM82869v1_genomic/run_pseudomonadales_odb10/hmmer_output/21685at72274.out --cpu 1 /home/montoliu/pprotegens/scripts/busco_downloads/lineages/pseudomonadales_odb10/hmms/21685at72274.hmm /home/montoliu/pprotegens/scripts/GCA_000828695.1_ASM82869v1_genomic/prodigal_output/predicted_genes/predicted.faa
DEBUG:busco.busco_tools.Toolset	cmd call: hmmsearch --domtblout /home/montoliu/pprotegens/scripts/GCA_000828695.1_ASM82869v1_genomic/run_pseudomonadales_odb10/hmmer_output/16555at72274.out --cpu 1 /home/montoliu/pprotegens/scripts/busco_downloads/lineages/pseudomonadales_odb10/hmms/16555at72274.hmm /home/montoliu/pprotegens/scripts/GCA_000828695.1_ASM82869v1_genomic/prodigal_output/predicted_genes/predicted.faa
DEBUG:busco.busco_tools.Toolset	cmd call: hmmsearch --domtblout /home/montoliu/pprotegens/scripts/GCA_000828695.1_ASM82869v1_genomic/run_pseudomonadales_odb10/hmmer_output/11020at72274.out --cpu 1 /home/montoliu/pprotegens/scripts/busco_downloads/lineages/pseudomonadales_odb10/hmms/11020at72274.hmm /home/montoliu/pprotegens/scripts/GCA_000828695.1_ASM82869v1_genomic/prodigal_output/predicted_genes/predicted.faa
DEBUG:busco.busco_tools.Toolset	cmd call: hmmsearch --domtblout /home/montoliu/pprotegens/scripts/GCA_000828695.1_ASM82869v1_genomic/run_pseudomonadales_odb10/hmmer_output/16452at72274.out --cpu 1 /home/montoliu/pprotegens/scripts/busco_downloads/lineages/pseudomonadales_odb10/hmms/16452at72274.hmm /home/montoliu/pprotegens/scripts/GCA_000828695.1_ASM82869v1_genomic/prodigal_output/predicted_genes/predicted.faa
DEBUG:busco.busco_tools.Toolset	cmd call: hmmsearch --domtblout /home/montoliu/pprotegens/scripts/GCA_000828695.1_ASM82869v1_genomic/run_pseudomonadales_odb10/hmmer_output/10683at72274.out --cpu 1 /home/montoliu/pprotegens/scripts/busco_downloads/lineages/pseudomonadales_odb10/hmms/10683at72274.hmm /home/montoliu/pprotegens/scripts/GCA_000828695.1_ASM82869v1_genomic/prodigal_output/predicted_genes/predicted.faa
DEBUG:busco.busco_tools.Toolset	cmd call: hmmsearch --domtblout /home/montoliu/pprotegens/scripts/GCA_000828695.1_ASM82869v1_genomic/run_pseudomonadales_odb10/hmmer_output/24002at72274.out --cpu 1 /home/montoliu/pprotegens/scripts/busco_downloads/lineages/pseudomonadales_odb10/hmms/24002at72274.hmm /home/montoliu/pprotegens/scripts/GCA_000828695.1_ASM82869v1_genomic/prodigal_output/predicted_genes/predicted.faa
DEBUG:busco.busco_tools.Toolset	cmd call: hmmsearch --domtblout /home/montoliu/pprotegens/scripts/GCA_000828695.1_ASM82869v1_genomic/run_pseudomonadales_odb10/hmmer_output/22001at72274.out --cpu 1 /home/montoliu/pprotegens/scripts/busco_downloads/lineages/pseudomonadales_odb10/hmms/22001at72274.hmm /home/montoliu/pprotegens/scripts/GCA_000828695.1_ASM82869v1_genomic/prodigal_output/predicted_genes/predicted.faa
DEBUG:busco.busco_tools.Toolset	cmd call: hmmsearch --domtblout /home/montoliu/pprotegens/scripts/GCA_000828695.1_ASM82869v1_genomic/run_pseudomonadales_odb10/hmmer_output/13880at72274.out --cpu 1 /home/montoliu/pprotegens/scripts/busco_downloads/lineages/pseudomonadales_odb10/hmms/13880at72274.hmm /home/montoliu/pprotegens/scripts/GCA_000828695.1_ASM82869v1_genomic/prodigal_output/predicted_genes/predicted.faa
DEBUG:busco.busco_tools.Toolset	cmd call: hmmsearch --domtblout /home/montoliu/pprotegens/scripts/GCA_000828695.1_ASM82869v1_genomic/run_pseudomonadales_odb10/hmmer_output/14446at72274.out --cpu 1 /home/montoliu/pprotegens/scripts/busco_downloads/lineages/pseudomonadales_odb10/hmms/14446at72274.hmm /home/montoliu/pprotegens/scripts/GCA_000828695.1_ASM82869v1_genomic/prodigal_output/predicted_genes/predicted.faa
DEBUG:busco.busco_tools.Toolset	cmd call: hmmsearch --domtblout /home/montoliu/pprotegens/scripts/GCA_000828695.1_ASM82869v1_genomic/run_pseudomonadales_odb10/hmmer_output/19630at72274.out --cpu 1 /home/montoliu/pprotegens/scripts/busco_downloads/lineages/pseudomonadales_odb10/hmms/19630at72274.hmm /home/montoliu/pprotegens/scripts/GCA_000828695.1_ASM82869v1_genomic/prodigal_output/predicted_genes/predicted.faa
DEBUG:busco.busco_tools.Toolset	cmd call: hmmsearch --domtblout /home/montoliu/pprotegens/scripts/GCA_000828695.1_ASM82869v1_genomic/run_pseudomonadales_odb10/hmmer_output/25705at72274.out --cpu 1 /home/montoliu/pprotegens/scripts/busco_downloads/lineages/pseudomonadales_odb10/hmms/25705at72274.hmm /home/montoliu/pprotegens/scripts/GCA_000828695.1_ASM82869v1_genomic/prodigal_output/predicted_genes/predicted.faa
DEBUG:busco.busco_tools.Toolset	cmd call: hmmsearch --domtblout /home/montoliu/pprotegens/scripts/GCA_000828695.1_ASM82869v1_genomic/run_pseudomonadales_odb10/hmmer_output/1456at72274.out --cpu 1 /home/montoliu/pprotegens/scripts/busco_downloads/lineages/pseudomonadales_odb10/hmms/1456at72274.hmm /home/montoliu/pprotegens/scripts/GCA_000828695.1_ASM82869v1_genomic/prodigal_output/predicted_genes/predicted.faa
DEBUG:busco.busco_tools.Toolset	cmd call: hmmsearch --domtblout /home/montoliu/pprotegens/scripts/GCA_000828695.1_ASM82869v1_genomic/run_pseudomonadales_odb10/hmmer_output/23835at72274.out --cpu 1 /home/montoliu/pprotegens/scripts/busco_downloads/lineages/pseudomonadales_odb10/hmms/23835at72274.hmm /home/montoliu/pprotegens/scripts/GCA_000828695.1_ASM82869v1_genomic/prodigal_output/predicted_genes/predicted.faa
DEBUG:busco.busco_tools.Toolset	cmd call: hmmsearch --domtblout /home/montoliu/pprotegens/scripts/GCA_000828695.1_ASM82869v1_genomic/run_pseudomonadales_odb10/hmmer_output/25207at72274.out --cpu 1 /home/montoliu/pprotegens/scripts/busco_downloads/lineages/pseudomonadales_odb10/hmms/25207at72274.hmm /home/montoliu/pprotegens/scripts/GCA_000828695.1_ASM82869v1_genomic/prodigal_output/predicted_genes/predicted.faa
DEBUG:busco.busco_tools.Toolset	cmd call: hmmsearch --domtblout /home/montoliu/pprotegens/scripts/GCA_000828695.1_ASM82869v1_genomic/run_pseudomonadales_odb10/hmmer_output/22432at72274.out --cpu 1 /home/montoliu/pprotegens/scripts/busco_downloads/lineages/pseudomonadales_odb10/hmms/22432at72274.hmm /home/montoliu/pprotegens/scripts/GCA_000828695.1_ASM82869v1_genomic/prodigal_output/predicted_genes/predicted.faa
DEBUG:busco.busco_tools.Toolset	cmd call: hmmsearch --domtblout /home/montoliu/pprotegens/scripts/GCA_000828695.1_ASM82869v1_genomic/run_pseudomonadales_odb10/hmmer_output/24325at72274.out --cpu 1 /home/montoliu/pprotegens/scripts/busco_downloads/lineages/pseudomonadales_odb10/hmms/24325at72274.hmm /home/montoliu/pprotegens/scripts/GCA_000828695.1_ASM82869v1_genomic/prodigal_output/predicted_genes/predicted.faa
DEBUG:busco.busco_tools.Toolset	cmd call: hmmsearch --domtblout /home/montoliu/pprotegens/scripts/GCA_000828695.1_ASM82869v1_genomic/run_pseudomonadales_odb10/hmmer_output/15718at72274.out --cpu 1 /home/montoliu/pprotegens/scripts/busco_downloads/lineages/pseudomonadales_odb10/hmms/15718at72274.hmm /home/montoliu/pprotegens/scripts/GCA_000828695.1_ASM82869v1_genomic/prodigal_output/predicted_genes/predicted.faa
DEBUG:busco.busco_tools.Toolset	cmd call: hmmsearch --domtblout /home/montoliu/pprotegens/scripts/GCA_000828695.1_ASM82869v1_genomic/run_pseudomonadales_odb10/hmmer_output/20214at72274.out --cpu 1 /home/montoliu/pprotegens/scripts/busco_downloads/lineages/pseudomonadales_odb10/hmms/20214at72274.hmm /home/montoliu/pprotegens/scripts/GCA_000828695.1_ASM82869v1_genomic/prodigal_output/predicted_genes/predicted.faa
DEBUG:busco.busco_tools.Toolset	cmd call: hmmsearch --domtblout /home/montoliu/pprotegens/scripts/GCA_000828695.1_ASM82869v1_genomic/run_pseudomonadales_odb10/hmmer_output/18714at72274.out --cpu 1 /home/montoliu/pprotegens/scripts/busco_downloads/lineages/pseudomonadales_odb10/hmms/18714at72274.hmm /home/montoliu/pprotegens/scripts/GCA_000828695.1_ASM82869v1_genomic/prodigal_output/predicted_genes/predicted.faa
DEBUG:busco.busco_tools.Toolset	cmd call: hmmsearch --domtblout /home/montoliu/pprotegens/scripts/GCA_000828695.1_ASM82869v1_genomic/run_pseudomonadales_odb10/hmmer_output/15349at72274.out --cpu 1 /home/montoliu/pprotegens/scripts/busco_downloads/lineages/pseudomonadales_odb10/hmms/15349at72274.hmm /home/montoliu/pprotegens/scripts/GCA_000828695.1_ASM82869v1_genomic/prodigal_output/predicted_genes/predicted.faa
DEBUG:busco.busco_tools.Toolset	cmd call: hmmsearch --domtblout /home/montoliu/pprotegens/scripts/GCA_000828695.1_ASM82869v1_genomic/run_pseudomonadales_odb10/hmmer_output/12775at72274.out --cpu 1 /home/montoliu/pprotegens/scripts/busco_downloads/lineages/pseudomonadales_odb10/hmms/12775at72274.hmm /home/montoliu/pprotegens/scripts/GCA_000828695.1_ASM82869v1_genomic/prodigal_output/predicted_genes/predicted.faa
DEBUG:busco.busco_tools.Toolset	cmd call: hmmsearch --domtblout /home/montoliu/pprotegens/scripts/GCA_000828695.1_ASM82869v1_genomic/run_pseudomonadales_odb10/hmmer_output/25465at72274.out --cpu 1 /home/montoliu/pprotegens/scripts/busco_downloads/lineages/pseudomonadales_odb10/hmms/25465at72274.hmm /home/montoliu/pprotegens/scripts/GCA_000828695.1_ASM82869v1_genomic/prodigal_output/predicted_genes/predicted.faa
DEBUG:busco.busco_tools.Toolset	cmd call: hmmsearch --domtblout /home/montoliu/pprotegens/scripts/GCA_000828695.1_ASM82869v1_genomic/run_pseudomonadales_odb10/hmmer_output/20753at72274.out --cpu 1 /home/montoliu/pprotegens/scripts/busco_downloads/lineages/pseudomonadales_odb10/hmms/20753at72274.hmm /home/montoliu/pprotegens/scripts/GCA_000828695.1_ASM82869v1_genomic/prodigal_output/predicted_genes/predicted.faa
DEBUG:busco.busco_tools.Toolset	cmd call: hmmsearch --domtblout /home/montoliu/pprotegens/scripts/GCA_000828695.1_ASM82869v1_genomic/run_pseudomonadales_odb10/hmmer_output/26334at72274.out --cpu 1 /home/montoliu/pprotegens/scripts/busco_downloads/lineages/pseudomonadales_odb10/hmms/26334at72274.hmm /home/montoliu/pprotegens/scripts/GCA_000828695.1_ASM82869v1_genomic/prodigal_output/predicted_genes/predicted.faa
DEBUG:busco.busco_tools.Toolset	cmd call: hmmsearch --domtblout /home/montoliu/pprotegens/scripts/GCA_000828695.1_ASM82869v1_genomic/run_pseudomonadales_odb10/hmmer_output/2303at72274.out --cpu 1 /home/montoliu/pprotegens/scripts/busco_downloads/lineages/pseudomonadales_odb10/hmms/2303at72274.hmm /home/montoliu/pprotegens/scripts/GCA_000828695.1_ASM82869v1_genomic/prodigal_output/predicted_genes/predicted.faa
DEBUG:busco.busco_tools.Toolset	cmd call: hmmsearch --domtblout /home/montoliu/pprotegens/scripts/GCA_000828695.1_ASM82869v1_genomic/run_pseudomonadales_odb10/hmmer_output/21206at72274.out --cpu 1 /home/montoliu/pprotegens/scripts/busco_downloads/lineages/pseudomonadales_odb10/hmms/21206at72274.hmm /home/montoliu/pprotegens/scripts/GCA_000828695.1_ASM82869v1_genomic/prodigal_output/predicted_genes/predicted.faa
DEBUG:busco.busco_tools.Toolset	cmd call: hmmsearch --domtblout /home/montoliu/pprotegens/scripts/GCA_000828695.1_ASM82869v1_genomic/run_pseudomonadales_odb10/hmmer_output/20904at72274.out --cpu 1 /home/montoliu/pprotegens/scripts/busco_downloads/lineages/pseudomonadales_odb10/hmms/20904at72274.hmm /home/montoliu/pprotegens/scripts/GCA_000828695.1_ASM82869v1_genomic/prodigal_output/predicted_genes/predicted.faa
DEBUG:busco.busco_tools.Toolset	cmd call: hmmsearch --domtblout /home/montoliu/pprotegens/scripts/GCA_000828695.1_ASM82869v1_genomic/run_pseudomonadales_odb10/hmmer_output/2487at72274.out --cpu 1 /home/montoliu/pprotegens/scripts/busco_downloads/lineages/pseudomonadales_odb10/hmms/2487at72274.hmm /home/montoliu/pprotegens/scripts/GCA_000828695.1_ASM82869v1_genomic/prodigal_output/predicted_genes/predicted.faa
DEBUG:busco.busco_tools.Toolset	cmd call: hmmsearch --domtblout /home/montoliu/pprotegens/scripts/GCA_000828695.1_ASM82869v1_genomic/run_pseudomonadales_odb10/hmmer_output/17565at72274.out --cpu 1 /home/montoliu/pprotegens/scripts/busco_downloads/lineages/pseudomonadales_odb10/hmms/17565at72274.hmm /home/montoliu/pprotegens/scripts/GCA_000828695.1_ASM82869v1_genomic/prodigal_output/predicted_genes/predicted.faa
DEBUG:busco.busco_tools.Toolset	cmd call: hmmsearch --domtblout /home/montoliu/pprotegens/scripts/GCA_000828695.1_ASM82869v1_genomic/run_pseudomonadales_odb10/hmmer_output/10690at72274.out --cpu 1 /home/montoliu/pprotegens/scripts/busco_downloads/lineages/pseudomonadales_odb10/hmms/10690at72274.hmm /home/montoliu/pprotegens/scripts/GCA_000828695.1_ASM82869v1_genomic/prodigal_output/predicted_genes/predicted.faa
DEBUG:busco.busco_tools.Toolset	cmd call: hmmsearch --domtblout /home/montoliu/pprotegens/scripts/GCA_000828695.1_ASM82869v1_genomic/run_pseudomonadales_odb10/hmmer_output/14523at72274.out --cpu 1 /home/montoliu/pprotegens/scripts/busco_downloads/lineages/pseudomonadales_odb10/hmms/14523at72274.hmm /home/montoliu/pprotegens/scripts/GCA_000828695.1_ASM82869v1_genomic/prodigal_output/predicted_genes/predicted.faa
DEBUG:busco.busco_tools.Toolset	cmd call: hmmsearch --domtblout /home/montoliu/pprotegens/scripts/GCA_000828695.1_ASM82869v1_genomic/run_pseudomonadales_odb10/hmmer_output/22039at72274.out --cpu 1 /home/montoliu/pprotegens/scripts/busco_downloads/lineages/pseudomonadales_odb10/hmms/22039at72274.hmm /home/montoliu/pprotegens/scripts/GCA_000828695.1_ASM82869v1_genomic/prodigal_output/predicted_genes/predicted.faa
DEBUG:busco.busco_tools.Toolset	cmd call: hmmsearch --domtblout /home/montoliu/pprotegens/scripts/GCA_000828695.1_ASM82869v1_genomic/run_pseudomonadales_odb10/hmmer_output/17346at72274.out --cpu 1 /home/montoliu/pprotegens/scripts/busco_downloads/lineages/pseudomonadales_odb10/hmms/17346at72274.hmm /home/montoliu/pprotegens/scripts/GCA_000828695.1_ASM82869v1_genomic/prodigal_output/predicted_genes/predicted.faa
DEBUG:busco.busco_tools.Toolset	cmd call: hmmsearch --domtblout /home/montoliu/pprotegens/scripts/GCA_000828695.1_ASM82869v1_genomic/run_pseudomonadales_odb10/hmmer_output/11418at72274.out --cpu 1 /home/montoliu/pprotegens/scripts/busco_downloads/lineages/pseudomonadales_odb10/hmms/11418at72274.hmm /home/montoliu/pprotegens/scripts/GCA_000828695.1_ASM82869v1_genomic/prodigal_output/predicted_genes/predicted.faa
DEBUG:busco.busco_tools.Toolset	cmd call: hmmsearch --domtblout /home/montoliu/pprotegens/scripts/GCA_000828695.1_ASM82869v1_genomic/run_pseudomonadales_odb10/hmmer_output/10543at72274.out --cpu 1 /home/montoliu/pprotegens/scripts/busco_downloads/lineages/pseudomonadales_odb10/hmms/10543at72274.hmm /home/montoliu/pprotegens/scripts/GCA_000828695.1_ASM82869v1_genomic/prodigal_output/predicted_genes/predicted.faa
DEBUG:busco.busco_tools.Toolset	cmd call: hmmsearch --domtblout /home/montoliu/pprotegens/scripts/GCA_000828695.1_ASM82869v1_genomic/run_pseudomonadales_odb10/hmmer_output/16598at72274.out --cpu 1 /home/montoliu/pprotegens/scripts/busco_downloads/lineages/pseudomonadales_odb10/hmms/16598at72274.hmm /home/montoliu/pprotegens/scripts/GCA_000828695.1_ASM82869v1_genomic/prodigal_output/predicted_genes/predicted.faa
DEBUG:busco.busco_tools.Toolset	cmd call: hmmsearch --domtblout /home/montoliu/pprotegens/scripts/GCA_000828695.1_ASM82869v1_genomic/run_pseudomonadales_odb10/hmmer_output/2667at72274.out --cpu 1 /home/montoliu/pprotegens/scripts/busco_downloads/lineages/pseudomonadales_odb10/hmms/2667at72274.hmm /home/montoliu/pprotegens/scripts/GCA_000828695.1_ASM82869v1_genomic/prodigal_output/predicted_genes/predicted.faa
DEBUG:busco.busco_tools.Toolset	cmd call: hmmsearch --domtblout /home/montoliu/pprotegens/scripts/GCA_000828695.1_ASM82869v1_genomic/run_pseudomonadales_odb10/hmmer_output/17118at72274.out --cpu 1 /home/montoliu/pprotegens/scripts/busco_downloads/lineages/pseudomonadales_odb10/hmms/17118at72274.hmm /home/montoliu/pprotegens/scripts/GCA_000828695.1_ASM82869v1_genomic/prodigal_output/predicted_genes/predicted.faa
DEBUG:busco.busco_tools.Toolset	cmd call: hmmsearch --domtblout /home/montoliu/pprotegens/scripts/GCA_000828695.1_ASM82869v1_genomic/run_pseudomonadales_odb10/hmmer_output/11088at72274.out --cpu 1 /home/montoliu/pprotegens/scripts/busco_downloads/lineages/pseudomonadales_odb10/hmms/11088at72274.hmm /home/montoliu/pprotegens/scripts/GCA_000828695.1_ASM82869v1_genomic/prodigal_output/predicted_genes/predicted.faa
DEBUG:busco.busco_tools.Toolset	cmd call: hmmsearch --domtblout /home/montoliu/pprotegens/scripts/GCA_000828695.1_ASM82869v1_genomic/run_pseudomonadales_odb10/hmmer_output/2722at72274.out --cpu 1 /home/montoliu/pprotegens/scripts/busco_downloads/lineages/pseudomonadales_odb10/hmms/2722at72274.hmm /home/montoliu/pprotegens/scripts/GCA_000828695.1_ASM82869v1_genomic/prodigal_output/predicted_genes/predicted.faa
DEBUG:busco.busco_tools.Toolset	cmd call: hmmsearch --domtblout /home/montoliu/pprotegens/scripts/GCA_000828695.1_ASM82869v1_genomic/run_pseudomonadales_odb10/hmmer_output/27713at72274.out --cpu 1 /home/montoliu/pprotegens/scripts/busco_downloads/lineages/pseudomonadales_odb10/hmms/27713at72274.hmm /home/montoliu/pprotegens/scripts/GCA_000828695.1_ASM82869v1_genomic/prodigal_output/predicted_genes/predicted.faa
DEBUG:busco.busco_tools.Toolset	cmd call: hmmsearch --domtblout /home/montoliu/pprotegens/scripts/GCA_000828695.1_ASM82869v1_genomic/run_pseudomonadales_odb10/hmmer_output/14956at72274.out --cpu 1 /home/montoliu/pprotegens/scripts/busco_downloads/lineages/pseudomonadales_odb10/hmms/14956at72274.hmm /home/montoliu/pprotegens/scripts/GCA_000828695.1_ASM82869v1_genomic/prodigal_output/predicted_genes/predicted.faa
DEBUG:busco.busco_tools.Toolset	cmd call: hmmsearch --domtblout /home/montoliu/pprotegens/scripts/GCA_000828695.1_ASM82869v1_genomic/run_pseudomonadales_odb10/hmmer_output/16460at72274.out --cpu 1 /home/montoliu/pprotegens/scripts/busco_downloads/lineages/pseudomonadales_odb10/hmms/16460at72274.hmm /home/montoliu/pprotegens/scripts/GCA_000828695.1_ASM82869v1_genomic/prodigal_output/predicted_genes/predicted.faa
DEBUG:busco.busco_tools.Toolset	cmd call: hmmsearch --domtblout /home/montoliu/pprotegens/scripts/GCA_000828695.1_ASM82869v1_genomic/run_pseudomonadales_odb10/hmmer_output/24069at72274.out --cpu 1 /home/montoliu/pprotegens/scripts/busco_downloads/lineages/pseudomonadales_odb10/hmms/24069at72274.hmm /home/montoliu/pprotegens/scripts/GCA_000828695.1_ASM82869v1_genomic/prodigal_output/predicted_genes/predicted.faa
DEBUG:busco.busco_tools.Toolset	cmd call: hmmsearch --domtblout /home/montoliu/pprotegens/scripts/GCA_000828695.1_ASM82869v1_genomic/run_pseudomonadales_odb10/hmmer_output/28390at72274.out --cpu 1 /home/montoliu/pprotegens/scripts/busco_downloads/lineages/pseudomonadales_odb10/hmms/28390at72274.hmm /home/montoliu/pprotegens/scripts/GCA_000828695.1_ASM82869v1_genomic/prodigal_output/predicted_genes/predicted.faa
DEBUG:busco.busco_tools.Toolset	cmd call: hmmsearch --domtblout /home/montoliu/pprotegens/scripts/GCA_000828695.1_ASM82869v1_genomic/run_pseudomonadales_odb10/hmmer_output/28793at72274.out --cpu 1 /home/montoliu/pprotegens/scripts/busco_downloads/lineages/pseudomonadales_odb10/hmms/28793at72274.hmm /home/montoliu/pprotegens/scripts/GCA_000828695.1_ASM82869v1_genomic/prodigal_output/predicted_genes/predicted.faa
DEBUG:busco.busco_tools.Toolset	cmd call: hmmsearch --domtblout /home/montoliu/pprotegens/scripts/GCA_000828695.1_ASM82869v1_genomic/run_pseudomonadales_odb10/hmmer_output/29175at72274.out --cpu 1 /home/montoliu/pprotegens/scripts/busco_downloads/lineages/pseudomonadales_odb10/hmms/29175at72274.hmm /home/montoliu/pprotegens/scripts/GCA_000828695.1_ASM82869v1_genomic/prodigal_output/predicted_genes/predicted.faa
INFO:busco.busco_tools.Toolset	[hmmsearch]	157 of 782 task(s) completed
DEBUG:busco.busco_tools.Toolset	cmd call: hmmsearch --domtblout /home/montoliu/pprotegens/scripts/GCA_000828695.1_ASM82869v1_genomic/run_pseudomonadales_odb10/hmmer_output/2251at72274.out --cpu 1 /home/montoliu/pprotegens/scripts/busco_downloads/lineages/pseudomonadales_odb10/hmms/2251at72274.hmm /home/montoliu/pprotegens/scripts/GCA_000828695.1_ASM82869v1_genomic/prodigal_output/predicted_genes/predicted.faa
DEBUG:busco.busco_tools.Toolset	cmd call: hmmsearch --domtblout /home/montoliu/pprotegens/scripts/GCA_000828695.1_ASM82869v1_genomic/run_pseudomonadales_odb10/hmmer_output/24369at72274.out --cpu 1 /home/montoliu/pprotegens/scripts/busco_downloads/lineages/pseudomonadales_odb10/hmms/24369at72274.hmm /home/montoliu/pprotegens/scripts/GCA_000828695.1_ASM82869v1_genomic/prodigal_output/predicted_genes/predicted.faa
DEBUG:busco.busco_tools.Toolset	cmd call: hmmsearch --domtblout /home/montoliu/pprotegens/scripts/GCA_000828695.1_ASM82869v1_genomic/run_pseudomonadales_odb10/hmmer_output/1600at72274.out --cpu 1 /home/montoliu/pprotegens/scripts/busco_downloads/lineages/pseudomonadales_odb10/hmms/1600at72274.hmm /home/montoliu/pprotegens/scripts/GCA_000828695.1_ASM82869v1_genomic/prodigal_output/predicted_genes/predicted.faa
DEBUG:busco.busco_tools.Toolset	cmd call: hmmsearch --domtblout /home/montoliu/pprotegens/scripts/GCA_000828695.1_ASM82869v1_genomic/run_pseudomonadales_odb10/hmmer_output/29421at72274.out --cpu 1 /home/montoliu/pprotegens/scripts/busco_downloads/lineages/pseudomonadales_odb10/hmms/29421at72274.hmm /home/montoliu/pprotegens/scripts/GCA_000828695.1_ASM82869v1_genomic/prodigal_output/predicted_genes/predicted.faa
DEBUG:busco.busco_tools.Toolset	cmd call: hmmsearch --domtblout /home/montoliu/pprotegens/scripts/GCA_000828695.1_ASM82869v1_genomic/run_pseudomonadales_odb10/hmmer_output/2971at72274.out --cpu 1 /home/montoliu/pprotegens/scripts/busco_downloads/lineages/pseudomonadales_odb10/hmms/2971at72274.hmm /home/montoliu/pprotegens/scripts/GCA_000828695.1_ASM82869v1_genomic/prodigal_output/predicted_genes/predicted.faa
DEBUG:busco.busco_tools.Toolset	cmd call: hmmsearch --domtblout /home/montoliu/pprotegens/scripts/GCA_000828695.1_ASM82869v1_genomic/run_pseudomonadales_odb10/hmmer_output/207at72274.out --cpu 1 /home/montoliu/pprotegens/scripts/busco_downloads/lineages/pseudomonadales_odb10/hmms/207at72274.hmm /home/montoliu/pprotegens/scripts/GCA_000828695.1_ASM82869v1_genomic/prodigal_output/predicted_genes/predicted.faa
DEBUG:busco.busco_tools.Toolset	cmd call: hmmsearch --domtblout /home/montoliu/pprotegens/scripts/GCA_000828695.1_ASM82869v1_genomic/run_pseudomonadales_odb10/hmmer_output/15423at72274.out --cpu 1 /home/montoliu/pprotegens/scripts/busco_downloads/lineages/pseudomonadales_odb10/hmms/15423at72274.hmm /home/montoliu/pprotegens/scripts/GCA_000828695.1_ASM82869v1_genomic/prodigal_output/predicted_genes/predicted.faa
DEBUG:busco.busco_tools.Toolset	cmd call: hmmsearch --domtblout /home/montoliu/pprotegens/scripts/GCA_000828695.1_ASM82869v1_genomic/run_pseudomonadales_odb10/hmmer_output/299at72274.out --cpu 1 /home/montoliu/pprotegens/scripts/busco_downloads/lineages/pseudomonadales_odb10/hmms/299at72274.hmm /home/montoliu/pprotegens/scripts/GCA_000828695.1_ASM82869v1_genomic/prodigal_output/predicted_genes/predicted.faa
DEBUG:busco.busco_tools.Toolset	cmd call: hmmsearch --domtblout /home/montoliu/pprotegens/scripts/GCA_000828695.1_ASM82869v1_genomic/run_pseudomonadales_odb10/hmmer_output/26508at72274.out --cpu 1 /home/montoliu/pprotegens/scripts/busco_downloads/lineages/pseudomonadales_odb10/hmms/26508at72274.hmm /home/montoliu/pprotegens/scripts/GCA_000828695.1_ASM82869v1_genomic/prodigal_output/predicted_genes/predicted.faa
DEBUG:busco.busco_tools.Toolset	cmd call: hmmsearch --domtblout /home/montoliu/pprotegens/scripts/GCA_000828695.1_ASM82869v1_genomic/run_pseudomonadales_odb10/hmmer_output/30228at72274.out --cpu 1 /home/montoliu/pprotegens/scripts/busco_downloads/lineages/pseudomonadales_odb10/hmms/30228at72274.hmm /home/montoliu/pprotegens/scripts/GCA_000828695.1_ASM82869v1_genomic/prodigal_output/predicted_genes/predicted.faa
DEBUG:busco.busco_tools.Toolset	cmd call: hmmsearch --domtblout /home/montoliu/pprotegens/scripts/GCA_000828695.1_ASM82869v1_genomic/run_pseudomonadales_odb10/hmmer_output/30592at72274.out --cpu 1 /home/montoliu/pprotegens/scripts/busco_downloads/lineages/pseudomonadales_odb10/hmms/30592at72274.hmm /home/montoliu/pprotegens/scripts/GCA_000828695.1_ASM82869v1_genomic/prodigal_output/predicted_genes/predicted.faa
DEBUG:busco.busco_tools.Toolset	cmd call: hmmsearch --domtblout /home/montoliu/pprotegens/scripts/GCA_000828695.1_ASM82869v1_genomic/run_pseudomonadales_odb10/hmmer_output/31187at72274.out --cpu 1 /home/montoliu/pprotegens/scripts/busco_downloads/lineages/pseudomonadales_odb10/hmms/31187at72274.hmm /home/montoliu/pprotegens/scripts/GCA_000828695.1_ASM82869v1_genomic/prodigal_output/predicted_genes/predicted.faa
DEBUG:busco.busco_tools.Toolset	cmd call: hmmsearch --domtblout /home/montoliu/pprotegens/scripts/GCA_000828695.1_ASM82869v1_genomic/run_pseudomonadales_odb10/hmmer_output/31677at72274.out --cpu 1 /home/montoliu/pprotegens/scripts/busco_downloads/lineages/pseudomonadales_odb10/hmms/31677at72274.hmm /home/montoliu/pprotegens/scripts/GCA_000828695.1_ASM82869v1_genomic/prodigal_output/predicted_genes/predicted.faa
DEBUG:busco.busco_tools.Toolset	cmd call: hmmsearch --domtblout /home/montoliu/pprotegens/scripts/GCA_000828695.1_ASM82869v1_genomic/run_pseudomonadales_odb10/hmmer_output/30676at72274.out --cpu 1 /home/montoliu/pprotegens/scripts/busco_downloads/lineages/pseudomonadales_odb10/hmms/30676at72274.hmm /home/montoliu/pprotegens/scripts/GCA_000828695.1_ASM82869v1_genomic/prodigal_output/predicted_genes/predicted.faa
DEBUG:busco.busco_tools.Toolset	cmd call: hmmsearch --domtblout /home/montoliu/pprotegens/scripts/GCA_000828695.1_ASM82869v1_genomic/run_pseudomonadales_odb10/hmmer_output/29190at72274.out --cpu 1 /home/montoliu/pprotegens/scripts/busco_downloads/lineages/pseudomonadales_odb10/hmms/29190at72274.hmm /home/montoliu/pprotegens/scripts/GCA_000828695.1_ASM82869v1_genomic/prodigal_output/predicted_genes/predicted.faa
DEBUG:busco.busco_tools.Toolset	cmd call: hmmsearch --domtblout /home/montoliu/pprotegens/scripts/GCA_000828695.1_ASM82869v1_genomic/run_pseudomonadales_odb10/hmmer_output/32018at72274.out --cpu 1 /home/montoliu/pprotegens/scripts/busco_downloads/lineages/pseudomonadales_odb10/hmms/32018at72274.hmm /home/montoliu/pprotegens/scripts/GCA_000828695.1_ASM82869v1_genomic/prodigal_output/predicted_genes/predicted.faa
DEBUG:busco.busco_tools.Toolset	cmd call: hmmsearch --domtblout /home/montoliu/pprotegens/scripts/GCA_000828695.1_ASM82869v1_genomic/run_pseudomonadales_odb10/hmmer_output/29426at72274.out --cpu 1 /home/montoliu/pprotegens/scripts/busco_downloads/lineages/pseudomonadales_odb10/hmms/29426at72274.hmm /home/montoliu/pprotegens/scripts/GCA_000828695.1_ASM82869v1_genomic/prodigal_output/predicted_genes/predicted.faa
DEBUG:busco.busco_tools.Toolset	cmd call: hmmsearch --domtblout /home/montoliu/pprotegens/scripts/GCA_000828695.1_ASM82869v1_genomic/run_pseudomonadales_odb10/hmmer_output/32269at72274.out --cpu 1 /home/montoliu/pprotegens/scripts/busco_downloads/lineages/pseudomonadales_odb10/hmms/32269at72274.hmm /home/montoliu/pprotegens/scripts/GCA_000828695.1_ASM82869v1_genomic/prodigal_output/predicted_genes/predicted.faa
DEBUG:busco.busco_tools.Toolset	cmd call: hmmsearch --domtblout /home/montoliu/pprotegens/scripts/GCA_000828695.1_ASM82869v1_genomic/run_pseudomonadales_odb10/hmmer_output/32510at72274.out --cpu 1 /home/montoliu/pprotegens/scripts/busco_downloads/lineages/pseudomonadales_odb10/hmms/32510at72274.hmm /home/montoliu/pprotegens/scripts/GCA_000828695.1_ASM82869v1_genomic/prodigal_output/predicted_genes/predicted.faa
DEBUG:busco.busco_tools.Toolset	cmd call: hmmsearch --domtblout /home/montoliu/pprotegens/scripts/GCA_000828695.1_ASM82869v1_genomic/run_pseudomonadales_odb10/hmmer_output/3277at72274.out --cpu 1 /home/montoliu/pprotegens/scripts/busco_downloads/lineages/pseudomonadales_odb10/hmms/3277at72274.hmm /home/montoliu/pprotegens/scripts/GCA_000828695.1_ASM82869v1_genomic/prodigal_output/predicted_genes/predicted.faa
DEBUG:busco.busco_tools.Toolset	cmd call: hmmsearch --domtblout /home/montoliu/pprotegens/scripts/GCA_000828695.1_ASM82869v1_genomic/run_pseudomonadales_odb10/hmmer_output/33272at72274.out --cpu 1 /home/montoliu/pprotegens/scripts/busco_downloads/lineages/pseudomonadales_odb10/hmms/33272at72274.hmm /home/montoliu/pprotegens/scripts/GCA_000828695.1_ASM82869v1_genomic/prodigal_output/predicted_genes/predicted.faa
DEBUG:busco.busco_tools.Toolset	cmd call: hmmsearch --domtblout /home/montoliu/pprotegens/scripts/GCA_000828695.1_ASM82869v1_genomic/run_pseudomonadales_odb10/hmmer_output/33789at72274.out --cpu 1 /home/montoliu/pprotegens/scripts/busco_downloads/lineages/pseudomonadales_odb10/hmms/33789at72274.hmm /home/montoliu/pprotegens/scripts/GCA_000828695.1_ASM82869v1_genomic/prodigal_output/predicted_genes/predicted.faa
DEBUG:busco.busco_tools.Toolset	cmd call: hmmsearch --domtblout /home/montoliu/pprotegens/scripts/GCA_000828695.1_ASM82869v1_genomic/run_pseudomonadales_odb10/hmmer_output/3393at72274.out --cpu 1 /home/montoliu/pprotegens/scripts/busco_downloads/lineages/pseudomonadales_odb10/hmms/3393at72274.hmm /home/montoliu/pprotegens/scripts/GCA_000828695.1_ASM82869v1_genomic/prodigal_output/predicted_genes/predicted.faa
DEBUG:busco.busco_tools.Toolset	cmd call: hmmsearch --domtblout /home/montoliu/pprotegens/scripts/GCA_000828695.1_ASM82869v1_genomic/run_pseudomonadales_odb10/hmmer_output/26684at72274.out --cpu 1 /home/montoliu/pprotegens/scripts/busco_downloads/lineages/pseudomonadales_odb10/hmms/26684at72274.hmm /home/montoliu/pprotegens/scripts/GCA_000828695.1_ASM82869v1_genomic/prodigal_output/predicted_genes/predicted.faa
DEBUG:busco.busco_tools.Toolset	cmd call: hmmsearch --domtblout /home/montoliu/pprotegens/scripts/GCA_000828695.1_ASM82869v1_genomic/run_pseudomonadales_odb10/hmmer_output/27481at72274.out --cpu 1 /home/montoliu/pprotegens/scripts/busco_downloads/lineages/pseudomonadales_odb10/hmms/27481at72274.hmm /home/montoliu/pprotegens/scripts/GCA_000828695.1_ASM82869v1_genomic/prodigal_output/predicted_genes/predicted.faa
DEBUG:busco.busco_tools.Toolset	cmd call: hmmsearch --domtblout /home/montoliu/pprotegens/scripts/GCA_000828695.1_ASM82869v1_genomic/run_pseudomonadales_odb10/hmmer_output/34228at72274.out --cpu 1 /home/montoliu/pprotegens/scripts/busco_downloads/lineages/pseudomonadales_odb10/hmms/34228at72274.hmm /home/montoliu/pprotegens/scripts/GCA_000828695.1_ASM82869v1_genomic/prodigal_output/predicted_genes/predicted.faa
DEBUG:busco.busco_tools.Toolset	cmd call: hmmsearch --domtblout /home/montoliu/pprotegens/scripts/GCA_000828695.1_ASM82869v1_genomic/run_pseudomonadales_odb10/hmmer_output/34578at72274.out --cpu 1 /home/montoliu/pprotegens/scripts/busco_downloads/lineages/pseudomonadales_odb10/hmms/34578at72274.hmm /home/montoliu/pprotegens/scripts/GCA_000828695.1_ASM82869v1_genomic/prodigal_output/predicted_genes/predicted.faa
DEBUG:busco.busco_tools.Toolset	cmd call: hmmsearch --domtblout /home/montoliu/pprotegens/scripts/GCA_000828695.1_ASM82869v1_genomic/run_pseudomonadales_odb10/hmmer_output/28919at72274.out --cpu 1 /home/montoliu/pprotegens/scripts/busco_downloads/lineages/pseudomonadales_odb10/hmms/28919at72274.hmm /home/montoliu/pprotegens/scripts/GCA_000828695.1_ASM82869v1_genomic/prodigal_output/predicted_genes/predicted.faa
DEBUG:busco.busco_tools.Toolset	cmd call: hmmsearch --domtblout /home/montoliu/pprotegens/scripts/GCA_000828695.1_ASM82869v1_genomic/run_pseudomonadales_odb10/hmmer_output/35049at72274.out --cpu 1 /home/montoliu/pprotegens/scripts/busco_downloads/lineages/pseudomonadales_odb10/hmms/35049at72274.hmm /home/montoliu/pprotegens/scripts/GCA_000828695.1_ASM82869v1_genomic/prodigal_output/predicted_genes/predicted.faa
DEBUG:busco.busco_tools.Toolset	cmd call: hmmsearch --domtblout /home/montoliu/pprotegens/scripts/GCA_000828695.1_ASM82869v1_genomic/run_pseudomonadales_odb10/hmmer_output/29729at72274.out --cpu 1 /home/montoliu/pprotegens/scripts/busco_downloads/lineages/pseudomonadales_odb10/hmms/29729at72274.hmm /home/montoliu/pprotegens/scripts/GCA_000828695.1_ASM82869v1_genomic/prodigal_output/predicted_genes/predicted.faa
DEBUG:busco.busco_tools.Toolset	cmd call: hmmsearch --domtblout /home/montoliu/pprotegens/scripts/GCA_000828695.1_ASM82869v1_genomic/run_pseudomonadales_odb10/hmmer_output/35233at72274.out --cpu 1 /home/montoliu/pprotegens/scripts/busco_downloads/lineages/pseudomonadales_odb10/hmms/35233at72274.hmm /home/montoliu/pprotegens/scripts/GCA_000828695.1_ASM82869v1_genomic/prodigal_output/predicted_genes/predicted.faa
DEBUG:busco.busco_tools.Toolset	cmd call: hmmsearch --domtblout /home/montoliu/pprotegens/scripts/GCA_000828695.1_ASM82869v1_genomic/run_pseudomonadales_odb10/hmmer_output/35771at72274.out --cpu 1 /home/montoliu/pprotegens/scripts/busco_downloads/lineages/pseudomonadales_odb10/hmms/35771at72274.hmm /home/montoliu/pprotegens/scripts/GCA_000828695.1_ASM82869v1_genomic/prodigal_output/predicted_genes/predicted.faa
DEBUG:busco.busco_tools.Toolset	cmd call: hmmsearch --domtblout /home/montoliu/pprotegens/scripts/GCA_000828695.1_ASM82869v1_genomic/run_pseudomonadales_odb10/hmmer_output/36138at72274.out --cpu 1 /home/montoliu/pprotegens/scripts/busco_downloads/lineages/pseudomonadales_odb10/hmms/36138at72274.hmm /home/montoliu/pprotegens/scripts/GCA_000828695.1_ASM82869v1_genomic/prodigal_output/predicted_genes/predicted.faa
DEBUG:busco.busco_tools.Toolset	cmd call: hmmsearch --domtblout /home/montoliu/pprotegens/scripts/GCA_000828695.1_ASM82869v1_genomic/run_pseudomonadales_odb10/hmmer_output/3634at72274.out --cpu 1 /home/montoliu/pprotegens/scripts/busco_downloads/lineages/pseudomonadales_odb10/hmms/3634at72274.hmm /home/montoliu/pprotegens/scripts/GCA_000828695.1_ASM82869v1_genomic/prodigal_output/predicted_genes/predicted.faa
DEBUG:busco.busco_tools.Toolset	cmd call: hmmsearch --domtblout /home/montoliu/pprotegens/scripts/GCA_000828695.1_ASM82869v1_genomic/run_pseudomonadales_odb10/hmmer_output/28456at72274.out --cpu 1 /home/montoliu/pprotegens/scripts/busco_downloads/lineages/pseudomonadales_odb10/hmms/28456at72274.hmm /home/montoliu/pprotegens/scripts/GCA_000828695.1_ASM82869v1_genomic/prodigal_output/predicted_genes/predicted.faa
DEBUG:busco.busco_tools.Toolset	cmd call: hmmsearch --domtblout /home/montoliu/pprotegens/scripts/GCA_000828695.1_ASM82869v1_genomic/run_pseudomonadales_odb10/hmmer_output/36951at72274.out --cpu 1 /home/montoliu/pprotegens/scripts/busco_downloads/lineages/pseudomonadales_odb10/hmms/36951at72274.hmm /home/montoliu/pprotegens/scripts/GCA_000828695.1_ASM82869v1_genomic/prodigal_output/predicted_genes/predicted.faa
DEBUG:busco.busco_tools.Toolset	cmd call: hmmsearch --domtblout /home/montoliu/pprotegens/scripts/GCA_000828695.1_ASM82869v1_genomic/run_pseudomonadales_odb10/hmmer_output/37505at72274.out --cpu 1 /home/montoliu/pprotegens/scripts/busco_downloads/lineages/pseudomonadales_odb10/hmms/37505at72274.hmm /home/montoliu/pprotegens/scripts/GCA_000828695.1_ASM82869v1_genomic/prodigal_output/predicted_genes/predicted.faa
DEBUG:busco.busco_tools.Toolset	cmd call: hmmsearch --domtblout /home/montoliu/pprotegens/scripts/GCA_000828695.1_ASM82869v1_genomic/run_pseudomonadales_odb10/hmmer_output/38150at72274.out --cpu 1 /home/montoliu/pprotegens/scripts/busco_downloads/lineages/pseudomonadales_odb10/hmms/38150at72274.hmm /home/montoliu/pprotegens/scripts/GCA_000828695.1_ASM82869v1_genomic/prodigal_output/predicted_genes/predicted.faa
DEBUG:busco.busco_tools.Toolset	cmd call: hmmsearch --domtblout /home/montoliu/pprotegens/scripts/GCA_000828695.1_ASM82869v1_genomic/run_pseudomonadales_odb10/hmmer_output/3123at72274.out --cpu 1 /home/montoliu/pprotegens/scripts/busco_downloads/lineages/pseudomonadales_odb10/hmms/3123at72274.hmm /home/montoliu/pprotegens/scripts/GCA_000828695.1_ASM82869v1_genomic/prodigal_output/predicted_genes/predicted.faa
DEBUG:busco.busco_tools.Toolset	cmd call: hmmsearch --domtblout /home/montoliu/pprotegens/scripts/GCA_000828695.1_ASM82869v1_genomic/run_pseudomonadales_odb10/hmmer_output/30299at72274.out --cpu 1 /home/montoliu/pprotegens/scripts/busco_downloads/lineages/pseudomonadales_odb10/hmms/30299at72274.hmm /home/montoliu/pprotegens/scripts/GCA_000828695.1_ASM82869v1_genomic/prodigal_output/predicted_genes/predicted.faa
DEBUG:busco.busco_tools.Toolset	cmd call: hmmsearch --domtblout /home/montoliu/pprotegens/scripts/GCA_000828695.1_ASM82869v1_genomic/run_pseudomonadales_odb10/hmmer_output/38752at72274.out --cpu 1 /home/montoliu/pprotegens/scripts/busco_downloads/lineages/pseudomonadales_odb10/hmms/38752at72274.hmm /home/montoliu/pprotegens/scripts/GCA_000828695.1_ASM82869v1_genomic/prodigal_output/predicted_genes/predicted.faa
DEBUG:busco.busco_tools.Toolset	cmd call: hmmsearch --domtblout /home/montoliu/pprotegens/scripts/GCA_000828695.1_ASM82869v1_genomic/run_pseudomonadales_odb10/hmmer_output/26517at72274.out --cpu 1 /home/montoliu/pprotegens/scripts/busco_downloads/lineages/pseudomonadales_odb10/hmms/26517at72274.hmm /home/montoliu/pprotegens/scripts/GCA_000828695.1_ASM82869v1_genomic/prodigal_output/predicted_genes/predicted.faa
DEBUG:busco.busco_tools.Toolset	cmd call: hmmsearch --domtblout /home/montoliu/pprotegens/scripts/GCA_000828695.1_ASM82869v1_genomic/run_pseudomonadales_odb10/hmmer_output/30013at72274.out --cpu 1 /home/montoliu/pprotegens/scripts/busco_downloads/lineages/pseudomonadales_odb10/hmms/30013at72274.hmm /home/montoliu/pprotegens/scripts/GCA_000828695.1_ASM82869v1_genomic/prodigal_output/predicted_genes/predicted.faa
DEBUG:busco.busco_tools.Toolset	cmd call: hmmsearch --domtblout /home/montoliu/pprotegens/scripts/GCA_000828695.1_ASM82869v1_genomic/run_pseudomonadales_odb10/hmmer_output/35275at72274.out --cpu 1 /home/montoliu/pprotegens/scripts/busco_downloads/lineages/pseudomonadales_odb10/hmms/35275at72274.hmm /home/montoliu/pprotegens/scripts/GCA_000828695.1_ASM82869v1_genomic/prodigal_output/predicted_genes/predicted.faa
DEBUG:busco.busco_tools.Toolset	cmd call: hmmsearch --domtblout /home/montoliu/pprotegens/scripts/GCA_000828695.1_ASM82869v1_genomic/run_pseudomonadales_odb10/hmmer_output/33816at72274.out --cpu 1 /home/montoliu/pprotegens/scripts/busco_downloads/lineages/pseudomonadales_odb10/hmms/33816at72274.hmm /home/montoliu/pprotegens/scripts/GCA_000828695.1_ASM82869v1_genomic/prodigal_output/predicted_genes/predicted.faa
DEBUG:busco.busco_tools.Toolset	cmd call: hmmsearch --domtblout /home/montoliu/pprotegens/scripts/GCA_000828695.1_ASM82869v1_genomic/run_pseudomonadales_odb10/hmmer_output/38152at72274.out --cpu 1 /home/montoliu/pprotegens/scripts/busco_downloads/lineages/pseudomonadales_odb10/hmms/38152at72274.hmm /home/montoliu/pprotegens/scripts/GCA_000828695.1_ASM82869v1_genomic/prodigal_output/predicted_genes/predicted.faa
DEBUG:busco.busco_tools.Toolset	cmd call: hmmsearch --domtblout /home/montoliu/pprotegens/scripts/GCA_000828695.1_ASM82869v1_genomic/run_pseudomonadales_odb10/hmmer_output/32543at72274.out --cpu 1 /home/montoliu/pprotegens/scripts/busco_downloads/lineages/pseudomonadales_odb10/hmms/32543at72274.hmm /home/montoliu/pprotegens/scripts/GCA_000828695.1_ASM82869v1_genomic/prodigal_output/predicted_genes/predicted.faa
DEBUG:busco.busco_tools.Toolset	cmd call: hmmsearch --domtblout /home/montoliu/pprotegens/scripts/GCA_000828695.1_ASM82869v1_genomic/run_pseudomonadales_odb10/hmmer_output/32385at72274.out --cpu 1 /home/montoliu/pprotegens/scripts/busco_downloads/lineages/pseudomonadales_odb10/hmms/32385at72274.hmm /home/montoliu/pprotegens/scripts/GCA_000828695.1_ASM82869v1_genomic/prodigal_output/predicted_genes/predicted.faa
DEBUG:busco.busco_tools.Toolset	cmd call: hmmsearch --domtblout /home/montoliu/pprotegens/scripts/GCA_000828695.1_ASM82869v1_genomic/run_pseudomonadales_odb10/hmmer_output/30024at72274.out --cpu 1 /home/montoliu/pprotegens/scripts/busco_downloads/lineages/pseudomonadales_odb10/hmms/30024at72274.hmm /home/montoliu/pprotegens/scripts/GCA_000828695.1_ASM82869v1_genomic/prodigal_output/predicted_genes/predicted.faa
DEBUG:busco.busco_tools.Toolset	cmd call: hmmsearch --domtblout /home/montoliu/pprotegens/scripts/GCA_000828695.1_ASM82869v1_genomic/run_pseudomonadales_odb10/hmmer_output/29232at72274.out --cpu 1 /home/montoliu/pprotegens/scripts/busco_downloads/lineages/pseudomonadales_odb10/hmms/29232at72274.hmm /home/montoliu/pprotegens/scripts/GCA_000828695.1_ASM82869v1_genomic/prodigal_output/predicted_genes/predicted.faa
DEBUG:busco.busco_tools.Toolset	cmd call: hmmsearch --domtblout /home/montoliu/pprotegens/scripts/GCA_000828695.1_ASM82869v1_genomic/run_pseudomonadales_odb10/hmmer_output/26581at72274.out --cpu 1 /home/montoliu/pprotegens/scripts/busco_downloads/lineages/pseudomonadales_odb10/hmms/26581at72274.hmm /home/montoliu/pprotegens/scripts/GCA_000828695.1_ASM82869v1_genomic/prodigal_output/predicted_genes/predicted.faa
DEBUG:busco.busco_tools.Toolset	cmd call: hmmsearch --domtblout /home/montoliu/pprotegens/scripts/GCA_000828695.1_ASM82869v1_genomic/run_pseudomonadales_odb10/hmmer_output/37622at72274.out --cpu 1 /home/montoliu/pprotegens/scripts/busco_downloads/lineages/pseudomonadales_odb10/hmms/37622at72274.hmm /home/montoliu/pprotegens/scripts/GCA_000828695.1_ASM82869v1_genomic/prodigal_output/predicted_genes/predicted.faa
DEBUG:busco.busco_tools.Toolset	cmd call: hmmsearch --domtblout /home/montoliu/pprotegens/scripts/GCA_000828695.1_ASM82869v1_genomic/run_pseudomonadales_odb10/hmmer_output/35068at72274.out --cpu 1 /home/montoliu/pprotegens/scripts/busco_downloads/lineages/pseudomonadales_odb10/hmms/35068at72274.hmm /home/montoliu/pprotegens/scripts/GCA_000828695.1_ASM82869v1_genomic/prodigal_output/predicted_genes/predicted.faa
DEBUG:busco.busco_tools.Toolset	cmd call: hmmsearch --domtblout /home/montoliu/pprotegens/scripts/GCA_000828695.1_ASM82869v1_genomic/run_pseudomonadales_odb10/hmmer_output/3460at72274.out --cpu 1 /home/montoliu/pprotegens/scripts/busco_downloads/lineages/pseudomonadales_odb10/hmms/3460at72274.hmm /home/montoliu/pprotegens/scripts/GCA_000828695.1_ASM82869v1_genomic/prodigal_output/predicted_genes/predicted.faa
DEBUG:busco.busco_tools.Toolset	cmd call: hmmsearch --domtblout /home/montoliu/pprotegens/scripts/GCA_000828695.1_ASM82869v1_genomic/run_pseudomonadales_odb10/hmmer_output/29543at72274.out --cpu 1 /home/montoliu/pprotegens/scripts/busco_downloads/lineages/pseudomonadales_odb10/hmms/29543at72274.hmm /home/montoliu/pprotegens/scripts/GCA_000828695.1_ASM82869v1_genomic/prodigal_output/predicted_genes/predicted.faa
DEBUG:busco.busco_tools.Toolset	cmd call: hmmsearch --domtblout /home/montoliu/pprotegens/scripts/GCA_000828695.1_ASM82869v1_genomic/run_pseudomonadales_odb10/hmmer_output/36169at72274.out --cpu 1 /home/montoliu/pprotegens/scripts/busco_downloads/lineages/pseudomonadales_odb10/hmms/36169at72274.hmm /home/montoliu/pprotegens/scripts/GCA_000828695.1_ASM82869v1_genomic/prodigal_output/predicted_genes/predicted.faa
DEBUG:busco.busco_tools.Toolset	cmd call: hmmsearch --domtblout /home/montoliu/pprotegens/scripts/GCA_000828695.1_ASM82869v1_genomic/run_pseudomonadales_odb10/hmmer_output/26781at72274.out --cpu 1 /home/montoliu/pprotegens/scripts/busco_downloads/lineages/pseudomonadales_odb10/hmms/26781at72274.hmm /home/montoliu/pprotegens/scripts/GCA_000828695.1_ASM82869v1_genomic/prodigal_output/predicted_genes/predicted.faa
DEBUG:busco.busco_tools.Toolset	cmd call: hmmsearch --domtblout /home/montoliu/pprotegens/scripts/GCA_000828695.1_ASM82869v1_genomic/run_pseudomonadales_odb10/hmmer_output/31780at72274.out --cpu 1 /home/montoliu/pprotegens/scripts/busco_downloads/lineages/pseudomonadales_odb10/hmms/31780at72274.hmm /home/montoliu/pprotegens/scripts/GCA_000828695.1_ASM82869v1_genomic/prodigal_output/predicted_genes/predicted.faa
DEBUG:busco.busco_tools.Toolset	cmd call: hmmsearch --domtblout /home/montoliu/pprotegens/scripts/GCA_000828695.1_ASM82869v1_genomic/run_pseudomonadales_odb10/hmmer_output/27495at72274.out --cpu 1 /home/montoliu/pprotegens/scripts/busco_downloads/lineages/pseudomonadales_odb10/hmms/27495at72274.hmm /home/montoliu/pprotegens/scripts/GCA_000828695.1_ASM82869v1_genomic/prodigal_output/predicted_genes/predicted.faa
DEBUG:busco.busco_tools.Toolset	cmd call: hmmsearch --domtblout /home/montoliu/pprotegens/scripts/GCA_000828695.1_ASM82869v1_genomic/run_pseudomonadales_odb10/hmmer_output/34317at72274.out --cpu 1 /home/montoliu/pprotegens/scripts/busco_downloads/lineages/pseudomonadales_odb10/hmms/34317at72274.hmm /home/montoliu/pprotegens/scripts/GCA_000828695.1_ASM82869v1_genomic/prodigal_output/predicted_genes/predicted.faa
DEBUG:busco.busco_tools.Toolset	cmd call: hmmsearch --domtblout /home/montoliu/pprotegens/scripts/GCA_000828695.1_ASM82869v1_genomic/run_pseudomonadales_odb10/hmmer_output/29821at72274.out --cpu 1 /home/montoliu/pprotegens/scripts/busco_downloads/lineages/pseudomonadales_odb10/hmms/29821at72274.hmm /home/montoliu/pprotegens/scripts/GCA_000828695.1_ASM82869v1_genomic/prodigal_output/predicted_genes/predicted.faa
DEBUG:busco.busco_tools.Toolset	cmd call: hmmsearch --domtblout /home/montoliu/pprotegens/scripts/GCA_000828695.1_ASM82869v1_genomic/run_pseudomonadales_odb10/hmmer_output/32132at72274.out --cpu 1 /home/montoliu/pprotegens/scripts/busco_downloads/lineages/pseudomonadales_odb10/hmms/32132at72274.hmm /home/montoliu/pprotegens/scripts/GCA_000828695.1_ASM82869v1_genomic/prodigal_output/predicted_genes/predicted.faa
DEBUG:busco.busco_tools.Toolset	cmd call: hmmsearch --domtblout /home/montoliu/pprotegens/scripts/GCA_000828695.1_ASM82869v1_genomic/run_pseudomonadales_odb10/hmmer_output/36354at72274.out --cpu 1 /home/montoliu/pprotegens/scripts/busco_downloads/lineages/pseudomonadales_odb10/hmms/36354at72274.hmm /home/montoliu/pprotegens/scripts/GCA_000828695.1_ASM82869v1_genomic/prodigal_output/predicted_genes/predicted.faa
DEBUG:busco.busco_tools.Toolset	cmd call: hmmsearch --domtblout /home/montoliu/pprotegens/scripts/GCA_000828695.1_ASM82869v1_genomic/run_pseudomonadales_odb10/hmmer_output/3705at72274.out --cpu 1 /home/montoliu/pprotegens/scripts/busco_downloads/lineages/pseudomonadales_odb10/hmms/3705at72274.hmm /home/montoliu/pprotegens/scripts/GCA_000828695.1_ASM82869v1_genomic/prodigal_output/predicted_genes/predicted.faa
DEBUG:busco.busco_tools.Toolset	cmd call: hmmsearch --domtblout /home/montoliu/pprotegens/scripts/GCA_000828695.1_ASM82869v1_genomic/run_pseudomonadales_odb10/hmmer_output/32802at72274.out --cpu 1 /home/montoliu/pprotegens/scripts/busco_downloads/lineages/pseudomonadales_odb10/hmms/32802at72274.hmm /home/montoliu/pprotegens/scripts/GCA_000828695.1_ASM82869v1_genomic/prodigal_output/predicted_genes/predicted.faa
DEBUG:busco.busco_tools.Toolset	cmd call: hmmsearch --domtblout /home/montoliu/pprotegens/scripts/GCA_000828695.1_ASM82869v1_genomic/run_pseudomonadales_odb10/hmmer_output/28950at72274.out --cpu 1 /home/montoliu/pprotegens/scripts/busco_downloads/lineages/pseudomonadales_odb10/hmms/28950at72274.hmm /home/montoliu/pprotegens/scripts/GCA_000828695.1_ASM82869v1_genomic/prodigal_output/predicted_genes/predicted.faa
DEBUG:busco.busco_tools.Toolset	cmd call: hmmsearch --domtblout /home/montoliu/pprotegens/scripts/GCA_000828695.1_ASM82869v1_genomic/run_pseudomonadales_odb10/hmmer_output/30337at72274.out --cpu 1 /home/montoliu/pprotegens/scripts/busco_downloads/lineages/pseudomonadales_odb10/hmms/30337at72274.hmm /home/montoliu/pprotegens/scripts/GCA_000828695.1_ASM82869v1_genomic/prodigal_output/predicted_genes/predicted.faa
DEBUG:busco.busco_tools.Toolset	cmd call: hmmsearch --domtblout /home/montoliu/pprotegens/scripts/GCA_000828695.1_ASM82869v1_genomic/run_pseudomonadales_odb10/hmmer_output/2855at72274.out --cpu 1 /home/montoliu/pprotegens/scripts/busco_downloads/lineages/pseudomonadales_odb10/hmms/2855at72274.hmm /home/montoliu/pprotegens/scripts/GCA_000828695.1_ASM82869v1_genomic/prodigal_output/predicted_genes/predicted.faa
DEBUG:busco.busco_tools.Toolset	cmd call: hmmsearch --domtblout /home/montoliu/pprotegens/scripts/GCA_000828695.1_ASM82869v1_genomic/run_pseudomonadales_odb10/hmmer_output/33308at72274.out --cpu 1 /home/montoliu/pprotegens/scripts/busco_downloads/lineages/pseudomonadales_odb10/hmms/33308at72274.hmm /home/montoliu/pprotegens/scripts/GCA_000828695.1_ASM82869v1_genomic/prodigal_output/predicted_genes/predicted.faa
DEBUG:busco.busco_tools.Toolset	cmd call: hmmsearch --domtblout /home/montoliu/pprotegens/scripts/GCA_000828695.1_ASM82869v1_genomic/run_pseudomonadales_odb10/hmmer_output/3072at72274.out --cpu 1 /home/montoliu/pprotegens/scripts/busco_downloads/lineages/pseudomonadales_odb10/hmms/3072at72274.hmm /home/montoliu/pprotegens/scripts/GCA_000828695.1_ASM82869v1_genomic/prodigal_output/predicted_genes/predicted.faa
DEBUG:busco.busco_tools.Toolset	cmd call: hmmsearch --domtblout /home/montoliu/pprotegens/scripts/GCA_000828695.1_ASM82869v1_genomic/run_pseudomonadales_odb10/hmmer_output/35885at72274.out --cpu 1 /home/montoliu/pprotegens/scripts/busco_downloads/lineages/pseudomonadales_odb10/hmms/35885at72274.hmm /home/montoliu/pprotegens/scripts/GCA_000828695.1_ASM82869v1_genomic/prodigal_output/predicted_genes/predicted.faa
DEBUG:busco.busco_tools.Toolset	cmd call: hmmsearch --domtblout /home/montoliu/pprotegens/scripts/GCA_000828695.1_ASM82869v1_genomic/run_pseudomonadales_odb10/hmmer_output/31290at72274.out --cpu 1 /home/montoliu/pprotegens/scripts/busco_downloads/lineages/pseudomonadales_odb10/hmms/31290at72274.hmm /home/montoliu/pprotegens/scripts/GCA_000828695.1_ASM82869v1_genomic/prodigal_output/predicted_genes/predicted.faa
DEBUG:busco.busco_tools.Toolset	cmd call: hmmsearch --domtblout /home/montoliu/pprotegens/scripts/GCA_000828695.1_ASM82869v1_genomic/run_pseudomonadales_odb10/hmmer_output/33852at72274.out --cpu 1 /home/montoliu/pprotegens/scripts/busco_downloads/lineages/pseudomonadales_odb10/hmms/33852at72274.hmm /home/montoliu/pprotegens/scripts/GCA_000828695.1_ASM82869v1_genomic/prodigal_output/predicted_genes/predicted.faa
DEBUG:busco.busco_tools.Toolset	cmd call: hmmsearch --domtblout /home/montoliu/pprotegens/scripts/GCA_000828695.1_ASM82869v1_genomic/run_pseudomonadales_odb10/hmmer_output/35425at72274.out --cpu 1 /home/montoliu/pprotegens/scripts/busco_downloads/lineages/pseudomonadales_odb10/hmms/35425at72274.hmm /home/montoliu/pprotegens/scripts/GCA_000828695.1_ASM82869v1_genomic/prodigal_output/predicted_genes/predicted.faa
DEBUG:busco.busco_tools.Toolset	cmd call: hmmsearch --domtblout /home/montoliu/pprotegens/scripts/GCA_000828695.1_ASM82869v1_genomic/run_pseudomonadales_odb10/hmmer_output/38177at72274.out --cpu 1 /home/montoliu/pprotegens/scripts/busco_downloads/lineages/pseudomonadales_odb10/hmms/38177at72274.hmm /home/montoliu/pprotegens/scripts/GCA_000828695.1_ASM82869v1_genomic/prodigal_output/predicted_genes/predicted.faa
DEBUG:busco.busco_tools.Toolset	cmd call: hmmsearch --domtblout /home/montoliu/pprotegens/scripts/GCA_000828695.1_ASM82869v1_genomic/run_pseudomonadales_odb10/hmmer_output/30055at72274.out --cpu 1 /home/montoliu/pprotegens/scripts/busco_downloads/lineages/pseudomonadales_odb10/hmms/30055at72274.hmm /home/montoliu/pprotegens/scripts/GCA_000828695.1_ASM82869v1_genomic/prodigal_output/predicted_genes/predicted.faa
DEBUG:busco.busco_tools.Toolset	cmd call: hmmsearch --domtblout /home/montoliu/pprotegens/scripts/GCA_000828695.1_ASM82869v1_genomic/run_pseudomonadales_odb10/hmmer_output/29288at72274.out --cpu 1 /home/montoliu/pprotegens/scripts/busco_downloads/lineages/pseudomonadales_odb10/hmms/29288at72274.hmm /home/montoliu/pprotegens/scripts/GCA_000828695.1_ASM82869v1_genomic/prodigal_output/predicted_genes/predicted.faa
DEBUG:busco.busco_tools.Toolset	cmd call: hmmsearch --domtblout /home/montoliu/pprotegens/scripts/GCA_000828695.1_ASM82869v1_genomic/run_pseudomonadales_odb10/hmmer_output/32411at72274.out --cpu 1 /home/montoliu/pprotegens/scripts/busco_downloads/lineages/pseudomonadales_odb10/hmms/32411at72274.hmm /home/montoliu/pprotegens/scripts/GCA_000828695.1_ASM82869v1_genomic/prodigal_output/predicted_genes/predicted.faa
INFO:busco.busco_tools.Toolset	[hmmsearch]	235 of 782 task(s) completed
DEBUG:busco.busco_tools.Toolset	cmd call: hmmsearch --domtblout /home/montoliu/pprotegens/scripts/GCA_000828695.1_ASM82869v1_genomic/run_pseudomonadales_odb10/hmmer_output/26676at72274.out --cpu 1 /home/montoliu/pprotegens/scripts/busco_downloads/lineages/pseudomonadales_odb10/hmms/26676at72274.hmm /home/montoliu/pprotegens/scripts/GCA_000828695.1_ASM82869v1_genomic/prodigal_output/predicted_genes/predicted.faa
DEBUG:busco.busco_tools.Toolset	cmd call: hmmsearch --domtblout /home/montoliu/pprotegens/scripts/GCA_000828695.1_ASM82869v1_genomic/run_pseudomonadales_odb10/hmmer_output/32688at72274.out --cpu 1 /home/montoliu/pprotegens/scripts/busco_downloads/lineages/pseudomonadales_odb10/hmms/32688at72274.hmm /home/montoliu/pprotegens/scripts/GCA_000828695.1_ASM82869v1_genomic/prodigal_output/predicted_genes/predicted.faa
DEBUG:busco.busco_tools.Toolset	cmd call: hmmsearch --domtblout /home/montoliu/pprotegens/scripts/GCA_000828695.1_ASM82869v1_genomic/run_pseudomonadales_odb10/hmmer_output/37822at72274.out --cpu 1 /home/montoliu/pprotegens/scripts/busco_downloads/lineages/pseudomonadales_odb10/hmms/37822at72274.hmm /home/montoliu/pprotegens/scripts/GCA_000828695.1_ASM82869v1_genomic/prodigal_output/predicted_genes/predicted.faa
DEBUG:busco.busco_tools.Toolset	cmd call: hmmsearch --domtblout /home/montoliu/pprotegens/scripts/GCA_000828695.1_ASM82869v1_genomic/run_pseudomonadales_odb10/hmmer_output/35129at72274.out --cpu 1 /home/montoliu/pprotegens/scripts/busco_downloads/lineages/pseudomonadales_odb10/hmms/35129at72274.hmm /home/montoliu/pprotegens/scripts/GCA_000828695.1_ASM82869v1_genomic/prodigal_output/predicted_genes/predicted.faa
DEBUG:busco.busco_tools.Toolset	cmd call: hmmsearch --domtblout /home/montoliu/pprotegens/scripts/GCA_000828695.1_ASM82869v1_genomic/run_pseudomonadales_odb10/hmmer_output/34650at72274.out --cpu 1 /home/montoliu/pprotegens/scripts/busco_downloads/lineages/pseudomonadales_odb10/hmms/34650at72274.hmm /home/montoliu/pprotegens/scripts/GCA_000828695.1_ASM82869v1_genomic/prodigal_output/predicted_genes/predicted.faa
DEBUG:busco.busco_tools.Toolset	cmd call: hmmsearch --domtblout /home/montoliu/pprotegens/scripts/GCA_000828695.1_ASM82869v1_genomic/run_pseudomonadales_odb10/hmmer_output/29546at72274.out --cpu 1 /home/montoliu/pprotegens/scripts/busco_downloads/lineages/pseudomonadales_odb10/hmms/29546at72274.hmm /home/montoliu/pprotegens/scripts/GCA_000828695.1_ASM82869v1_genomic/prodigal_output/predicted_genes/predicted.faa
DEBUG:busco.busco_tools.Toolset	cmd call: hmmsearch --domtblout /home/montoliu/pprotegens/scripts/GCA_000828695.1_ASM82869v1_genomic/run_pseudomonadales_odb10/hmmer_output/36193at72274.out --cpu 1 /home/montoliu/pprotegens/scripts/busco_downloads/lineages/pseudomonadales_odb10/hmms/36193at72274.hmm /home/montoliu/pprotegens/scripts/GCA_000828695.1_ASM82869v1_genomic/prodigal_output/predicted_genes/predicted.faa
DEBUG:busco.busco_tools.Toolset	cmd call: hmmsearch --domtblout /home/montoliu/pprotegens/scripts/GCA_000828695.1_ASM82869v1_genomic/run_pseudomonadales_odb10/hmmer_output/27539at72274.out --cpu 1 /home/montoliu/pprotegens/scripts/busco_downloads/lineages/pseudomonadales_odb10/hmms/27539at72274.hmm /home/montoliu/pprotegens/scripts/GCA_000828695.1_ASM82869v1_genomic/prodigal_output/predicted_genes/predicted.faa
DEBUG:busco.busco_tools.Toolset	cmd call: hmmsearch --domtblout /home/montoliu/pprotegens/scripts/GCA_000828695.1_ASM82869v1_genomic/run_pseudomonadales_odb10/hmmer_output/31831at72274.out --cpu 1 /home/montoliu/pprotegens/scripts/busco_downloads/lineages/pseudomonadales_odb10/hmms/31831at72274.hmm /home/montoliu/pprotegens/scripts/GCA_000828695.1_ASM82869v1_genomic/prodigal_output/predicted_genes/predicted.faa
DEBUG:busco.busco_tools.Toolset	cmd call: hmmsearch --domtblout /home/montoliu/pprotegens/scripts/GCA_000828695.1_ASM82869v1_genomic/run_pseudomonadales_odb10/hmmer_output/34441at72274.out --cpu 1 /home/montoliu/pprotegens/scripts/busco_downloads/lineages/pseudomonadales_odb10/hmms/34441at72274.hmm /home/montoliu/pprotegens/scripts/GCA_000828695.1_ASM82869v1_genomic/prodigal_output/predicted_genes/predicted.faa
DEBUG:busco.busco_tools.Toolset	cmd call: hmmsearch --domtblout /home/montoliu/pprotegens/scripts/GCA_000828695.1_ASM82869v1_genomic/run_pseudomonadales_odb10/hmmer_output/26787at72274.out --cpu 1 /home/montoliu/pprotegens/scripts/busco_downloads/lineages/pseudomonadales_odb10/hmms/26787at72274.hmm /home/montoliu/pprotegens/scripts/GCA_000828695.1_ASM82869v1_genomic/prodigal_output/predicted_genes/predicted.faa
DEBUG:busco.busco_tools.Toolset	cmd call: hmmsearch --domtblout /home/montoliu/pprotegens/scripts/GCA_000828695.1_ASM82869v1_genomic/run_pseudomonadales_odb10/hmmer_output/32857at72274.out --cpu 1 /home/montoliu/pprotegens/scripts/busco_downloads/lineages/pseudomonadales_odb10/hmms/32857at72274.hmm /home/montoliu/pprotegens/scripts/GCA_000828695.1_ASM82869v1_genomic/prodigal_output/predicted_genes/predicted.faa
DEBUG:busco.busco_tools.Toolset	cmd call: hmmsearch --domtblout /home/montoliu/pprotegens/scripts/GCA_000828695.1_ASM82869v1_genomic/run_pseudomonadales_odb10/hmmer_output/32149at72274.out --cpu 1 /home/montoliu/pprotegens/scripts/busco_downloads/lineages/pseudomonadales_odb10/hmms/32149at72274.hmm /home/montoliu/pprotegens/scripts/GCA_000828695.1_ASM82869v1_genomic/prodigal_output/predicted_genes/predicted.faa
DEBUG:busco.busco_tools.Toolset	cmd call: hmmsearch --domtblout /home/montoliu/pprotegens/scripts/GCA_000828695.1_ASM82869v1_genomic/run_pseudomonadales_odb10/hmmer_output/29873at72274.out --cpu 1 /home/montoliu/pprotegens/scripts/busco_downloads/lineages/pseudomonadales_odb10/hmms/29873at72274.hmm /home/montoliu/pprotegens/scripts/GCA_000828695.1_ASM82869v1_genomic/prodigal_output/predicted_genes/predicted.faa
DEBUG:busco.busco_tools.Toolset	cmd call: hmmsearch --domtblout /home/montoliu/pprotegens/scripts/GCA_000828695.1_ASM82869v1_genomic/run_pseudomonadales_odb10/hmmer_output/30808at72274.out --cpu 1 /home/montoliu/pprotegens/scripts/busco_downloads/lineages/pseudomonadales_odb10/hmms/30808at72274.hmm /home/montoliu/pprotegens/scripts/GCA_000828695.1_ASM82869v1_genomic/prodigal_output/predicted_genes/predicted.faa
DEBUG:busco.busco_tools.Toolset	cmd call: hmmsearch --domtblout /home/montoliu/pprotegens/scripts/GCA_000828695.1_ASM82869v1_genomic/run_pseudomonadales_odb10/hmmer_output/28566at72274.out --cpu 1 /home/montoliu/pprotegens/scripts/busco_downloads/lineages/pseudomonadales_odb10/hmms/28566at72274.hmm /home/montoliu/pprotegens/scripts/GCA_000828695.1_ASM82869v1_genomic/prodigal_output/predicted_genes/predicted.faa
DEBUG:busco.busco_tools.Toolset	cmd call: hmmsearch --domtblout /home/montoliu/pprotegens/scripts/GCA_000828695.1_ASM82869v1_genomic/run_pseudomonadales_odb10/hmmer_output/37184at72274.out --cpu 1 /home/montoliu/pprotegens/scripts/busco_downloads/lineages/pseudomonadales_odb10/hmms/37184at72274.hmm /home/montoliu/pprotegens/scripts/GCA_000828695.1_ASM82869v1_genomic/prodigal_output/predicted_genes/predicted.faa
DEBUG:busco.busco_tools.Toolset	cmd call: hmmsearch --domtblout /home/montoliu/pprotegens/scripts/GCA_000828695.1_ASM82869v1_genomic/run_pseudomonadales_odb10/hmmer_output/30458at72274.out --cpu 1 /home/montoliu/pprotegens/scripts/busco_downloads/lineages/pseudomonadales_odb10/hmms/30458at72274.hmm /home/montoliu/pprotegens/scripts/GCA_000828695.1_ASM82869v1_genomic/prodigal_output/predicted_genes/predicted.faa
DEBUG:busco.busco_tools.Toolset	cmd call: hmmsearch --domtblout /home/montoliu/pprotegens/scripts/GCA_000828695.1_ASM82869v1_genomic/run_pseudomonadales_odb10/hmmer_output/35969at72274.out --cpu 1 /home/montoliu/pprotegens/scripts/busco_downloads/lineages/pseudomonadales_odb10/hmms/35969at72274.hmm /home/montoliu/pprotegens/scripts/GCA_000828695.1_ASM82869v1_genomic/prodigal_output/predicted_genes/predicted.faa
DEBUG:busco.busco_tools.Toolset	cmd call: hmmsearch --domtblout /home/montoliu/pprotegens/scripts/GCA_000828695.1_ASM82869v1_genomic/run_pseudomonadales_odb10/hmmer_output/33380at72274.out --cpu 1 /home/montoliu/pprotegens/scripts/busco_downloads/lineages/pseudomonadales_odb10/hmms/33380at72274.hmm /home/montoliu/pprotegens/scripts/GCA_000828695.1_ASM82869v1_genomic/prodigal_output/predicted_genes/predicted.faa
DEBUG:busco.busco_tools.Toolset	cmd call: hmmsearch --domtblout /home/montoliu/pprotegens/scripts/GCA_000828695.1_ASM82869v1_genomic/run_pseudomonadales_odb10/hmmer_output/3150at72274.out --cpu 1 /home/montoliu/pprotegens/scripts/busco_downloads/lineages/pseudomonadales_odb10/hmms/3150at72274.hmm /home/montoliu/pprotegens/scripts/GCA_000828695.1_ASM82869v1_genomic/prodigal_output/predicted_genes/predicted.faa
DEBUG:busco.busco_tools.Toolset	cmd call: hmmsearch --domtblout /home/montoliu/pprotegens/scripts/GCA_000828695.1_ASM82869v1_genomic/run_pseudomonadales_odb10/hmmer_output/36598at72274.out --cpu 1 /home/montoliu/pprotegens/scripts/busco_downloads/lineages/pseudomonadales_odb10/hmms/36598at72274.hmm /home/montoliu/pprotegens/scripts/GCA_000828695.1_ASM82869v1_genomic/prodigal_output/predicted_genes/predicted.faa
DEBUG:busco.busco_tools.Toolset	cmd call: hmmsearch --domtblout /home/montoliu/pprotegens/scripts/GCA_000828695.1_ASM82869v1_genomic/run_pseudomonadales_odb10/hmmer_output/29139at72274.out --cpu 1 /home/montoliu/pprotegens/scripts/busco_downloads/lineages/pseudomonadales_odb10/hmms/29139at72274.hmm /home/montoliu/pprotegens/scripts/GCA_000828695.1_ASM82869v1_genomic/prodigal_output/predicted_genes/predicted.faa
DEBUG:busco.busco_tools.Toolset	cmd call: hmmsearch --domtblout /home/montoliu/pprotegens/scripts/GCA_000828695.1_ASM82869v1_genomic/run_pseudomonadales_odb10/hmmer_output/37956at72274.out --cpu 1 /home/montoliu/pprotegens/scripts/busco_downloads/lineages/pseudomonadales_odb10/hmms/37956at72274.hmm /home/montoliu/pprotegens/scripts/GCA_000828695.1_ASM82869v1_genomic/prodigal_output/predicted_genes/predicted.faa
DEBUG:busco.busco_tools.Toolset	cmd call: hmmsearch --domtblout /home/montoliu/pprotegens/scripts/GCA_000828695.1_ASM82869v1_genomic/run_pseudomonadales_odb10/hmmer_output/30119at72274.out --cpu 1 /home/montoliu/pprotegens/scripts/busco_downloads/lineages/pseudomonadales_odb10/hmms/30119at72274.hmm /home/montoliu/pprotegens/scripts/GCA_000828695.1_ASM82869v1_genomic/prodigal_output/predicted_genes/predicted.faa
DEBUG:busco.busco_tools.Toolset	cmd call: hmmsearch --domtblout /home/montoliu/pprotegens/scripts/GCA_000828695.1_ASM82869v1_genomic/run_pseudomonadales_odb10/hmmer_output/34472at72274.out --cpu 1 /home/montoliu/pprotegens/scripts/busco_downloads/lineages/pseudomonadales_odb10/hmms/34472at72274.hmm /home/montoliu/pprotegens/scripts/GCA_000828695.1_ASM82869v1_genomic/prodigal_output/predicted_genes/predicted.faa
DEBUG:busco.busco_tools.Toolset	cmd call: hmmsearch --domtblout /home/montoliu/pprotegens/scripts/GCA_000828695.1_ASM82869v1_genomic/run_pseudomonadales_odb10/hmmer_output/35498at72274.out --cpu 1 /home/montoliu/pprotegens/scripts/busco_downloads/lineages/pseudomonadales_odb10/hmms/35498at72274.hmm /home/montoliu/pprotegens/scripts/GCA_000828695.1_ASM82869v1_genomic/prodigal_output/predicted_genes/predicted.faa
DEBUG:busco.busco_tools.Toolset	cmd call: hmmsearch --domtblout /home/montoliu/pprotegens/scripts/GCA_000828695.1_ASM82869v1_genomic/run_pseudomonadales_odb10/hmmer_output/36231at72274.out --cpu 1 /home/montoliu/pprotegens/scripts/busco_downloads/lineages/pseudomonadales_odb10/hmms/36231at72274.hmm /home/montoliu/pprotegens/scripts/GCA_000828695.1_ASM82869v1_genomic/prodigal_output/predicted_genes/predicted.faa
DEBUG:busco.busco_tools.Toolset	cmd call: hmmsearch --domtblout /home/montoliu/pprotegens/scripts/GCA_000828695.1_ASM82869v1_genomic/run_pseudomonadales_odb10/hmmer_output/33857at72274.out --cpu 1 /home/montoliu/pprotegens/scripts/busco_downloads/lineages/pseudomonadales_odb10/hmms/33857at72274.hmm /home/montoliu/pprotegens/scripts/GCA_000828695.1_ASM82869v1_genomic/prodigal_output/predicted_genes/predicted.faa
DEBUG:busco.busco_tools.Toolset	cmd call: hmmsearch --domtblout /home/montoliu/pprotegens/scripts/GCA_000828695.1_ASM82869v1_genomic/run_pseudomonadales_odb10/hmmer_output/38372at72274.out --cpu 1 /home/montoliu/pprotegens/scripts/busco_downloads/lineages/pseudomonadales_odb10/hmms/38372at72274.hmm /home/montoliu/pprotegens/scripts/GCA_000828695.1_ASM82869v1_genomic/prodigal_output/predicted_genes/predicted.faa
DEBUG:busco.busco_tools.Toolset	cmd call: hmmsearch --domtblout /home/montoliu/pprotegens/scripts/GCA_000828695.1_ASM82869v1_genomic/run_pseudomonadales_odb10/hmmer_output/31899at72274.out --cpu 1 /home/montoliu/pprotegens/scripts/busco_downloads/lineages/pseudomonadales_odb10/hmms/31899at72274.hmm /home/montoliu/pprotegens/scripts/GCA_000828695.1_ASM82869v1_genomic/prodigal_output/predicted_genes/predicted.faa
DEBUG:busco.busco_tools.Toolset	cmd call: hmmsearch --domtblout /home/montoliu/pprotegens/scripts/GCA_000828695.1_ASM82869v1_genomic/run_pseudomonadales_odb10/hmmer_output/2718at72274.out --cpu 1 /home/montoliu/pprotegens/scripts/busco_downloads/lineages/pseudomonadales_odb10/hmms/2718at72274.hmm /home/montoliu/pprotegens/scripts/GCA_000828695.1_ASM82869v1_genomic/prodigal_output/predicted_genes/predicted.faa
DEBUG:busco.busco_tools.Toolset	cmd call: hmmsearch --domtblout /home/montoliu/pprotegens/scripts/GCA_000828695.1_ASM82869v1_genomic/run_pseudomonadales_odb10/hmmer_output/32427at72274.out --cpu 1 /home/montoliu/pprotegens/scripts/busco_downloads/lineages/pseudomonadales_odb10/hmms/32427at72274.hmm /home/montoliu/pprotegens/scripts/GCA_000828695.1_ASM82869v1_genomic/prodigal_output/predicted_genes/predicted.faa
DEBUG:busco.busco_tools.Toolset	cmd call: hmmsearch --domtblout /home/montoliu/pprotegens/scripts/GCA_000828695.1_ASM82869v1_genomic/run_pseudomonadales_odb10/hmmer_output/2968at72274.out --cpu 1 /home/montoliu/pprotegens/scripts/busco_downloads/lineages/pseudomonadales_odb10/hmms/2968at72274.hmm /home/montoliu/pprotegens/scripts/GCA_000828695.1_ASM82869v1_genomic/prodigal_output/predicted_genes/predicted.faa
DEBUG:busco.busco_tools.Toolset	cmd call: hmmsearch --domtblout /home/montoliu/pprotegens/scripts/GCA_000828695.1_ASM82869v1_genomic/run_pseudomonadales_odb10/hmmer_output/29396at72274.out --cpu 1 /home/montoliu/pprotegens/scripts/busco_downloads/lineages/pseudomonadales_odb10/hmms/29396at72274.hmm /home/montoliu/pprotegens/scripts/GCA_000828695.1_ASM82869v1_genomic/prodigal_output/predicted_genes/predicted.faa
DEBUG:busco.busco_tools.Toolset	cmd call: hmmsearch --domtblout /home/montoliu/pprotegens/scripts/GCA_000828695.1_ASM82869v1_genomic/run_pseudomonadales_odb10/hmmer_output/39005at72274.out --cpu 1 /home/montoliu/pprotegens/scripts/busco_downloads/lineages/pseudomonadales_odb10/hmms/39005at72274.hmm /home/montoliu/pprotegens/scripts/GCA_000828695.1_ASM82869v1_genomic/prodigal_output/predicted_genes/predicted.faa
DEBUG:busco.busco_tools.Toolset	cmd call: hmmsearch --domtblout /home/montoliu/pprotegens/scripts/GCA_000828695.1_ASM82869v1_genomic/run_pseudomonadales_odb10/hmmer_output/34866at72274.out --cpu 1 /home/montoliu/pprotegens/scripts/busco_downloads/lineages/pseudomonadales_odb10/hmms/34866at72274.hmm /home/montoliu/pprotegens/scripts/GCA_000828695.1_ASM82869v1_genomic/prodigal_output/predicted_genes/predicted.faa
DEBUG:busco.busco_tools.Toolset	cmd call: hmmsearch --domtblout /home/montoliu/pprotegens/scripts/GCA_000828695.1_ASM82869v1_genomic/run_pseudomonadales_odb10/hmmer_output/27577at72274.out --cpu 1 /home/montoliu/pprotegens/scripts/busco_downloads/lineages/pseudomonadales_odb10/hmms/27577at72274.hmm /home/montoliu/pprotegens/scripts/GCA_000828695.1_ASM82869v1_genomic/prodigal_output/predicted_genes/predicted.faa
DEBUG:busco.busco_tools.Toolset	cmd call: hmmsearch --domtblout /home/montoliu/pprotegens/scripts/GCA_000828695.1_ASM82869v1_genomic/run_pseudomonadales_odb10/hmmer_output/3513at72274.out --cpu 1 /home/montoliu/pprotegens/scripts/busco_downloads/lineages/pseudomonadales_odb10/hmms/3513at72274.hmm /home/montoliu/pprotegens/scripts/GCA_000828695.1_ASM82869v1_genomic/prodigal_output/predicted_genes/predicted.faa
DEBUG:busco.busco_tools.Toolset	cmd call: hmmsearch --domtblout /home/montoliu/pprotegens/scripts/GCA_000828695.1_ASM82869v1_genomic/run_pseudomonadales_odb10/hmmer_output/32154at72274.out --cpu 1 /home/montoliu/pprotegens/scripts/busco_downloads/lineages/pseudomonadales_odb10/hmms/32154at72274.hmm /home/montoliu/pprotegens/scripts/GCA_000828695.1_ASM82869v1_genomic/prodigal_output/predicted_genes/predicted.faa
DEBUG:busco.busco_tools.Toolset	cmd call: hmmsearch --domtblout /home/montoliu/pprotegens/scripts/GCA_000828695.1_ASM82869v1_genomic/run_pseudomonadales_odb10/hmmer_output/32893at72274.out --cpu 1 /home/montoliu/pprotegens/scripts/busco_downloads/lineages/pseudomonadales_odb10/hmms/32893at72274.hmm /home/montoliu/pprotegens/scripts/GCA_000828695.1_ASM82869v1_genomic/prodigal_output/predicted_genes/predicted.faa
DEBUG:busco.busco_tools.Toolset	cmd call: hmmsearch --domtblout /home/montoliu/pprotegens/scripts/GCA_000828695.1_ASM82869v1_genomic/run_pseudomonadales_odb10/hmmer_output/29936at72274.out --cpu 1 /home/montoliu/pprotegens/scripts/busco_downloads/lineages/pseudomonadales_odb10/hmms/29936at72274.hmm /home/montoliu/pprotegens/scripts/GCA_000828695.1_ASM82869v1_genomic/prodigal_output/predicted_genes/predicted.faa
DEBUG:busco.busco_tools.Toolset	cmd call: hmmsearch --domtblout /home/montoliu/pprotegens/scripts/GCA_000828695.1_ASM82869v1_genomic/run_pseudomonadales_odb10/hmmer_output/31121at72274.out --cpu 1 /home/montoliu/pprotegens/scripts/busco_downloads/lineages/pseudomonadales_odb10/hmms/31121at72274.hmm /home/montoliu/pprotegens/scripts/GCA_000828695.1_ASM82869v1_genomic/prodigal_output/predicted_genes/predicted.faa
DEBUG:busco.busco_tools.Toolset	cmd call: hmmsearch --domtblout /home/montoliu/pprotegens/scripts/GCA_000828695.1_ASM82869v1_genomic/run_pseudomonadales_odb10/hmmer_output/35711at72274.out --cpu 1 /home/montoliu/pprotegens/scripts/busco_downloads/lineages/pseudomonadales_odb10/hmms/35711at72274.hmm /home/montoliu/pprotegens/scripts/GCA_000828695.1_ASM82869v1_genomic/prodigal_output/predicted_genes/predicted.faa
DEBUG:busco.busco_tools.Toolset	cmd call: hmmsearch --domtblout /home/montoliu/pprotegens/scripts/GCA_000828695.1_ASM82869v1_genomic/run_pseudomonadales_odb10/hmmer_output/37220at72274.out --cpu 1 /home/montoliu/pprotegens/scripts/busco_downloads/lineages/pseudomonadales_odb10/hmms/37220at72274.hmm /home/montoliu/pprotegens/scripts/GCA_000828695.1_ASM82869v1_genomic/prodigal_output/predicted_genes/predicted.faa
DEBUG:busco.busco_tools.Toolset	cmd call: hmmsearch --domtblout /home/montoliu/pprotegens/scripts/GCA_000828695.1_ASM82869v1_genomic/run_pseudomonadales_odb10/hmmer_output/3242at72274.out --cpu 1 /home/montoliu/pprotegens/scripts/busco_downloads/lineages/pseudomonadales_odb10/hmms/3242at72274.hmm /home/montoliu/pprotegens/scripts/GCA_000828695.1_ASM82869v1_genomic/prodigal_output/predicted_genes/predicted.faa
DEBUG:busco.busco_tools.Toolset	cmd call: hmmsearch --domtblout /home/montoliu/pprotegens/scripts/GCA_000828695.1_ASM82869v1_genomic/run_pseudomonadales_odb10/hmmer_output/3912at72274.out --cpu 1 /home/montoliu/pprotegens/scripts/busco_downloads/lineages/pseudomonadales_odb10/hmms/3912at72274.hmm /home/montoliu/pprotegens/scripts/GCA_000828695.1_ASM82869v1_genomic/prodigal_output/predicted_genes/predicted.faa
DEBUG:busco.busco_tools.Toolset	cmd call: hmmsearch --domtblout /home/montoliu/pprotegens/scripts/GCA_000828695.1_ASM82869v1_genomic/run_pseudomonadales_odb10/hmmer_output/29150at72274.out --cpu 1 /home/montoliu/pprotegens/scripts/busco_downloads/lineages/pseudomonadales_odb10/hmms/29150at72274.hmm /home/montoliu/pprotegens/scripts/GCA_000828695.1_ASM82869v1_genomic/prodigal_output/predicted_genes/predicted.faa
DEBUG:busco.busco_tools.Toolset	cmd call: hmmsearch --domtblout /home/montoliu/pprotegens/scripts/GCA_000828695.1_ASM82869v1_genomic/run_pseudomonadales_odb10/hmmer_output/3680at72274.out --cpu 1 /home/montoliu/pprotegens/scripts/busco_downloads/lineages/pseudomonadales_odb10/hmms/3680at72274.hmm /home/montoliu/pprotegens/scripts/GCA_000828695.1_ASM82869v1_genomic/prodigal_output/predicted_genes/predicted.faa
DEBUG:busco.busco_tools.Toolset	cmd call: hmmsearch --domtblout /home/montoliu/pprotegens/scripts/GCA_000828695.1_ASM82869v1_genomic/run_pseudomonadales_odb10/hmmer_output/30483at72274.out --cpu 1 /home/montoliu/pprotegens/scripts/busco_downloads/lineages/pseudomonadales_odb10/hmms/30483at72274.hmm /home/montoliu/pprotegens/scripts/GCA_000828695.1_ASM82869v1_genomic/prodigal_output/predicted_genes/predicted.faa
DEBUG:busco.busco_tools.Toolset	cmd call: hmmsearch --domtblout /home/montoliu/pprotegens/scripts/GCA_000828695.1_ASM82869v1_genomic/run_pseudomonadales_odb10/hmmer_output/32265at72274.out --cpu 1 /home/montoliu/pprotegens/scripts/busco_downloads/lineages/pseudomonadales_odb10/hmms/32265at72274.hmm /home/montoliu/pprotegens/scripts/GCA_000828695.1_ASM82869v1_genomic/prodigal_output/predicted_genes/predicted.faa
DEBUG:busco.busco_tools.Toolset	cmd call: hmmsearch --domtblout /home/montoliu/pprotegens/scripts/GCA_000828695.1_ASM82869v1_genomic/run_pseudomonadales_odb10/hmmer_output/31975at72274.out --cpu 1 /home/montoliu/pprotegens/scripts/busco_downloads/lineages/pseudomonadales_odb10/hmms/31975at72274.hmm /home/montoliu/pprotegens/scripts/GCA_000828695.1_ASM82869v1_genomic/prodigal_output/predicted_genes/predicted.faa
DEBUG:busco.busco_tools.Toolset	cmd call: hmmsearch --domtblout /home/montoliu/pprotegens/scripts/GCA_000828695.1_ASM82869v1_genomic/run_pseudomonadales_odb10/hmmer_output/34940at72274.out --cpu 1 /home/montoliu/pprotegens/scripts/busco_downloads/lineages/pseudomonadales_odb10/hmms/34940at72274.hmm /home/montoliu/pprotegens/scripts/GCA_000828695.1_ASM82869v1_genomic/prodigal_output/predicted_genes/predicted.faa
DEBUG:busco.busco_tools.Toolset	cmd call: hmmsearch --domtblout /home/montoliu/pprotegens/scripts/GCA_000828695.1_ASM82869v1_genomic/run_pseudomonadales_odb10/hmmer_output/35212at72274.out --cpu 1 /home/montoliu/pprotegens/scripts/busco_downloads/lineages/pseudomonadales_odb10/hmms/35212at72274.hmm /home/montoliu/pprotegens/scripts/GCA_000828695.1_ASM82869v1_genomic/prodigal_output/predicted_genes/predicted.faa
DEBUG:busco.busco_tools.Toolset	cmd call: hmmsearch --domtblout /home/montoliu/pprotegens/scripts/GCA_000828695.1_ASM82869v1_genomic/run_pseudomonadales_odb10/hmmer_output/33385at72274.out --cpu 1 /home/montoliu/pprotegens/scripts/busco_downloads/lineages/pseudomonadales_odb10/hmms/33385at72274.hmm /home/montoliu/pprotegens/scripts/GCA_000828695.1_ASM82869v1_genomic/prodigal_output/predicted_genes/predicted.faa
DEBUG:busco.busco_tools.Toolset	cmd call: hmmsearch --domtblout /home/montoliu/pprotegens/scripts/GCA_000828695.1_ASM82869v1_genomic/run_pseudomonadales_odb10/hmmer_output/3448at72274.out --cpu 1 /home/montoliu/pprotegens/scripts/busco_downloads/lineages/pseudomonadales_odb10/hmms/3448at72274.hmm /home/montoliu/pprotegens/scripts/GCA_000828695.1_ASM82869v1_genomic/prodigal_output/predicted_genes/predicted.faa
DEBUG:busco.busco_tools.Toolset	cmd call: hmmsearch --domtblout /home/montoliu/pprotegens/scripts/GCA_000828695.1_ASM82869v1_genomic/run_pseudomonadales_odb10/hmmer_output/36334at72274.out --cpu 1 /home/montoliu/pprotegens/scripts/busco_downloads/lineages/pseudomonadales_odb10/hmms/36334at72274.hmm /home/montoliu/pprotegens/scripts/GCA_000828695.1_ASM82869v1_genomic/prodigal_output/predicted_genes/predicted.faa
DEBUG:busco.busco_tools.Toolset	cmd call: hmmsearch --domtblout /home/montoliu/pprotegens/scripts/GCA_000828695.1_ASM82869v1_genomic/run_pseudomonadales_odb10/hmmer_output/32976at72274.out --cpu 1 /home/montoliu/pprotegens/scripts/busco_downloads/lineages/pseudomonadales_odb10/hmms/32976at72274.hmm /home/montoliu/pprotegens/scripts/GCA_000828695.1_ASM82869v1_genomic/prodigal_output/predicted_genes/predicted.faa
DEBUG:busco.busco_tools.Toolset	cmd call: hmmsearch --domtblout /home/montoliu/pprotegens/scripts/GCA_000828695.1_ASM82869v1_genomic/run_pseudomonadales_odb10/hmmer_output/395at72274.out --cpu 1 /home/montoliu/pprotegens/scripts/busco_downloads/lineages/pseudomonadales_odb10/hmms/395at72274.hmm /home/montoliu/pprotegens/scripts/GCA_000828695.1_ASM82869v1_genomic/prodigal_output/predicted_genes/predicted.faa
DEBUG:busco.busco_tools.Toolset	cmd call: hmmsearch --domtblout /home/montoliu/pprotegens/scripts/GCA_000828695.1_ASM82869v1_genomic/run_pseudomonadales_odb10/hmmer_output/3392at72274.out --cpu 1 /home/montoliu/pprotegens/scripts/busco_downloads/lineages/pseudomonadales_odb10/hmms/3392at72274.hmm /home/montoliu/pprotegens/scripts/GCA_000828695.1_ASM82869v1_genomic/prodigal_output/predicted_genes/predicted.faa
DEBUG:busco.busco_tools.Toolset	cmd call: hmmsearch --domtblout /home/montoliu/pprotegens/scripts/GCA_000828695.1_ASM82869v1_genomic/run_pseudomonadales_odb10/hmmer_output/31611at72274.out --cpu 1 /home/montoliu/pprotegens/scripts/busco_downloads/lineages/pseudomonadales_odb10/hmms/31611at72274.hmm /home/montoliu/pprotegens/scripts/GCA_000828695.1_ASM82869v1_genomic/prodigal_output/predicted_genes/predicted.faa
DEBUG:busco.busco_tools.Toolset	cmd call: hmmsearch --domtblout /home/montoliu/pprotegens/scripts/GCA_000828695.1_ASM82869v1_genomic/run_pseudomonadales_odb10/hmmer_output/35998at72274.out --cpu 1 /home/montoliu/pprotegens/scripts/busco_downloads/lineages/pseudomonadales_odb10/hmms/35998at72274.hmm /home/montoliu/pprotegens/scripts/GCA_000828695.1_ASM82869v1_genomic/prodigal_output/predicted_genes/predicted.faa
DEBUG:busco.busco_tools.Toolset	cmd call: hmmsearch --domtblout /home/montoliu/pprotegens/scripts/GCA_000828695.1_ASM82869v1_genomic/run_pseudomonadales_odb10/hmmer_output/40014at72274.out --cpu 1 /home/montoliu/pprotegens/scripts/busco_downloads/lineages/pseudomonadales_odb10/hmms/40014at72274.hmm /home/montoliu/pprotegens/scripts/GCA_000828695.1_ASM82869v1_genomic/prodigal_output/predicted_genes/predicted.faa
DEBUG:busco.busco_tools.Toolset	cmd call: hmmsearch --domtblout /home/montoliu/pprotegens/scripts/GCA_000828695.1_ASM82869v1_genomic/run_pseudomonadales_odb10/hmmer_output/38061at72274.out --cpu 1 /home/montoliu/pprotegens/scripts/busco_downloads/lineages/pseudomonadales_odb10/hmms/38061at72274.hmm /home/montoliu/pprotegens/scripts/GCA_000828695.1_ASM82869v1_genomic/prodigal_output/predicted_genes/predicted.faa
DEBUG:busco.busco_tools.Toolset	cmd call: hmmsearch --domtblout /home/montoliu/pprotegens/scripts/GCA_000828695.1_ASM82869v1_genomic/run_pseudomonadales_odb10/hmmer_output/2861at72274.out --cpu 1 /home/montoliu/pprotegens/scripts/busco_downloads/lineages/pseudomonadales_odb10/hmms/2861at72274.hmm /home/montoliu/pprotegens/scripts/GCA_000828695.1_ASM82869v1_genomic/prodigal_output/predicted_genes/predicted.faa
DEBUG:busco.busco_tools.Toolset	cmd call: hmmsearch --domtblout /home/montoliu/pprotegens/scripts/GCA_000828695.1_ASM82869v1_genomic/run_pseudomonadales_odb10/hmmer_output/40885at72274.out --cpu 1 /home/montoliu/pprotegens/scripts/busco_downloads/lineages/pseudomonadales_odb10/hmms/40885at72274.hmm /home/montoliu/pprotegens/scripts/GCA_000828695.1_ASM82869v1_genomic/prodigal_output/predicted_genes/predicted.faa
DEBUG:busco.busco_tools.Toolset	cmd call: hmmsearch --domtblout /home/montoliu/pprotegens/scripts/GCA_000828695.1_ASM82869v1_genomic/run_pseudomonadales_odb10/hmmer_output/40349at72274.out --cpu 1 /home/montoliu/pprotegens/scripts/busco_downloads/lineages/pseudomonadales_odb10/hmms/40349at72274.hmm /home/montoliu/pprotegens/scripts/GCA_000828695.1_ASM82869v1_genomic/prodigal_output/predicted_genes/predicted.faa
DEBUG:busco.busco_tools.Toolset	cmd call: hmmsearch --domtblout /home/montoliu/pprotegens/scripts/GCA_000828695.1_ASM82869v1_genomic/run_pseudomonadales_odb10/hmmer_output/38602at72274.out --cpu 1 /home/montoliu/pprotegens/scripts/busco_downloads/lineages/pseudomonadales_odb10/hmms/38602at72274.hmm /home/montoliu/pprotegens/scripts/GCA_000828695.1_ASM82869v1_genomic/prodigal_output/predicted_genes/predicted.faa
DEBUG:busco.busco_tools.Toolset	cmd call: hmmsearch --domtblout /home/montoliu/pprotegens/scripts/GCA_000828695.1_ASM82869v1_genomic/run_pseudomonadales_odb10/hmmer_output/41129at72274.out --cpu 1 /home/montoliu/pprotegens/scripts/busco_downloads/lineages/pseudomonadales_odb10/hmms/41129at72274.hmm /home/montoliu/pprotegens/scripts/GCA_000828695.1_ASM82869v1_genomic/prodigal_output/predicted_genes/predicted.faa
DEBUG:busco.busco_tools.Toolset	cmd call: hmmsearch --domtblout /home/montoliu/pprotegens/scripts/GCA_000828695.1_ASM82869v1_genomic/run_pseudomonadales_odb10/hmmer_output/41680at72274.out --cpu 1 /home/montoliu/pprotegens/scripts/busco_downloads/lineages/pseudomonadales_odb10/hmms/41680at72274.hmm /home/montoliu/pprotegens/scripts/GCA_000828695.1_ASM82869v1_genomic/prodigal_output/predicted_genes/predicted.faa
DEBUG:busco.busco_tools.Toolset	cmd call: hmmsearch --domtblout /home/montoliu/pprotegens/scripts/GCA_000828695.1_ASM82869v1_genomic/run_pseudomonadales_odb10/hmmer_output/42252at72274.out --cpu 1 /home/montoliu/pprotegens/scripts/busco_downloads/lineages/pseudomonadales_odb10/hmms/42252at72274.hmm /home/montoliu/pprotegens/scripts/GCA_000828695.1_ASM82869v1_genomic/prodigal_output/predicted_genes/predicted.faa
DEBUG:busco.busco_tools.Toolset	cmd call: hmmsearch --domtblout /home/montoliu/pprotegens/scripts/GCA_000828695.1_ASM82869v1_genomic/run_pseudomonadales_odb10/hmmer_output/11573at72274.out --cpu 1 /home/montoliu/pprotegens/scripts/busco_downloads/lineages/pseudomonadales_odb10/hmms/11573at72274.hmm /home/montoliu/pprotegens/scripts/GCA_000828695.1_ASM82869v1_genomic/prodigal_output/predicted_genes/predicted.faa
DEBUG:busco.busco_tools.Toolset	cmd call: hmmsearch --domtblout /home/montoliu/pprotegens/scripts/GCA_000828695.1_ASM82869v1_genomic/run_pseudomonadales_odb10/hmmer_output/38791at72274.out --cpu 1 /home/montoliu/pprotegens/scripts/busco_downloads/lineages/pseudomonadales_odb10/hmms/38791at72274.hmm /home/montoliu/pprotegens/scripts/GCA_000828695.1_ASM82869v1_genomic/prodigal_output/predicted_genes/predicted.faa
DEBUG:busco.busco_tools.Toolset	cmd call: hmmsearch --domtblout /home/montoliu/pprotegens/scripts/GCA_000828695.1_ASM82869v1_genomic/run_pseudomonadales_odb10/hmmer_output/37262at72274.out --cpu 1 /home/montoliu/pprotegens/scripts/busco_downloads/lineages/pseudomonadales_odb10/hmms/37262at72274.hmm /home/montoliu/pprotegens/scripts/GCA_000828695.1_ASM82869v1_genomic/prodigal_output/predicted_genes/predicted.faa
DEBUG:busco.busco_tools.Toolset	cmd call: hmmsearch --domtblout /home/montoliu/pprotegens/scripts/GCA_000828695.1_ASM82869v1_genomic/run_pseudomonadales_odb10/hmmer_output/40037at72274.out --cpu 1 /home/montoliu/pprotegens/scripts/busco_downloads/lineages/pseudomonadales_odb10/hmms/40037at72274.hmm /home/montoliu/pprotegens/scripts/GCA_000828695.1_ASM82869v1_genomic/prodigal_output/predicted_genes/predicted.faa
INFO:busco.busco_tools.Toolset	[hmmsearch]	313 of 782 task(s) completed
INFO:busco.busco_tools.Toolset	[hmmsearch]	313 of 782 task(s) completed
DEBUG:busco.busco_tools.Toolset	cmd call: hmmsearch --domtblout /home/montoliu/pprotegens/scripts/GCA_000828695.1_ASM82869v1_genomic/run_pseudomonadales_odb10/hmmer_output/42886at72274.out --cpu 1 /home/montoliu/pprotegens/scripts/busco_downloads/lineages/pseudomonadales_odb10/hmms/42886at72274.hmm /home/montoliu/pprotegens/scripts/GCA_000828695.1_ASM82869v1_genomic/prodigal_output/predicted_genes/predicted.faa
DEBUG:busco.busco_tools.Toolset	cmd call: hmmsearch --domtblout /home/montoliu/pprotegens/scripts/GCA_000828695.1_ASM82869v1_genomic/run_pseudomonadales_odb10/hmmer_output/36912at72274.out --cpu 1 /home/montoliu/pprotegens/scripts/busco_downloads/lineages/pseudomonadales_odb10/hmms/36912at72274.hmm /home/montoliu/pprotegens/scripts/GCA_000828695.1_ASM82869v1_genomic/prodigal_output/predicted_genes/predicted.faa
DEBUG:busco.busco_tools.Toolset	cmd call: hmmsearch --domtblout /home/montoliu/pprotegens/scripts/GCA_000828695.1_ASM82869v1_genomic/run_pseudomonadales_odb10/hmmer_output/43118at72274.out --cpu 1 /home/montoliu/pprotegens/scripts/busco_downloads/lineages/pseudomonadales_odb10/hmms/43118at72274.hmm /home/montoliu/pprotegens/scripts/GCA_000828695.1_ASM82869v1_genomic/prodigal_output/predicted_genes/predicted.faa
DEBUG:busco.busco_tools.Toolset	cmd call: hmmsearch --domtblout /home/montoliu/pprotegens/scripts/GCA_000828695.1_ASM82869v1_genomic/run_pseudomonadales_odb10/hmmer_output/38814at72274.out --cpu 1 /home/montoliu/pprotegens/scripts/busco_downloads/lineages/pseudomonadales_odb10/hmms/38814at72274.hmm /home/montoliu/pprotegens/scripts/GCA_000828695.1_ASM82869v1_genomic/prodigal_output/predicted_genes/predicted.faa
DEBUG:busco.busco_tools.Toolset	cmd call: hmmsearch --domtblout /home/montoliu/pprotegens/scripts/GCA_000828695.1_ASM82869v1_genomic/run_pseudomonadales_odb10/hmmer_output/391at72274.out --cpu 1 /home/montoliu/pprotegens/scripts/busco_downloads/lineages/pseudomonadales_odb10/hmms/391at72274.hmm /home/montoliu/pprotegens/scripts/GCA_000828695.1_ASM82869v1_genomic/prodigal_output/predicted_genes/predicted.faa
DEBUG:busco.busco_tools.Toolset	cmd call: hmmsearch --domtblout /home/montoliu/pprotegens/scripts/GCA_000828695.1_ASM82869v1_genomic/run_pseudomonadales_odb10/hmmer_output/36010at72274.out --cpu 1 /home/montoliu/pprotegens/scripts/busco_downloads/lineages/pseudomonadales_odb10/hmms/36010at72274.hmm /home/montoliu/pprotegens/scripts/GCA_000828695.1_ASM82869v1_genomic/prodigal_output/predicted_genes/predicted.faa
DEBUG:busco.busco_tools.Toolset	cmd call: hmmsearch --domtblout /home/montoliu/pprotegens/scripts/GCA_000828695.1_ASM82869v1_genomic/run_pseudomonadales_odb10/hmmer_output/40542at72274.out --cpu 1 /home/montoliu/pprotegens/scripts/busco_downloads/lineages/pseudomonadales_odb10/hmms/40542at72274.hmm /home/montoliu/pprotegens/scripts/GCA_000828695.1_ASM82869v1_genomic/prodigal_output/predicted_genes/predicted.faa
DEBUG:busco.busco_tools.Toolset	cmd call: hmmsearch --domtblout /home/montoliu/pprotegens/scripts/GCA_000828695.1_ASM82869v1_genomic/run_pseudomonadales_odb10/hmmer_output/43409at72274.out --cpu 1 /home/montoliu/pprotegens/scripts/busco_downloads/lineages/pseudomonadales_odb10/hmms/43409at72274.hmm /home/montoliu/pprotegens/scripts/GCA_000828695.1_ASM82869v1_genomic/prodigal_output/predicted_genes/predicted.faa
DEBUG:busco.busco_tools.Toolset	cmd call: hmmsearch --domtblout /home/montoliu/pprotegens/scripts/GCA_000828695.1_ASM82869v1_genomic/run_pseudomonadales_odb10/hmmer_output/43900at72274.out --cpu 1 /home/montoliu/pprotegens/scripts/busco_downloads/lineages/pseudomonadales_odb10/hmms/43900at72274.hmm /home/montoliu/pprotegens/scripts/GCA_000828695.1_ASM82869v1_genomic/prodigal_output/predicted_genes/predicted.faa
DEBUG:busco.busco_tools.Toolset	cmd call: hmmsearch --domtblout /home/montoliu/pprotegens/scripts/GCA_000828695.1_ASM82869v1_genomic/run_pseudomonadales_odb10/hmmer_output/39735at72274.out --cpu 1 /home/montoliu/pprotegens/scripts/busco_downloads/lineages/pseudomonadales_odb10/hmms/39735at72274.hmm /home/montoliu/pprotegens/scripts/GCA_000828695.1_ASM82869v1_genomic/prodigal_output/predicted_genes/predicted.faa
DEBUG:busco.busco_tools.Toolset	cmd call: hmmsearch --domtblout /home/montoliu/pprotegens/scripts/GCA_000828695.1_ASM82869v1_genomic/run_pseudomonadales_odb10/hmmer_output/4452at72274.out --cpu 1 /home/montoliu/pprotegens/scripts/busco_downloads/lineages/pseudomonadales_odb10/hmms/4452at72274.hmm /home/montoliu/pprotegens/scripts/GCA_000828695.1_ASM82869v1_genomic/prodigal_output/predicted_genes/predicted.faa
DEBUG:busco.busco_tools.Toolset	cmd call: hmmsearch --domtblout /home/montoliu/pprotegens/scripts/GCA_000828695.1_ASM82869v1_genomic/run_pseudomonadales_odb10/hmmer_output/44589at72274.out --cpu 1 /home/montoliu/pprotegens/scripts/busco_downloads/lineages/pseudomonadales_odb10/hmms/44589at72274.hmm /home/montoliu/pprotegens/scripts/GCA_000828695.1_ASM82869v1_genomic/prodigal_output/predicted_genes/predicted.faa
DEBUG:busco.busco_tools.Toolset	cmd call: hmmsearch --domtblout /home/montoliu/pprotegens/scripts/GCA_000828695.1_ASM82869v1_genomic/run_pseudomonadales_odb10/hmmer_output/11597at72274.out --cpu 1 /home/montoliu/pprotegens/scripts/busco_downloads/lineages/pseudomonadales_odb10/hmms/11597at72274.hmm /home/montoliu/pprotegens/scripts/GCA_000828695.1_ASM82869v1_genomic/prodigal_output/predicted_genes/predicted.faa
DEBUG:busco.busco_tools.Toolset	cmd call: hmmsearch --domtblout /home/montoliu/pprotegens/scripts/GCA_000828695.1_ASM82869v1_genomic/run_pseudomonadales_odb10/hmmer_output/45161at72274.out --cpu 1 /home/montoliu/pprotegens/scripts/busco_downloads/lineages/pseudomonadales_odb10/hmms/45161at72274.hmm /home/montoliu/pprotegens/scripts/GCA_000828695.1_ASM82869v1_genomic/prodigal_output/predicted_genes/predicted.faa
DEBUG:busco.busco_tools.Toolset	cmd call: hmmsearch --domtblout /home/montoliu/pprotegens/scripts/GCA_000828695.1_ASM82869v1_genomic/run_pseudomonadales_odb10/hmmer_output/33673at72274.out --cpu 1 /home/montoliu/pprotegens/scripts/busco_downloads/lineages/pseudomonadales_odb10/hmms/33673at72274.hmm /home/montoliu/pprotegens/scripts/GCA_000828695.1_ASM82869v1_genomic/prodigal_output/predicted_genes/predicted.faa
DEBUG:busco.busco_tools.Toolset	cmd call: hmmsearch --domtblout /home/montoliu/pprotegens/scripts/GCA_000828695.1_ASM82869v1_genomic/run_pseudomonadales_odb10/hmmer_output/40937at72274.out --cpu 1 /home/montoliu/pprotegens/scripts/busco_downloads/lineages/pseudomonadales_odb10/hmms/40937at72274.hmm /home/montoliu/pprotegens/scripts/GCA_000828695.1_ASM82869v1_genomic/prodigal_output/predicted_genes/predicted.faa
DEBUG:busco.busco_tools.Toolset	cmd call: hmmsearch --domtblout /home/montoliu/pprotegens/scripts/GCA_000828695.1_ASM82869v1_genomic/run_pseudomonadales_odb10/hmmer_output/41712at72274.out --cpu 1 /home/montoliu/pprotegens/scripts/busco_downloads/lineages/pseudomonadales_odb10/hmms/41712at72274.hmm /home/montoliu/pprotegens/scripts/GCA_000828695.1_ASM82869v1_genomic/prodigal_output/predicted_genes/predicted.faa
DEBUG:busco.busco_tools.Toolset	cmd call: hmmsearch --domtblout /home/montoliu/pprotegens/scripts/GCA_000828695.1_ASM82869v1_genomic/run_pseudomonadales_odb10/hmmer_output/45682at72274.out --cpu 1 /home/montoliu/pprotegens/scripts/busco_downloads/lineages/pseudomonadales_odb10/hmms/45682at72274.hmm /home/montoliu/pprotegens/scripts/GCA_000828695.1_ASM82869v1_genomic/prodigal_output/predicted_genes/predicted.faa
DEBUG:busco.busco_tools.Toolset	cmd call: hmmsearch --domtblout /home/montoliu/pprotegens/scripts/GCA_000828695.1_ASM82869v1_genomic/run_pseudomonadales_odb10/hmmer_output/45892at72274.out --cpu 1 /home/montoliu/pprotegens/scripts/busco_downloads/lineages/pseudomonadales_odb10/hmms/45892at72274.hmm /home/montoliu/pprotegens/scripts/GCA_000828695.1_ASM82869v1_genomic/prodigal_output/predicted_genes/predicted.faa
DEBUG:busco.busco_tools.Toolset	cmd call: hmmsearch --domtblout /home/montoliu/pprotegens/scripts/GCA_000828695.1_ASM82869v1_genomic/run_pseudomonadales_odb10/hmmer_output/46337at72274.out --cpu 1 /home/montoliu/pprotegens/scripts/busco_downloads/lineages/pseudomonadales_odb10/hmms/46337at72274.hmm /home/montoliu/pprotegens/scripts/GCA_000828695.1_ASM82869v1_genomic/prodigal_output/predicted_genes/predicted.faa
DEBUG:busco.busco_tools.Toolset	cmd call: hmmsearch --domtblout /home/montoliu/pprotegens/scripts/GCA_000828695.1_ASM82869v1_genomic/run_pseudomonadales_odb10/hmmer_output/46542at72274.out --cpu 1 /home/montoliu/pprotegens/scripts/busco_downloads/lineages/pseudomonadales_odb10/hmms/46542at72274.hmm /home/montoliu/pprotegens/scripts/GCA_000828695.1_ASM82869v1_genomic/prodigal_output/predicted_genes/predicted.faa
DEBUG:busco.busco_tools.Toolset	cmd call: hmmsearch --domtblout /home/montoliu/pprotegens/scripts/GCA_000828695.1_ASM82869v1_genomic/run_pseudomonadales_odb10/hmmer_output/42437at72274.out --cpu 1 /home/montoliu/pprotegens/scripts/busco_downloads/lineages/pseudomonadales_odb10/hmms/42437at72274.hmm /home/montoliu/pprotegens/scripts/GCA_000828695.1_ASM82869v1_genomic/prodigal_output/predicted_genes/predicted.faa
DEBUG:busco.busco_tools.Toolset	cmd call: hmmsearch --domtblout /home/montoliu/pprotegens/scripts/GCA_000828695.1_ASM82869v1_genomic/run_pseudomonadales_odb10/hmmer_output/47146at72274.out --cpu 1 /home/montoliu/pprotegens/scripts/busco_downloads/lineages/pseudomonadales_odb10/hmms/47146at72274.hmm /home/montoliu/pprotegens/scripts/GCA_000828695.1_ASM82869v1_genomic/prodigal_output/predicted_genes/predicted.faa
DEBUG:busco.busco_tools.Toolset	cmd call: hmmsearch --domtblout /home/montoliu/pprotegens/scripts/GCA_000828695.1_ASM82869v1_genomic/run_pseudomonadales_odb10/hmmer_output/47302at72274.out --cpu 1 /home/montoliu/pprotegens/scripts/busco_downloads/lineages/pseudomonadales_odb10/hmms/47302at72274.hmm /home/montoliu/pprotegens/scripts/GCA_000828695.1_ASM82869v1_genomic/prodigal_output/predicted_genes/predicted.faa
DEBUG:busco.busco_tools.Toolset	cmd call: hmmsearch --domtblout /home/montoliu/pprotegens/scripts/GCA_000828695.1_ASM82869v1_genomic/run_pseudomonadales_odb10/hmmer_output/41159at72274.out --cpu 1 /home/montoliu/pprotegens/scripts/busco_downloads/lineages/pseudomonadales_odb10/hmms/41159at72274.hmm /home/montoliu/pprotegens/scripts/GCA_000828695.1_ASM82869v1_genomic/prodigal_output/predicted_genes/predicted.faa
DEBUG:busco.busco_tools.Toolset	cmd call: hmmsearch --domtblout /home/montoliu/pprotegens/scripts/GCA_000828695.1_ASM82869v1_genomic/run_pseudomonadales_odb10/hmmer_output/43211at72274.out --cpu 1 /home/montoliu/pprotegens/scripts/busco_downloads/lineages/pseudomonadales_odb10/hmms/43211at72274.hmm /home/montoliu/pprotegens/scripts/GCA_000828695.1_ASM82869v1_genomic/prodigal_output/predicted_genes/predicted.faa
DEBUG:busco.busco_tools.Toolset	cmd call: hmmsearch --domtblout /home/montoliu/pprotegens/scripts/GCA_000828695.1_ASM82869v1_genomic/run_pseudomonadales_odb10/hmmer_output/47736at72274.out --cpu 1 /home/montoliu/pprotegens/scripts/busco_downloads/lineages/pseudomonadales_odb10/hmms/47736at72274.hmm /home/montoliu/pprotegens/scripts/GCA_000828695.1_ASM82869v1_genomic/prodigal_output/predicted_genes/predicted.faa
DEBUG:busco.busco_tools.Toolset	cmd call: hmmsearch --domtblout /home/montoliu/pprotegens/scripts/GCA_000828695.1_ASM82869v1_genomic/run_pseudomonadales_odb10/hmmer_output/39435at72274.out --cpu 1 /home/montoliu/pprotegens/scripts/busco_downloads/lineages/pseudomonadales_odb10/hmms/39435at72274.hmm /home/montoliu/pprotegens/scripts/GCA_000828695.1_ASM82869v1_genomic/prodigal_output/predicted_genes/predicted.faa
DEBUG:busco.busco_tools.Toolset	cmd call: hmmsearch --domtblout /home/montoliu/pprotegens/scripts/GCA_000828695.1_ASM82869v1_genomic/run_pseudomonadales_odb10/hmmer_output/44729at72274.out --cpu 1 /home/montoliu/pprotegens/scripts/busco_downloads/lineages/pseudomonadales_odb10/hmms/44729at72274.hmm /home/montoliu/pprotegens/scripts/GCA_000828695.1_ASM82869v1_genomic/prodigal_output/predicted_genes/predicted.faa
DEBUG:busco.busco_tools.Toolset	cmd call: hmmsearch --domtblout /home/montoliu/pprotegens/scripts/GCA_000828695.1_ASM82869v1_genomic/run_pseudomonadales_odb10/hmmer_output/38872at72274.out --cpu 1 /home/montoliu/pprotegens/scripts/busco_downloads/lineages/pseudomonadales_odb10/hmms/38872at72274.hmm /home/montoliu/pprotegens/scripts/GCA_000828695.1_ASM82869v1_genomic/prodigal_output/predicted_genes/predicted.faa
DEBUG:busco.busco_tools.Toolset	cmd call: hmmsearch --domtblout /home/montoliu/pprotegens/scripts/GCA_000828695.1_ASM82869v1_genomic/run_pseudomonadales_odb10/hmmer_output/46364at72274.out --cpu 1 /home/montoliu/pprotegens/scripts/busco_downloads/lineages/pseudomonadales_odb10/hmms/46364at72274.hmm /home/montoliu/pprotegens/scripts/GCA_000828695.1_ASM82869v1_genomic/prodigal_output/predicted_genes/predicted.faa
DEBUG:busco.busco_tools.Toolset	cmd call: hmmsearch --domtblout /home/montoliu/pprotegens/scripts/GCA_000828695.1_ASM82869v1_genomic/run_pseudomonadales_odb10/hmmer_output/45939at72274.out --cpu 1 /home/montoliu/pprotegens/scripts/busco_downloads/lineages/pseudomonadales_odb10/hmms/45939at72274.hmm /home/montoliu/pprotegens/scripts/GCA_000828695.1_ASM82869v1_genomic/prodigal_output/predicted_genes/predicted.faa
DEBUG:busco.busco_tools.Toolset	cmd call: hmmsearch --domtblout /home/montoliu/pprotegens/scripts/GCA_000828695.1_ASM82869v1_genomic/run_pseudomonadales_odb10/hmmer_output/47360at72274.out --cpu 1 /home/montoliu/pprotegens/scripts/busco_downloads/lineages/pseudomonadales_odb10/hmms/47360at72274.hmm /home/montoliu/pprotegens/scripts/GCA_000828695.1_ASM82869v1_genomic/prodigal_output/predicted_genes/predicted.faa
DEBUG:busco.busco_tools.Toolset	cmd call: hmmsearch --domtblout /home/montoliu/pprotegens/scripts/GCA_000828695.1_ASM82869v1_genomic/run_pseudomonadales_odb10/hmmer_output/40069at72274.out --cpu 1 /home/montoliu/pprotegens/scripts/busco_downloads/lineages/pseudomonadales_odb10/hmms/40069at72274.hmm /home/montoliu/pprotegens/scripts/GCA_000828695.1_ASM82869v1_genomic/prodigal_output/predicted_genes/predicted.faa
DEBUG:busco.busco_tools.Toolset	cmd call: hmmsearch --domtblout /home/montoliu/pprotegens/scripts/GCA_000828695.1_ASM82869v1_genomic/run_pseudomonadales_odb10/hmmer_output/4804at72274.out --cpu 1 /home/montoliu/pprotegens/scripts/busco_downloads/lineages/pseudomonadales_odb10/hmms/4804at72274.hmm /home/montoliu/pprotegens/scripts/GCA_000828695.1_ASM82869v1_genomic/prodigal_output/predicted_genes/predicted.faa
DEBUG:busco.busco_tools.Toolset	cmd call: hmmsearch --domtblout /home/montoliu/pprotegens/scripts/GCA_000828695.1_ASM82869v1_genomic/run_pseudomonadales_odb10/hmmer_output/46636at72274.out --cpu 1 /home/montoliu/pprotegens/scripts/busco_downloads/lineages/pseudomonadales_odb10/hmms/46636at72274.hmm /home/montoliu/pprotegens/scripts/GCA_000828695.1_ASM82869v1_genomic/prodigal_output/predicted_genes/predicted.faa
DEBUG:busco.busco_tools.Toolset	cmd call: hmmsearch --domtblout /home/montoliu/pprotegens/scripts/GCA_000828695.1_ASM82869v1_genomic/run_pseudomonadales_odb10/hmmer_output/43579at72274.out --cpu 1 /home/montoliu/pprotegens/scripts/busco_downloads/lineages/pseudomonadales_odb10/hmms/43579at72274.hmm /home/montoliu/pprotegens/scripts/GCA_000828695.1_ASM82869v1_genomic/prodigal_output/predicted_genes/predicted.faa
DEBUG:busco.busco_tools.Toolset	cmd call: hmmsearch --domtblout /home/montoliu/pprotegens/scripts/GCA_000828695.1_ASM82869v1_genomic/run_pseudomonadales_odb10/hmmer_output/11748at72274.out --cpu 1 /home/montoliu/pprotegens/scripts/busco_downloads/lineages/pseudomonadales_odb10/hmms/11748at72274.hmm /home/montoliu/pprotegens/scripts/GCA_000828695.1_ASM82869v1_genomic/prodigal_output/predicted_genes/predicted.faa
DEBUG:busco.busco_tools.Toolset	cmd call: hmmsearch --domtblout /home/montoliu/pprotegens/scripts/GCA_000828695.1_ASM82869v1_genomic/run_pseudomonadales_odb10/hmmer_output/40643at72274.out --cpu 1 /home/montoliu/pprotegens/scripts/busco_downloads/lineages/pseudomonadales_odb10/hmms/40643at72274.hmm /home/montoliu/pprotegens/scripts/GCA_000828695.1_ASM82869v1_genomic/prodigal_output/predicted_genes/predicted.faa
DEBUG:busco.busco_tools.Toolset	cmd call: hmmsearch --domtblout /home/montoliu/pprotegens/scripts/GCA_000828695.1_ASM82869v1_genomic/run_pseudomonadales_odb10/hmmer_output/45692at72274.out --cpu 1 /home/montoliu/pprotegens/scripts/busco_downloads/lineages/pseudomonadales_odb10/hmms/45692at72274.hmm /home/montoliu/pprotegens/scripts/GCA_000828695.1_ASM82869v1_genomic/prodigal_output/predicted_genes/predicted.faa
DEBUG:busco.busco_tools.Toolset	cmd call: hmmsearch --domtblout /home/montoliu/pprotegens/scripts/GCA_000828695.1_ASM82869v1_genomic/run_pseudomonadales_odb10/hmmer_output/42895at72274.out --cpu 1 /home/montoliu/pprotegens/scripts/busco_downloads/lineages/pseudomonadales_odb10/hmms/42895at72274.hmm /home/montoliu/pprotegens/scripts/GCA_000828695.1_ASM82869v1_genomic/prodigal_output/predicted_genes/predicted.faa
DEBUG:busco.busco_tools.Toolset	cmd call: hmmsearch --domtblout /home/montoliu/pprotegens/scripts/GCA_000828695.1_ASM82869v1_genomic/run_pseudomonadales_odb10/hmmer_output/44537at72274.out --cpu 1 /home/montoliu/pprotegens/scripts/busco_downloads/lineages/pseudomonadales_odb10/hmms/44537at72274.hmm /home/montoliu/pprotegens/scripts/GCA_000828695.1_ASM82869v1_genomic/prodigal_output/predicted_genes/predicted.faa
DEBUG:busco.busco_tools.Toolset	cmd call: hmmsearch --domtblout /home/montoliu/pprotegens/scripts/GCA_000828695.1_ASM82869v1_genomic/run_pseudomonadales_odb10/hmmer_output/25716at72274.out --cpu 1 /home/montoliu/pprotegens/scripts/busco_downloads/lineages/pseudomonadales_odb10/hmms/25716at72274.hmm /home/montoliu/pprotegens/scripts/GCA_000828695.1_ASM82869v1_genomic/prodigal_output/predicted_genes/predicted.faa
DEBUG:busco.busco_tools.Toolset	cmd call: hmmsearch --domtblout /home/montoliu/pprotegens/scripts/GCA_000828695.1_ASM82869v1_genomic/run_pseudomonadales_odb10/hmmer_output/43937at72274.out --cpu 1 /home/montoliu/pprotegens/scripts/busco_downloads/lineages/pseudomonadales_odb10/hmms/43937at72274.hmm /home/montoliu/pprotegens/scripts/GCA_000828695.1_ASM82869v1_genomic/prodigal_output/predicted_genes/predicted.faa
DEBUG:busco.busco_tools.Toolset	cmd call: hmmsearch --domtblout /home/montoliu/pprotegens/scripts/GCA_000828695.1_ASM82869v1_genomic/run_pseudomonadales_odb10/hmmer_output/48558at72274.out --cpu 1 /home/montoliu/pprotegens/scripts/busco_downloads/lineages/pseudomonadales_odb10/hmms/48558at72274.hmm /home/montoliu/pprotegens/scripts/GCA_000828695.1_ASM82869v1_genomic/prodigal_output/predicted_genes/predicted.faa
DEBUG:busco.busco_tools.Toolset	cmd call: hmmsearch --domtblout /home/montoliu/pprotegens/scripts/GCA_000828695.1_ASM82869v1_genomic/run_pseudomonadales_odb10/hmmer_output/41068at72274.out --cpu 1 /home/montoliu/pprotegens/scripts/busco_downloads/lineages/pseudomonadales_odb10/hmms/41068at72274.hmm /home/montoliu/pprotegens/scripts/GCA_000828695.1_ASM82869v1_genomic/prodigal_output/predicted_genes/predicted.faa
DEBUG:busco.busco_tools.Toolset	cmd call: hmmsearch --domtblout /home/montoliu/pprotegens/scripts/GCA_000828695.1_ASM82869v1_genomic/run_pseudomonadales_odb10/hmmer_output/39772at72274.out --cpu 1 /home/montoliu/pprotegens/scripts/busco_downloads/lineages/pseudomonadales_odb10/hmms/39772at72274.hmm /home/montoliu/pprotegens/scripts/GCA_000828695.1_ASM82869v1_genomic/prodigal_output/predicted_genes/predicted.faa
DEBUG:busco.busco_tools.Toolset	cmd call: hmmsearch --domtblout /home/montoliu/pprotegens/scripts/GCA_000828695.1_ASM82869v1_genomic/run_pseudomonadales_odb10/hmmer_output/41734at72274.out --cpu 1 /home/montoliu/pprotegens/scripts/busco_downloads/lineages/pseudomonadales_odb10/hmms/41734at72274.hmm /home/montoliu/pprotegens/scripts/GCA_000828695.1_ASM82869v1_genomic/prodigal_output/predicted_genes/predicted.faa
DEBUG:busco.busco_tools.Toolset	cmd call: hmmsearch --domtblout /home/montoliu/pprotegens/scripts/GCA_000828695.1_ASM82869v1_genomic/run_pseudomonadales_odb10/hmmer_output/45232at72274.out --cpu 1 /home/montoliu/pprotegens/scripts/busco_downloads/lineages/pseudomonadales_odb10/hmms/45232at72274.hmm /home/montoliu/pprotegens/scripts/GCA_000828695.1_ASM82869v1_genomic/prodigal_output/predicted_genes/predicted.faa
DEBUG:busco.busco_tools.Toolset	cmd call: hmmsearch --domtblout /home/montoliu/pprotegens/scripts/GCA_000828695.1_ASM82869v1_genomic/run_pseudomonadales_odb10/hmmer_output/48900at72274.out --cpu 1 /home/montoliu/pprotegens/scripts/busco_downloads/lineages/pseudomonadales_odb10/hmms/48900at72274.hmm /home/montoliu/pprotegens/scripts/GCA_000828695.1_ASM82869v1_genomic/prodigal_output/predicted_genes/predicted.faa
DEBUG:busco.busco_tools.Toolset	cmd call: hmmsearch --domtblout /home/montoliu/pprotegens/scripts/GCA_000828695.1_ASM82869v1_genomic/run_pseudomonadales_odb10/hmmer_output/41161at72274.out --cpu 1 /home/montoliu/pprotegens/scripts/busco_downloads/lineages/pseudomonadales_odb10/hmms/41161at72274.hmm /home/montoliu/pprotegens/scripts/GCA_000828695.1_ASM82869v1_genomic/prodigal_output/predicted_genes/predicted.faa
DEBUG:busco.busco_tools.Toolset	cmd call: hmmsearch --domtblout /home/montoliu/pprotegens/scripts/GCA_000828695.1_ASM82869v1_genomic/run_pseudomonadales_odb10/hmmer_output/47147at72274.out --cpu 1 /home/montoliu/pprotegens/scripts/busco_downloads/lineages/pseudomonadales_odb10/hmms/47147at72274.hmm /home/montoliu/pprotegens/scripts/GCA_000828695.1_ASM82869v1_genomic/prodigal_output/predicted_genes/predicted.faa
DEBUG:busco.busco_tools.Toolset	cmd call: hmmsearch --domtblout /home/montoliu/pprotegens/scripts/GCA_000828695.1_ASM82869v1_genomic/run_pseudomonadales_odb10/hmmer_output/47841at72274.out --cpu 1 /home/montoliu/pprotegens/scripts/busco_downloads/lineages/pseudomonadales_odb10/hmms/47841at72274.hmm /home/montoliu/pprotegens/scripts/GCA_000828695.1_ASM82869v1_genomic/prodigal_output/predicted_genes/predicted.faa
DEBUG:busco.busco_tools.Toolset	cmd call: hmmsearch --domtblout /home/montoliu/pprotegens/scripts/GCA_000828695.1_ASM82869v1_genomic/run_pseudomonadales_odb10/hmmer_output/43214at72274.out --cpu 1 /home/montoliu/pprotegens/scripts/busco_downloads/lineages/pseudomonadales_odb10/hmms/43214at72274.hmm /home/montoliu/pprotegens/scripts/GCA_000828695.1_ASM82869v1_genomic/prodigal_output/predicted_genes/predicted.faa
DEBUG:busco.busco_tools.Toolset	cmd call: hmmsearch --domtblout /home/montoliu/pprotegens/scripts/GCA_000828695.1_ASM82869v1_genomic/run_pseudomonadales_odb10/hmmer_output/38984at72274.out --cpu 1 /home/montoliu/pprotegens/scripts/busco_downloads/lineages/pseudomonadales_odb10/hmms/38984at72274.hmm /home/montoliu/pprotegens/scripts/GCA_000828695.1_ASM82869v1_genomic/prodigal_output/predicted_genes/predicted.faa
DEBUG:busco.busco_tools.Toolset	cmd call: hmmsearch --domtblout /home/montoliu/pprotegens/scripts/GCA_000828695.1_ASM82869v1_genomic/run_pseudomonadales_odb10/hmmer_output/4619at72274.out --cpu 1 /home/montoliu/pprotegens/scripts/busco_downloads/lineages/pseudomonadales_odb10/hmms/4619at72274.hmm /home/montoliu/pprotegens/scripts/GCA_000828695.1_ASM82869v1_genomic/prodigal_output/predicted_genes/predicted.faa
DEBUG:busco.busco_tools.Toolset	cmd call: hmmsearch --domtblout /home/montoliu/pprotegens/scripts/GCA_000828695.1_ASM82869v1_genomic/run_pseudomonadales_odb10/hmmer_output/47481at72274.out --cpu 1 /home/montoliu/pprotegens/scripts/busco_downloads/lineages/pseudomonadales_odb10/hmms/47481at72274.hmm /home/montoliu/pprotegens/scripts/GCA_000828695.1_ASM82869v1_genomic/prodigal_output/predicted_genes/predicted.faa
DEBUG:busco.busco_tools.Toolset	cmd call: hmmsearch --domtblout /home/montoliu/pprotegens/scripts/GCA_000828695.1_ASM82869v1_genomic/run_pseudomonadales_odb10/hmmer_output/3949at72274.out --cpu 1 /home/montoliu/pprotegens/scripts/busco_downloads/lineages/pseudomonadales_odb10/hmms/3949at72274.hmm /home/montoliu/pprotegens/scripts/GCA_000828695.1_ASM82869v1_genomic/prodigal_output/predicted_genes/predicted.faa
DEBUG:busco.busco_tools.Toolset	cmd call: hmmsearch --domtblout /home/montoliu/pprotegens/scripts/GCA_000828695.1_ASM82869v1_genomic/run_pseudomonadales_odb10/hmmer_output/46440at72274.out --cpu 1 /home/montoliu/pprotegens/scripts/busco_downloads/lineages/pseudomonadales_odb10/hmms/46440at72274.hmm /home/montoliu/pprotegens/scripts/GCA_000828695.1_ASM82869v1_genomic/prodigal_output/predicted_genes/predicted.faa
DEBUG:busco.busco_tools.Toolset	cmd call: hmmsearch --domtblout /home/montoliu/pprotegens/scripts/GCA_000828695.1_ASM82869v1_genomic/run_pseudomonadales_odb10/hmmer_output/40168at72274.out --cpu 1 /home/montoliu/pprotegens/scripts/busco_downloads/lineages/pseudomonadales_odb10/hmms/40168at72274.hmm /home/montoliu/pprotegens/scripts/GCA_000828695.1_ASM82869v1_genomic/prodigal_output/predicted_genes/predicted.faa
DEBUG:busco.busco_tools.Toolset	cmd call: hmmsearch --domtblout /home/montoliu/pprotegens/scripts/GCA_000828695.1_ASM82869v1_genomic/run_pseudomonadales_odb10/hmmer_output/44867at72274.out --cpu 1 /home/montoliu/pprotegens/scripts/busco_downloads/lineages/pseudomonadales_odb10/hmms/44867at72274.hmm /home/montoliu/pprotegens/scripts/GCA_000828695.1_ASM82869v1_genomic/prodigal_output/predicted_genes/predicted.faa
DEBUG:busco.busco_tools.Toolset	cmd call: hmmsearch --domtblout /home/montoliu/pprotegens/scripts/GCA_000828695.1_ASM82869v1_genomic/run_pseudomonadales_odb10/hmmer_output/23374at72274.out --cpu 1 /home/montoliu/pprotegens/scripts/busco_downloads/lineages/pseudomonadales_odb10/hmms/23374at72274.hmm /home/montoliu/pprotegens/scripts/GCA_000828695.1_ASM82869v1_genomic/prodigal_output/predicted_genes/predicted.faa
DEBUG:busco.busco_tools.Toolset	cmd call: hmmsearch --domtblout /home/montoliu/pprotegens/scripts/GCA_000828695.1_ASM82869v1_genomic/run_pseudomonadales_odb10/hmmer_output/48247at72274.out --cpu 1 /home/montoliu/pprotegens/scripts/busco_downloads/lineages/pseudomonadales_odb10/hmms/48247at72274.hmm /home/montoliu/pprotegens/scripts/GCA_000828695.1_ASM82869v1_genomic/prodigal_output/predicted_genes/predicted.faa
DEBUG:busco.busco_tools.Toolset	cmd call: hmmsearch --domtblout /home/montoliu/pprotegens/scripts/GCA_000828695.1_ASM82869v1_genomic/run_pseudomonadales_odb10/hmmer_output/48572at72274.out --cpu 1 /home/montoliu/pprotegens/scripts/busco_downloads/lineages/pseudomonadales_odb10/hmms/48572at72274.hmm /home/montoliu/pprotegens/scripts/GCA_000828695.1_ASM82869v1_genomic/prodigal_output/predicted_genes/predicted.faa
DEBUG:busco.busco_tools.Toolset	cmd call: hmmsearch --domtblout /home/montoliu/pprotegens/scripts/GCA_000828695.1_ASM82869v1_genomic/run_pseudomonadales_odb10/hmmer_output/43003at72274.out --cpu 1 /home/montoliu/pprotegens/scripts/busco_downloads/lineages/pseudomonadales_odb10/hmms/43003at72274.hmm /home/montoliu/pprotegens/scripts/GCA_000828695.1_ASM82869v1_genomic/prodigal_output/predicted_genes/predicted.faa
DEBUG:busco.busco_tools.Toolset	cmd call: hmmsearch --domtblout /home/montoliu/pprotegens/scripts/GCA_000828695.1_ASM82869v1_genomic/run_pseudomonadales_odb10/hmmer_output/48988at72274.out --cpu 1 /home/montoliu/pprotegens/scripts/busco_downloads/lineages/pseudomonadales_odb10/hmms/48988at72274.hmm /home/montoliu/pprotegens/scripts/GCA_000828695.1_ASM82869v1_genomic/prodigal_output/predicted_genes/predicted.faa
DEBUG:busco.busco_tools.Toolset	cmd call: hmmsearch --domtblout /home/montoliu/pprotegens/scripts/GCA_000828695.1_ASM82869v1_genomic/run_pseudomonadales_odb10/hmmer_output/436at72274.out --cpu 1 /home/montoliu/pprotegens/scripts/busco_downloads/lineages/pseudomonadales_odb10/hmms/436at72274.hmm /home/montoliu/pprotegens/scripts/GCA_000828695.1_ASM82869v1_genomic/prodigal_output/predicted_genes/predicted.faa
DEBUG:busco.busco_tools.Toolset	cmd call: hmmsearch --domtblout /home/montoliu/pprotegens/scripts/GCA_000828695.1_ASM82869v1_genomic/run_pseudomonadales_odb10/hmmer_output/44547at72274.out --cpu 1 /home/montoliu/pprotegens/scripts/busco_downloads/lineages/pseudomonadales_odb10/hmms/44547at72274.hmm /home/montoliu/pprotegens/scripts/GCA_000828695.1_ASM82869v1_genomic/prodigal_output/predicted_genes/predicted.faa
DEBUG:busco.busco_tools.Toolset	cmd call: hmmsearch --domtblout /home/montoliu/pprotegens/scripts/GCA_000828695.1_ASM82869v1_genomic/run_pseudomonadales_odb10/hmmer_output/41857at72274.out --cpu 1 /home/montoliu/pprotegens/scripts/busco_downloads/lineages/pseudomonadales_odb10/hmms/41857at72274.hmm /home/montoliu/pprotegens/scripts/GCA_000828695.1_ASM82869v1_genomic/prodigal_output/predicted_genes/predicted.faa
DEBUG:busco.busco_tools.Toolset	cmd call: hmmsearch --domtblout /home/montoliu/pprotegens/scripts/GCA_000828695.1_ASM82869v1_genomic/run_pseudomonadales_odb10/hmmer_output/49421at72274.out --cpu 1 /home/montoliu/pprotegens/scripts/busco_downloads/lineages/pseudomonadales_odb10/hmms/49421at72274.hmm /home/montoliu/pprotegens/scripts/GCA_000828695.1_ASM82869v1_genomic/prodigal_output/predicted_genes/predicted.faa
DEBUG:busco.busco_tools.Toolset	cmd call: hmmsearch --domtblout /home/montoliu/pprotegens/scripts/GCA_000828695.1_ASM82869v1_genomic/run_pseudomonadales_odb10/hmmer_output/41090at72274.out --cpu 1 /home/montoliu/pprotegens/scripts/busco_downloads/lineages/pseudomonadales_odb10/hmms/41090at72274.hmm /home/montoliu/pprotegens/scripts/GCA_000828695.1_ASM82869v1_genomic/prodigal_output/predicted_genes/predicted.faa
DEBUG:busco.busco_tools.Toolset	cmd call: hmmsearch --domtblout /home/montoliu/pprotegens/scripts/GCA_000828695.1_ASM82869v1_genomic/run_pseudomonadales_odb10/hmmer_output/46726at72274.out --cpu 1 /home/montoliu/pprotegens/scripts/busco_downloads/lineages/pseudomonadales_odb10/hmms/46726at72274.hmm /home/montoliu/pprotegens/scripts/GCA_000828695.1_ASM82869v1_genomic/prodigal_output/predicted_genes/predicted.faa
DEBUG:busco.busco_tools.Toolset	cmd call: hmmsearch --domtblout /home/montoliu/pprotegens/scripts/GCA_000828695.1_ASM82869v1_genomic/run_pseudomonadales_odb10/hmmer_output/47190at72274.out --cpu 1 /home/montoliu/pprotegens/scripts/busco_downloads/lineages/pseudomonadales_odb10/hmms/47190at72274.hmm /home/montoliu/pprotegens/scripts/GCA_000828695.1_ASM82869v1_genomic/prodigal_output/predicted_genes/predicted.faa
DEBUG:busco.busco_tools.Toolset	cmd call: hmmsearch --domtblout /home/montoliu/pprotegens/scripts/GCA_000828695.1_ASM82869v1_genomic/run_pseudomonadales_odb10/hmmer_output/25878at72274.out --cpu 1 /home/montoliu/pprotegens/scripts/busco_downloads/lineages/pseudomonadales_odb10/hmms/25878at72274.hmm /home/montoliu/pprotegens/scripts/GCA_000828695.1_ASM82869v1_genomic/prodigal_output/predicted_genes/predicted.faa
DEBUG:busco.busco_tools.Toolset	cmd call: hmmsearch --domtblout /home/montoliu/pprotegens/scripts/GCA_000828695.1_ASM82869v1_genomic/run_pseudomonadales_odb10/hmmer_output/41399at72274.out --cpu 1 /home/montoliu/pprotegens/scripts/busco_downloads/lineages/pseudomonadales_odb10/hmms/41399at72274.hmm /home/montoliu/pprotegens/scripts/GCA_000828695.1_ASM82869v1_genomic/prodigal_output/predicted_genes/predicted.faa
DEBUG:busco.busco_tools.Toolset	cmd call: hmmsearch --domtblout /home/montoliu/pprotegens/scripts/GCA_000828695.1_ASM82869v1_genomic/run_pseudomonadales_odb10/hmmer_output/45381at72274.out --cpu 1 /home/montoliu/pprotegens/scripts/busco_downloads/lineages/pseudomonadales_odb10/hmms/45381at72274.hmm /home/montoliu/pprotegens/scripts/GCA_000828695.1_ASM82869v1_genomic/prodigal_output/predicted_genes/predicted.faa
DEBUG:busco.busco_tools.Toolset	cmd call: hmmsearch --domtblout /home/montoliu/pprotegens/scripts/GCA_000828695.1_ASM82869v1_genomic/run_pseudomonadales_odb10/hmmer_output/44104at72274.out --cpu 1 /home/montoliu/pprotegens/scripts/busco_downloads/lineages/pseudomonadales_odb10/hmms/44104at72274.hmm /home/montoliu/pprotegens/scripts/GCA_000828695.1_ASM82869v1_genomic/prodigal_output/predicted_genes/predicted.faa
DEBUG:busco.busco_tools.Toolset	cmd call: hmmsearch --domtblout /home/montoliu/pprotegens/scripts/GCA_000828695.1_ASM82869v1_genomic/run_pseudomonadales_odb10/hmmer_output/4074at72274.out --cpu 1 /home/montoliu/pprotegens/scripts/busco_downloads/lineages/pseudomonadales_odb10/hmms/4074at72274.hmm /home/montoliu/pprotegens/scripts/GCA_000828695.1_ASM82869v1_genomic/prodigal_output/predicted_genes/predicted.faa
DEBUG:busco.busco_tools.Toolset	cmd call: hmmsearch --domtblout /home/montoliu/pprotegens/scripts/GCA_000828695.1_ASM82869v1_genomic/run_pseudomonadales_odb10/hmmer_output/45745at72274.out --cpu 1 /home/montoliu/pprotegens/scripts/busco_downloads/lineages/pseudomonadales_odb10/hmms/45745at72274.hmm /home/montoliu/pprotegens/scripts/GCA_000828695.1_ASM82869v1_genomic/prodigal_output/predicted_genes/predicted.faa
DEBUG:busco.busco_tools.Toolset	cmd call: hmmsearch --domtblout /home/montoliu/pprotegens/scripts/GCA_000828695.1_ASM82869v1_genomic/run_pseudomonadales_odb10/hmmer_output/39803at72274.out --cpu 1 /home/montoliu/pprotegens/scripts/busco_downloads/lineages/pseudomonadales_odb10/hmms/39803at72274.hmm /home/montoliu/pprotegens/scripts/GCA_000828695.1_ASM82869v1_genomic/prodigal_output/predicted_genes/predicted.faa
DEBUG:busco.busco_tools.Toolset	cmd call: hmmsearch --domtblout /home/montoliu/pprotegens/scripts/GCA_000828695.1_ASM82869v1_genomic/run_pseudomonadales_odb10/hmmer_output/47876at72274.out --cpu 1 /home/montoliu/pprotegens/scripts/busco_downloads/lineages/pseudomonadales_odb10/hmms/47876at72274.hmm /home/montoliu/pprotegens/scripts/GCA_000828695.1_ASM82869v1_genomic/prodigal_output/predicted_genes/predicted.faa
DEBUG:busco.busco_tools.Toolset	cmd call: hmmsearch --domtblout /home/montoliu/pprotegens/scripts/GCA_000828695.1_ASM82869v1_genomic/run_pseudomonadales_odb10/hmmer_output/43254at72274.out --cpu 1 /home/montoliu/pprotegens/scripts/busco_downloads/lineages/pseudomonadales_odb10/hmms/43254at72274.hmm /home/montoliu/pprotegens/scripts/GCA_000828695.1_ASM82869v1_genomic/prodigal_output/predicted_genes/predicted.faa
INFO:busco.busco_tools.Toolset	[hmmsearch]	392 of 782 task(s) completed
DEBUG:busco.busco_tools.Toolset	cmd call: hmmsearch --domtblout /home/montoliu/pprotegens/scripts/GCA_000828695.1_ASM82869v1_genomic/run_pseudomonadales_odb10/hmmer_output/45084at72274.out --cpu 1 /home/montoliu/pprotegens/scripts/busco_downloads/lineages/pseudomonadales_odb10/hmms/45084at72274.hmm /home/montoliu/pprotegens/scripts/GCA_000828695.1_ASM82869v1_genomic/prodigal_output/predicted_genes/predicted.faa
DEBUG:busco.busco_tools.Toolset	cmd call: hmmsearch --domtblout /home/montoliu/pprotegens/scripts/GCA_000828695.1_ASM82869v1_genomic/run_pseudomonadales_odb10/hmmer_output/47581at72274.out --cpu 1 /home/montoliu/pprotegens/scripts/busco_downloads/lineages/pseudomonadales_odb10/hmms/47581at72274.hmm /home/montoliu/pprotegens/scripts/GCA_000828695.1_ASM82869v1_genomic/prodigal_output/predicted_genes/predicted.faa
DEBUG:busco.busco_tools.Toolset	cmd call: hmmsearch --domtblout /home/montoliu/pprotegens/scripts/GCA_000828695.1_ASM82869v1_genomic/run_pseudomonadales_odb10/hmmer_output/46231at72274.out --cpu 1 /home/montoliu/pprotegens/scripts/busco_downloads/lineages/pseudomonadales_odb10/hmms/46231at72274.hmm /home/montoliu/pprotegens/scripts/GCA_000828695.1_ASM82869v1_genomic/prodigal_output/predicted_genes/predicted.faa
DEBUG:busco.busco_tools.Toolset	cmd call: hmmsearch --domtblout /home/montoliu/pprotegens/scripts/GCA_000828695.1_ASM82869v1_genomic/run_pseudomonadales_odb10/hmmer_output/5009at72274.out --cpu 1 /home/montoliu/pprotegens/scripts/busco_downloads/lineages/pseudomonadales_odb10/hmms/5009at72274.hmm /home/montoliu/pprotegens/scripts/GCA_000828695.1_ASM82869v1_genomic/prodigal_output/predicted_genes/predicted.faa
DEBUG:busco.busco_tools.Toolset	cmd call: hmmsearch --domtblout /home/montoliu/pprotegens/scripts/GCA_000828695.1_ASM82869v1_genomic/run_pseudomonadales_odb10/hmmer_output/46446at72274.out --cpu 1 /home/montoliu/pprotegens/scripts/busco_downloads/lineages/pseudomonadales_odb10/hmms/46446at72274.hmm /home/montoliu/pprotegens/scripts/GCA_000828695.1_ASM82869v1_genomic/prodigal_output/predicted_genes/predicted.faa
DEBUG:busco.busco_tools.Toolset	cmd call: hmmsearch --domtblout /home/montoliu/pprotegens/scripts/GCA_000828695.1_ASM82869v1_genomic/run_pseudomonadales_odb10/hmmer_output/50394at72274.out --cpu 1 /home/montoliu/pprotegens/scripts/busco_downloads/lineages/pseudomonadales_odb10/hmms/50394at72274.hmm /home/montoliu/pprotegens/scripts/GCA_000828695.1_ASM82869v1_genomic/prodigal_output/predicted_genes/predicted.faa
DEBUG:busco.busco_tools.Toolset	cmd call: hmmsearch --domtblout /home/montoliu/pprotegens/scripts/GCA_000828695.1_ASM82869v1_genomic/run_pseudomonadales_odb10/hmmer_output/5089at72274.out --cpu 1 /home/montoliu/pprotegens/scripts/busco_downloads/lineages/pseudomonadales_odb10/hmms/5089at72274.hmm /home/montoliu/pprotegens/scripts/GCA_000828695.1_ASM82869v1_genomic/prodigal_output/predicted_genes/predicted.faa
DEBUG:busco.busco_tools.Toolset	cmd call: hmmsearch --domtblout /home/montoliu/pprotegens/scripts/GCA_000828695.1_ASM82869v1_genomic/run_pseudomonadales_odb10/hmmer_output/40319at72274.out --cpu 1 /home/montoliu/pprotegens/scripts/busco_downloads/lineages/pseudomonadales_odb10/hmms/40319at72274.hmm /home/montoliu/pprotegens/scripts/GCA_000828695.1_ASM82869v1_genomic/prodigal_output/predicted_genes/predicted.faa
DEBUG:busco.busco_tools.Toolset	cmd call: hmmsearch --domtblout /home/montoliu/pprotegens/scripts/GCA_000828695.1_ASM82869v1_genomic/run_pseudomonadales_odb10/hmmer_output/43014at72274.out --cpu 1 /home/montoliu/pprotegens/scripts/busco_downloads/lineages/pseudomonadales_odb10/hmms/43014at72274.hmm /home/montoliu/pprotegens/scripts/GCA_000828695.1_ASM82869v1_genomic/prodigal_output/predicted_genes/predicted.faa
DEBUG:busco.busco_tools.Toolset	cmd call: hmmsearch --domtblout /home/montoliu/pprotegens/scripts/GCA_000828695.1_ASM82869v1_genomic/run_pseudomonadales_odb10/hmmer_output/49622at72274.out --cpu 1 /home/montoliu/pprotegens/scripts/busco_downloads/lineages/pseudomonadales_odb10/hmms/49622at72274.hmm /home/montoliu/pprotegens/scripts/GCA_000828695.1_ASM82869v1_genomic/prodigal_output/predicted_genes/predicted.faa
DEBUG:busco.busco_tools.Toolset	cmd call: hmmsearch --domtblout /home/montoliu/pprotegens/scripts/GCA_000828695.1_ASM82869v1_genomic/run_pseudomonadales_odb10/hmmer_output/41106at72274.out --cpu 1 /home/montoliu/pprotegens/scripts/busco_downloads/lineages/pseudomonadales_odb10/hmms/41106at72274.hmm /home/montoliu/pprotegens/scripts/GCA_000828695.1_ASM82869v1_genomic/prodigal_output/predicted_genes/predicted.faa
DEBUG:busco.busco_tools.Toolset	cmd call: hmmsearch --domtblout /home/montoliu/pprotegens/scripts/GCA_000828695.1_ASM82869v1_genomic/run_pseudomonadales_odb10/hmmer_output/48596at72274.out --cpu 1 /home/montoliu/pprotegens/scripts/busco_downloads/lineages/pseudomonadales_odb10/hmms/48596at72274.hmm /home/montoliu/pprotegens/scripts/GCA_000828695.1_ASM82869v1_genomic/prodigal_output/predicted_genes/predicted.faa
DEBUG:busco.busco_tools.Toolset	cmd call: hmmsearch --domtblout /home/montoliu/pprotegens/scripts/GCA_000828695.1_ASM82869v1_genomic/run_pseudomonadales_odb10/hmmer_output/48266at72274.out --cpu 1 /home/montoliu/pprotegens/scripts/busco_downloads/lineages/pseudomonadales_odb10/hmms/48266at72274.hmm /home/montoliu/pprotegens/scripts/GCA_000828695.1_ASM82869v1_genomic/prodigal_output/predicted_genes/predicted.faa
DEBUG:busco.busco_tools.Toolset	cmd call: hmmsearch --domtblout /home/montoliu/pprotegens/scripts/GCA_000828695.1_ASM82869v1_genomic/run_pseudomonadales_odb10/hmmer_output/44566at72274.out --cpu 1 /home/montoliu/pprotegens/scripts/busco_downloads/lineages/pseudomonadales_odb10/hmms/44566at72274.hmm /home/montoliu/pprotegens/scripts/GCA_000828695.1_ASM82869v1_genomic/prodigal_output/predicted_genes/predicted.faa
DEBUG:busco.busco_tools.Toolset	cmd call: hmmsearch --domtblout /home/montoliu/pprotegens/scripts/GCA_000828695.1_ASM82869v1_genomic/run_pseudomonadales_odb10/hmmer_output/41972at72274.out --cpu 1 /home/montoliu/pprotegens/scripts/busco_downloads/lineages/pseudomonadales_odb10/hmms/41972at72274.hmm /home/montoliu/pprotegens/scripts/GCA_000828695.1_ASM82869v1_genomic/prodigal_output/predicted_genes/predicted.faa
DEBUG:busco.busco_tools.Toolset	cmd call: hmmsearch --domtblout /home/montoliu/pprotegens/scripts/GCA_000828695.1_ASM82869v1_genomic/run_pseudomonadales_odb10/hmmer_output/48994at72274.out --cpu 1 /home/montoliu/pprotegens/scripts/busco_downloads/lineages/pseudomonadales_odb10/hmms/48994at72274.hmm /home/montoliu/pprotegens/scripts/GCA_000828695.1_ASM82869v1_genomic/prodigal_output/predicted_genes/predicted.faa
DEBUG:busco.busco_tools.Toolset	cmd call: hmmsearch --domtblout /home/montoliu/pprotegens/scripts/GCA_000828695.1_ASM82869v1_genomic/run_pseudomonadales_odb10/hmmer_output/43822at72274.out --cpu 1 /home/montoliu/pprotegens/scripts/busco_downloads/lineages/pseudomonadales_odb10/hmms/43822at72274.hmm /home/montoliu/pprotegens/scripts/GCA_000828695.1_ASM82869v1_genomic/prodigal_output/predicted_genes/predicted.faa
DEBUG:busco.busco_tools.Toolset	cmd call: hmmsearch --domtblout /home/montoliu/pprotegens/scripts/GCA_000828695.1_ASM82869v1_genomic/run_pseudomonadales_odb10/hmmer_output/4793at72274.out --cpu 1 /home/montoliu/pprotegens/scripts/busco_downloads/lineages/pseudomonadales_odb10/hmms/4793at72274.hmm /home/montoliu/pprotegens/scripts/GCA_000828695.1_ASM82869v1_genomic/prodigal_output/predicted_genes/predicted.faa
DEBUG:busco.busco_tools.Toolset	cmd call: hmmsearch --domtblout /home/montoliu/pprotegens/scripts/GCA_000828695.1_ASM82869v1_genomic/run_pseudomonadales_odb10/hmmer_output/41485at72274.out --cpu 1 /home/montoliu/pprotegens/scripts/busco_downloads/lineages/pseudomonadales_odb10/hmms/41485at72274.hmm /home/montoliu/pprotegens/scripts/GCA_000828695.1_ASM82869v1_genomic/prodigal_output/predicted_genes/predicted.faa
DEBUG:busco.busco_tools.Toolset	cmd call: hmmsearch --domtblout /home/montoliu/pprotegens/scripts/GCA_000828695.1_ASM82869v1_genomic/run_pseudomonadales_odb10/hmmer_output/47243at72274.out --cpu 1 /home/montoliu/pprotegens/scripts/busco_downloads/lineages/pseudomonadales_odb10/hmms/47243at72274.hmm /home/montoliu/pprotegens/scripts/GCA_000828695.1_ASM82869v1_genomic/prodigal_output/predicted_genes/predicted.faa
DEBUG:busco.busco_tools.Toolset	cmd call: hmmsearch --domtblout /home/montoliu/pprotegens/scripts/GCA_000828695.1_ASM82869v1_genomic/run_pseudomonadales_odb10/hmmer_output/25908at72274.out --cpu 1 /home/montoliu/pprotegens/scripts/busco_downloads/lineages/pseudomonadales_odb10/hmms/25908at72274.hmm /home/montoliu/pprotegens/scripts/GCA_000828695.1_ASM82869v1_genomic/prodigal_output/predicted_genes/predicted.faa
DEBUG:busco.busco_tools.Toolset	cmd call: hmmsearch --domtblout /home/montoliu/pprotegens/scripts/GCA_000828695.1_ASM82869v1_genomic/run_pseudomonadales_odb10/hmmer_output/4076at72274.out --cpu 1 /home/montoliu/pprotegens/scripts/busco_downloads/lineages/pseudomonadales_odb10/hmms/4076at72274.hmm /home/montoliu/pprotegens/scripts/GCA_000828695.1_ASM82869v1_genomic/prodigal_output/predicted_genes/predicted.faa
DEBUG:busco.busco_tools.Toolset	cmd call: hmmsearch --domtblout /home/montoliu/pprotegens/scripts/GCA_000828695.1_ASM82869v1_genomic/run_pseudomonadales_odb10/hmmer_output/3999at72274.out --cpu 1 /home/montoliu/pprotegens/scripts/busco_downloads/lineages/pseudomonadales_odb10/hmms/3999at72274.hmm /home/montoliu/pprotegens/scripts/GCA_000828695.1_ASM82869v1_genomic/prodigal_output/predicted_genes/predicted.faa
DEBUG:busco.busco_tools.Toolset	cmd call: hmmsearch --domtblout /home/montoliu/pprotegens/scripts/GCA_000828695.1_ASM82869v1_genomic/run_pseudomonadales_odb10/hmmer_output/44228at72274.out --cpu 1 /home/montoliu/pprotegens/scripts/busco_downloads/lineages/pseudomonadales_odb10/hmms/44228at72274.hmm /home/montoliu/pprotegens/scripts/GCA_000828695.1_ASM82869v1_genomic/prodigal_output/predicted_genes/predicted.faa
